sha256,malware,malware_family,confidence,first_seen,last_seen,reporter
"""04d3aefbcb6d2097f66a3ec053a2b17cb1af298a215f6299f691aae88992acd9"""," ""elf.mirai"""," ""Katana"""," ""90""",2026-10-05 02:47:05," """"","Mirai"""
"""7bf00a1235f6b53d07b70ab14df6e01274e8c3dfb28d509f58b9726302c07ec4"""," ""elf.mirai"""," ""Katana"""," ""90""",2026-10-05 02:47:04," """"",Gafgyt
"""a523cfc14a62483fd7efcb10cba0293816464ad5a3d9a88d90933da794a7bcb3"""," ""elf.mirai"""," ""Katana"""," ""90""",2026-10-05 02:47:04," """"",Gafgyt
"""028df8aee8f72443a51112f7864566492fea3f58c66a88f58a2add7b9e2b79a1"""," ""elf.mirai"""," ""Katana"""," ""90""",2026-10-05 02:47:03," """"",Gafgyt
"""e30fd3128e74c3dae990dc6b687ef8dbfeb795c350ab148a61dd2f1e17dd4c7f"""," ""elf.mirai"""," ""Katana"""," ""90""",2026-10-05 02:47:02," """"",Gafgyt
"""d02a2b2ab354156a83c618bbe18d1d572583f8a07b1098847c2ffa898596b1fa"""," ""elf.mirai"""," ""Katana"""," ""90""",2026-10-05 02:47:01," """"",Gafgyt
"""e44052175e3b86215758ad0696076ac0b006d1beed68a2b2f02529be5715993d"""," ""elf.mirai"""," ""Katana"""," ""90""",2026-10-05 02:47:00," """"",Gafgyt
"""c307a388df7b7091130f490d74c4458e1177cde98f910de505006cbbce3eba2c"""," ""elf.mirai"""," ""Katana"""," ""90""",2026-10-05 02:46:59," """"",Gafgyt
"""4faccd95d23724469122505b90cdfd280ff552528be38e73e2b969be90eb7380"""," ""elf.mirai"""," ""Katana"""," ""90""",2026-10-05 02:46:58," """"",Gafgyt
"""261eb5a77bb158237f309a830e90af849e3349b4c186737b9dcf27ecc7a54671"""," ""elf.mirai"""," ""Katana"""," ""90""",2026-10-05 02:46:57," """"",Gafgyt
"""2e538429e81c49a167f49c949eff7f8fb43b0c5af985a394bd7e4ca0669739b5"""," ""elf.mirai"""," ""Katana"""," ""90""",2026-10-05 02:46:56," """"","Mirai"""
"""917ff018b3ac87413e2210dd8b3beab5e642990c9656d257c8ebfae48b86a9ad"""," ""elf.mirai"""," ""Katana"""," ""90""",2026-10-05 02:46:55," """"","Mirai"""
"""2f6088d935286e13b3711d51cce302340bff48d82475cb89bfc75d7f05ebede2"""," ""elf.mirai"""," ""Katana"""," ""90""",2026-10-05 02:46:54," """"","Mirai"""
"""750922eb0a7eb9fdac0405bd2aaee3932b2ce82f6609ba0a7c443a5c861007ca"""," ""elf.mirai"""," ""Katana"""," ""90""",2026-10-05 02:46:53," """"","Mirai"""
"""3ba3ff1127b8f5b40e8a97329f9684059220ed22baa53def1febf8072626d4d4"""," ""elf.mirai"""," ""Katana"""," ""90""",2026-10-05 02:46:52," """"","Mirai"""
"""c98e5215787ff8bbe2a79d4afb6d6ef27d96ac75273bf220b915779c8f4b0192"""," ""elf.mirai"""," ""Katana"""," ""90""",2026-10-05 02:46:51," """"","Mirai"""
"""fd925cbfbeaeaac0cc2b5a30a5d89f0e44a341d8eb907f022805ce5bd0c05262"""," ""elf.mirai"""," ""Katana"""," ""90""",2026-10-05 02:46:50," """"","Mirai"""
"""068a7e1cbc2094d515d396b24d9ce6608b2002bf237256105fa9650484f2803e"""," ""elf.mirai"""," ""Katana"""," ""90""",2026-10-05 02:46:49," """"","Mirai"""
"""8a287d808ee098002248f03563da082e0939f9532d211c569c1937de62ef2cb9"""," ""elf.mirai"""," ""Katana"""," ""90""",2026-10-05 02:46:48," """"","Mirai"""
"""b22492242fc1846a189f5c1ab8f3472aebe638e8171c806889e0116095f52b96"""," ""win.phorpiex"""," ""Tldr","phorphiex""",2026-10-05 02:46:47,TwizT," ""False"""
"""9a6793920a2d997e2adc93870d89119ad18603ef165545bcbc2d089ca4a12f5f"""," ""elf.bashlite"""," ""gayfgt",torlus,2026-10-05 02:46:46,qbot," ""90"""
"""2e35846d260b22cbc0f15d54459389ad37e9b3fc3df0c1dd33b38ee1ab95b76b"""," ""elf.mirai"""," ""Katana"""," ""90""",2026-10-05 02:46:45," """"",Mirai
"""fbdca3aa5edbc6da025df617d23c51ca4a254faca641a796eb2044cc2ad5aae6"""," ""elf.mirai"""," ""Katana"""," ""90""",2026-10-05 02:46:44," """"",Mirai
"""da690a0f459e4c2167d0d5794a385bd7707a64e0b7e934b9f7d18b43b7065a81"""," ""win.deerstealer"""," ""None"""," ""90""",2026-10-05 02:46:43," """"",msi
"""d1f32be6a9d1bfdc0489d06224b16d99aaa641d9e7dc6faad142bde79eb09e1e"""," ""win.koiloader"""," ""None"""," ""90""",2026-10-05 02:46:42," """"",KoiLoader
"""4920d86f38fede1dc42d47420462cfbbe5ebea8df5bd26c1cc86c3c51874ebb4"""," ""elf.mirai"""," ""Katana"""," ""90""",2026-10-05 02:46:41," """"","Mirai"""
"""e40f480ee82af16cb91fbb7948a2b49c2c0560897f1e2e9fbe31f7ba93058b18"""," ""elf.mirai"""," ""Katana"""," ""90""",2026-10-05 02:46:40," """"","Mirai"""
"""9e15473230e5f7f5f0f4517a5d3bea7ce3df7d102829428d27c0f26cfc94327c"""," ""elf.mirai"""," ""Katana"""," ""90""",2026-10-05 02:46:39," """"","Mirai"""
"""97124f8c52a8e5ba74e6c1960059757f7a1f4a5c7c050c27cd31cc1b272330ce"""," ""elf.mirai"""," ""Katana"""," ""90""",2026-10-05 02:46:38," """"","Mirai"""
"""f38f3dc6d82a77fc285c7c7a9bd9ffd3d373c568f30301ccc302cfce8034f9db"""," ""elf.mirai"""," ""Katana"""," ""90""",2026-10-05 02:46:37," """"","Mirai"""
"""3f96f6753aa0729e6c08e2ae294558240428105dbd38b1708473e6d166b471f9"""," ""elf.mirai"""," ""Katana"""," ""90""",2026-10-05 02:46:36," """"","Mirai"""
"""64772f9fd0bc5337b36cedbc44f8e87c355029ef78eda9354c854a4a2e83efa0"""," ""elf.mirai"""," ""Katana"""," ""90""",2026-10-05 02:46:35," """"","Mirai"""
"""ac9a2105efe6f38edaaa6e5af711348aab21f46bf73e53e7bdc4de66082c746c"""," ""elf.mirai"""," ""Katana"""," ""90""",2026-10-05 02:46:34," """"","Mirai"""
"""089026c4c5cab42a00247e6802d9ea2672ce3f08ed14363cc120ff36bf634f62"""," ""elf.mirai"""," ""Katana"""," ""90""",2026-10-05 02:46:33," """"","Mirai"""
"""2648a65d91ed44dba57f7c3b6034e364e30b229e4ea1b9fddc6cc674594923ee"""," ""elf.mirai"""," ""Katana"""," ""90""",2026-10-05 02:46:32," """"",Gafgyt
"""d7f507977f30a4aa55f9568325244d9bb0286bf357ed0f29ab500168bc180319"""," ""elf.mirai"""," ""Katana"""," ""90""",2026-10-05 02:46:31," """"","Mirai"""
"""105cadd39caf4f1bb631211a78a59d5507eaa66d8473e3229751ef99540305e2"""," ""elf.bashlite"""," ""gayfgt",torlus,2026-10-05 02:46:30,qbot," ""90"""
"""13f851d47b120eb18d1b22ea6f412965a3ddffee3ab82857d0c975692d4e1c0c"""," ""elf.mirai"""," ""Katana"""," ""90""",2026-10-05 02:46:29," """"","Mirai"""
"""3d1461814ff235e644a9c698e8cf99e862ffbce931fcb17380c2bdf2f61de638"""," ""elf.mirai"""," ""Katana"""," ""90""",2026-10-05 02:46:28," """"","Mirai"""
"""93454bb24f440fb87464b0255adc9cc998555f040f49a1611f3473a10f369b26"""," ""elf.bashlite"""," ""gayfgt",torlus,2026-10-05 02:46:27,qbot," ""90"""
"""507611a45de2fa9f20c1e26e4274b655faf7f47cb2688a1782da25604a2e34c6"""," ""elf.mirai"""," ""Katana"""," ""90""",2026-10-05 02:46:26," """"","Mirai"""
"""fb7460f1febcc0f1e96f2df6c4b940f3beac750ce8cd1f30f98086400fbbe20e"""," ""win.coinminer"""," ""None"""," ""95""",2026-10-05 02:46:25," """"","exe"""
"""71d0b3cdb0e21a4ea729a4ab1668ecdd683e252d044b75938f292ea54ac31413"""," ""win.vshell"""," ""None"""," ""95""",2026-10-05 02:34:02," """""," ""0"""
"""3c3b6f5f7df0e8286fb8a0c2d77a807c132326fa1b3c4187889d188181c1e78b"""," ""win.coinminer"""," ""None"""," ""95""",2026-10-05 02:34:01," """""," ""0"""
"""ed69b232a3ac92a5e5f43757119af730f5d814305122a456132dad36a1d6a5fd"""," ""win.luca_stealer"""," ""None"""," ""95""",2026-10-05 02:34:00," """""," ""0"""
"""a3fcd1222767342c0d8962b8828fca4e65424ad76c05fe3144885629397a521c"""," ""win.xred"""," ""None"""," ""95""",2026-10-05 02:33:59," """""," ""0"""
"""493611327d5d4fe06460977a0295586a9a67434ffc90282a69028fa1f12e3ce9"""," ""win.neshta"""," ""None"""," ""95""",2026-10-05 02:33:58," """""," ""0"""
"""1fee1a85a3ed0c8b58f6c7eca67936f89a437a85ace95c5017992f853117d1b7"""," ""win.vshell"""," ""None"""," ""95""",2026-10-05 02:33:57," """""," ""0"""
"""12d0cfedae1778a72603e49a461d7c7375a58c800d8ced9acf8cf04c3321dd1b"""," ""win.coinminer"""," ""None"""," ""95""",2026-10-05 02:33:56," """""," ""0"""
"""37df7136ea350adee09219edab16c2e2ee2bfa4d5145295a32294c4e2b3e67b2"""," ""py.venus_stealer"""," ""None"""," ""95""",2026-10-05 02:33:55," """""," ""0"""
"""bd296ff393a98cde9f95de9a44567fdae94f40b55a6d1f02d58b8e58f0ff7f2d"""," ""win.pure_rat"""," ""PureHVNC"," """"",2026-10-05 02:33:54," ""PureRAT"""," ""None"""
"""f10af0c42a22451276da002c581c9e38cddbbc7dc91d8319dce9a5b394e34020"""," ""py.pxa_stealer"""," ""PXAStealer"," """"",2026-10-05 02:33:53," ""PXA Stealer"""," ""None"""
"""9aa4acefa5e466252b942bfba34fe6e2ae5efa60ed3053d9aeba42bd422ff850"""," ""win.valley_rat"""," ""Winos"""," ""95""",2026-10-05 02:33:52," """""," ""0"""
"""bd6e1476938b5a48b792659818e4f7bcb6a9e6d133510df1bab08a4dcf92b815"""," ""win.vidar"""," ""None"""," ""95""",2026-10-05 02:33:50," """""," ""0"""
"""356ba05e36ffc2efe4cb5968dc512826815ae85e51fddeb1ca66f8b8ffd2889c"""," ""win.vidar"""," ""None"""," ""95""",2026-10-05 02:33:49," """""," ""0"""
"""1cd89b1ab80b874ee687c15bf0f4bf3e6e242a0b1c59110d5d3780cb00914602"""," ""py.pxa_stealer"""," ""PXAStealer"," """"",2026-10-05 02:33:48," ""PXA Stealer"""," ""None"""
"""44b0d0daa6a52a853a1a0d8b82a7633c5131e986b3b5e984ae57033352ea77c6"""," ""py.pxa_stealer"""," ""PXAStealer"," """"",2026-10-05 02:33:46," ""PXA Stealer"""," ""None"""
"""17830555b3dd1bcc421dc33acb0ea85489037355fef71ffb47d5df713c8df2f3"""," ""py.pxa_stealer"""," ""PXAStealer"," """"",2026-10-05 02:33:45," ""PXA Stealer"""," ""None"""
"""ea234da5770dddc9cfec8f4d996f50c4147413228321c69a4c90d697d81dfdaa"""," ""py.pxa_stealer"""," ""PXAStealer"," """"",2026-10-05 02:33:44," ""PXA Stealer"""," ""None"""
"""919479019189e43720143e7ff3fefe95046cbd75c3ae3785d15f7245105fb014"""," ""py.pxa_stealer"""," ""PXAStealer"," """"",2026-10-05 02:33:43," ""PXA Stealer"""," ""None"""
"""5efd226c61938fd938cb084def17e90ccea28607b1a856010732d5b9328a3780"""," ""py.pxa_stealer"""," ""PXAStealer"," """"",2026-10-05 02:33:42," ""PXA Stealer"""," ""None"""
"""8ac83e755540f135e7027952f4c9e9468aceea64ef975da088749be0ba04d9a8"""," ""py.pxa_stealer"""," ""PXAStealer"," """"",2026-10-05 02:33:41," ""PXA Stealer"""," ""None"""
"""76a096829c0c1de893c2587bc70fde38d7eb9f337c52535c5cf58b9e84d5b1ff"""," ""py.pxa_stealer"""," ""PXAStealer"," """"",2026-10-05 02:33:40," ""PXA Stealer"""," ""None"""
"""621253d914d63aa02e28f15a3b4a49498019a5895e791d3b4925e870ada1a49e"""," ""py.pxa_stealer"""," ""PXAStealer"," """"",2026-10-05 02:33:39," ""PXA Stealer"""," ""None"""
"""77040e91b88fbd56c168fd5624d56e506d071caf06420ccc006adb4df444b9fb"""," ""py.pxa_stealer"""," ""PXAStealer"," """"",2026-10-05 02:33:38," ""PXA Stealer"""," ""None"""
"""6cbfe036e8d8bea4b900739ae628ba64150ccea2b6acb8980dbb9af7e8792184"""," ""py.pxa_stealer"""," ""PXAStealer"," """"",2026-10-05 02:33:37," ""PXA Stealer"""," ""None"""
"""4f5cba1ed4e27d2fc1104465c5a20b35d773779cd85e5b19e9cb5b8e9d89b4a1"""," ""py.stealler"""," ""None"""," ""95""",2026-10-05 02:33:36," """""," ""0"""
"""9e2f886322137391fdfd8555e5a2e317a3c507b51e897c53273d5d696531cc12"""," ""win.coinminer"""," ""None"""," ""95""",2026-10-05 02:33:34," """""," ""0"""
"""0f223dda258116b23a3f856b76c346f75d24ffde2dba7598110b80f262587288"""," ""win.netwire"""," ""NetWeird"," ""NetWire RC""",2026-10-05 02:33:34,"Recam"""," ""None"""
"""5d655af0cacc81c86d4f2e55adcbde7e13a8619fcbd4ae70ccdde0b5060f11cf"""," ""win.attor"""," ""None"""," ""95""",2026-10-05 02:33:33," """""," ""0"""
"""a6fd9946588813407f8e625f2450d22874e1dbbf7c0dc602b16786ebed410035"""," ""win.moriagent"""," ""None"""," ""95""",2026-10-05 02:33:32," """""," ""0"""
"""073daa6a559f6dfba73f388a9c7451c53515c359c2a4b666fc4f46b2f2bad5f3"""," ""win.asyncrat"""," ""None"""," ""95""",2026-10-05 02:33:31," """""," ""0"""
"""ae758d96c96f29cb36176d98d668716e443e7db062e4d0c9d976b52dbc567bce"""," ""win.darktortilla"""," ""None"""," ""95""",2026-10-05 02:33:30," """""," ""0"""
"""43d465e80dc34e3aa79c228e61404c83bab19afa63545f47d49435a8ff208fd5"""," ""win.asyncrat"""," ""None"""," ""95""",2026-10-05 02:33:29," """""," ""0"""
"""0b8e3baabf8c4d764431e3927e2cd549efcb5d2cd05ae7c62c145fb8fdfb144f"""," ""win.salatstealer"""," ""None"""," ""95""",2026-10-05 02:33:27," """""," ""0"""
"""224aec5fec1f907ce152895095f56a3a2f2db0d627633ee691af56a13f34e7f8"""," ""win.cobalt_strike"""," ""Agentemis","cobeacon""",2026-10-05 02:33:25,CobaltStrike," ""False"""
"""35afe2df347cb0909fdf2aba8ed6a506a681518a98c0a723b25a16957437f944"""," ""win.cobalt_strike"""," ""Agentemis","cobeacon""",2026-10-05 02:33:25,CobaltStrike," ""False"""
"""796897808e7d751ac0007e54a1cd2290da046f9dabcb7a3074f23a6039564256"""," ""win.supper"""," ""SocksShell"," """"",2026-10-05 02:33:24," ""Supper"""," ""None"""
"""69240b9b37b2df84445847e4a5cbafb97e78927f288bd47f2a6519fde8465284"""," ""win.nanocore"""," ""Nancrat"," """"",2026-10-05 02:33:23," ""Nanocore RAT"""," ""None"""
"""c84014c84caa7ce08f31a0cd8c34707f19e0a81f517ba68a8bfe10a9c7d990d7"""," ""win.wannacryptor"""," ""Wana Decrypt0r","Wcry""",2026-10-05 02:33:22,WannaCrypt," ""False"""
"""01dec44e70c5c84d2e790a3f2bd4e8613ba82ebd1d13bfb9e4df20ea476ca559"""," ""win.ghost_rat"""," ""Farfli"," ""Ghost RAT""",2026-10-05 02:33:21,"PCRat"""," ""None"""
"""ba5088e6fff5b63a2316fc273029bb651436be91618ba53425e24e23c798ab2a"""," ""win.ghost_rat"""," ""Farfli"," ""Ghost RAT""",2026-10-05 02:33:20,"PCRat"""," ""None"""
"""f31ece43389d70c6351fa607e08e31a1e11f5d9d77968f4b515c833a1628973a"""," ""win.ghost_rat"""," ""Farfli"," ""Ghost RAT""",2026-10-05 02:33:19,"PCRat"""," ""None"""
"""d9d6f4d04fb0f2e2d16bf729035b2eb3dc7d7a160eddf9b43b6d5c794e77e4d1"""," ""py.venus_stealer"""," ""None"""," ""95""",2026-10-05 02:33:18," """""," ""0"""
"""2e716444b93e04a56e01fa485e7cbe32f5f601d1d183e112d29ea5cd83bad6f6"""," ""win.tinymet"""," ""TiniMet"""," ""95""",2026-10-05 02:33:17," """""," ""0"""
"""4c7c802a848d039e803088e2bd16a4232b2bfbfc296eca7da32bb28941b36d9b"""," ""elf.bashlite"""," ""gayfgt",torlus,2026-10-05 01:47:11,qbot," ""90"""
"""b54e43fe9b51d9e862fafc39e80328ebdda2722bc200368b861bccd440462275"""," ""elf.bashlite"""," ""gayfgt",torlus,2026-10-05 01:47:10,qbot," ""90"""
"""4a3e5cea8c00c380842a313342b8655e5de784a982c742ce12372e6e2b57f310"""," ""elf.mirai"""," ""Katana"""," ""90""",2026-10-05 01:47:09," """"","Mirai"""
"""ed59f092ced012f8c3ececda732201c7d1f6f4a71b1a801bd1a1ac8c5e6ca597"""," ""elf.bashlite"""," ""gayfgt",torlus,2026-10-05 01:47:08,qbot," ""90"""
"""dadc90c8e367711f8a92f054672c5c34f821644fdbd63ca877f5f9a64292c379"""," ""elf.mirai"""," ""Katana"""," ""90""",2026-10-05 01:47:07," """"","Mirai"""
"""3ce5f9e3c75180effdab51f29f1a6c7833362e2e515f9bdc6b9cfe9347c80bac"""," ""elf.bashlite"""," ""gayfgt",torlus,2026-10-05 01:47:06,qbot," ""90"""
"""23adc923f7baacd4afe877f79ea81df13f581ca2350ee99c5151d75d32efdee1"""," ""elf.mirai"""," ""Katana"""," ""90""",2026-10-05 01:47:05," """"","Mirai"""
"""8867050a0b39fc2cbc43ba3953393fb257aa2d1f02b2e7aac9138be3da5c54c9"""," ""elf.mirai"""," ""Katana"""," ""90""",2026-10-05 01:47:04," """"","Mirai"""
"""72363a98be6bc85d3df0001c1be91fe98869c19c20fcf04956b4ea538d58440f"""," ""elf.mirai"""," ""Katana"""," ""90""",2026-10-05 01:47:03," """"","Mirai"""
"""1f1ac4baf31853c8a55967b45adecf3d16a9f689fbf1f71af7e735f5aeda1128"""," ""elf.mirai"""," ""Katana"""," ""90""",2026-10-05 01:47:02," """"","Mirai"""
"""2b43e0058caf6ba4431b901450c0bf981426bbce5038d43f65e2558e26ff7d5c"""," ""elf.mirai"""," ""Katana"""," ""90""",2026-10-05 01:47:01," """"","Mirai"""
"""ce74caed104efd06d6651742d6c9d38aa836a872786884c4f0fbf9ea335af3fe"""," ""elf.mirai"""," ""Katana"""," ""90""",2026-10-05 01:47:00," """"","Mirai"""
"""7b56a0fb93baac5ce50c04fe92b6aa6f95f47f813287d1dd9306ba790ddf23b8"""," ""elf.mirai"""," ""Katana"""," ""90""",2026-10-05 01:47:00," """"","Mirai"""
"""9499729a1e44a300ddd2c7275ade0c5315afa36addbf725d24c896a77ba04bce"""," ""elf.mirai"""," ""Katana"""," ""90""",2026-10-05 01:46:59," """"","Mirai"""
"""773d95b11262aa245ccec682067b4239468ca29b88d7bf8cd7adeb5ebaf43b7c"""," ""elf.mirai"""," ""Katana"""," ""90""",2026-10-05 01:46:58," """"",Gafgyt
"""dba846bc50334572d41e61227ed36c064b471c51f1a6f4448616555a2a26361f"""," ""elf.mirai"""," ""Katana"""," ""90""",2026-10-05 01:46:57," """"",Mirai
"""6949df88641f3d3df4507f325756a559a21a203515f40cc3f1f51a5994622e22"""," ""elf.mirai"""," ""Katana"""," ""90""",2026-10-05 01:46:56," """"","Mirai"""
"""cbf6aee947974053f64e4271a2284ee811aa3bfffd8dfd89c323fd72ab1d822a"""," ""elf.mirai"""," ""Katana"""," ""90""",2026-10-05 01:46:55," """"",Gafgyt
"""01b5a60b54ff4a0f670e39a6d567f02bc69338ccfae2d679a17ed09247e284e6"""," ""elf.mirai"""," ""Katana"""," ""90""",2026-10-05 01:46:54," """"",Gafgyt
"""35a4d5bc3466d9bf32924392eb20af3196110d408fdc84b919dc39e5b08ed937"""," ""elf.mirai"""," ""Katana"""," ""90""",2026-10-05 01:46:53," """"",Gafgyt
"""645f46b23cd98a80ddc50b154e4a1070a3c96a4ba3e01773530a622b26661930"""," ""elf.mirai"""," ""Katana"""," ""90""",2026-10-05 01:46:52," """"","Mirai"""
"""9a04188b6ad2333a3b42afa12df8f2c24ba0f3b9d4f611c2b5fb935b4575fe03"""," ""elf.mirai"""," ""Katana"""," ""90""",2026-10-05 01:46:51," """"",Gafgyt
"""82ec9cb67031727ee0b90d9d736befd9bbfb0eb6b0f995f35c5382c6a7073d01"""," ""elf.mirai"""," ""Katana"""," ""90""",2026-10-05 01:46:50," """"","Mirai"""
"""c6ba88a6719810a2a90dec141b049237fe7ea664ee91f0b0b39d29f688884863"""," ""elf.mirai"""," ""Katana"""," ""90""",2026-10-05 01:46:49," """"","Mirai"""
"""4a59ee2b5145b4d7ef77856d4fb9299a621207c522c5d5ef824bb518c86421c7"""," ""elf.mirai"""," ""Katana"""," ""90""",2026-10-05 01:46:47," """"","Mirai"""
"""171491086484e054f0a6b87fd270ce68fa7a71a18b4268c2fa8fb286a54e44f4"""," ""elf.mirai"""," ""Katana"""," ""90""",2026-10-05 01:46:47," """"",Mirai
"""5bf1ded1fb864a9fb9c253cf24b8041ee43981448fb1e65f82cd3b78e335b9d9"""," ""elf.bashlite"""," ""gayfgt",torlus,2026-10-05 01:46:46,qbot," ""90"""
"""e274274ca20dc64f1451059173a8d8a9777003acea918bdbcede3ba65d110439"""," ""elf.mirai"""," ""Katana"""," ""90""",2026-10-05 01:46:45," """"",Gafgyt
"""53e4bc2cdaf78fd36fdf3770b6e4ce72c8c0001fa0a17f9618d98ad7de283746"""," ""elf.mirai"""," ""Katana"""," ""90""",2026-10-05 01:46:44," """"","Mirai"""
"""c33b0fcd30301b5c3bf6b516d6ff03709a10aad67072f41012bcaf3d34b23acc"""," ""elf.mirai"""," ""Katana"""," ""90""",2026-10-05 01:46:43," """"","Mirai"""
"""a6634dd56d922fa0f8741a4d7feb314fad9da9095d8bcdd6a23ae66160f2a11a"""," ""elf.mirai"""," ""Katana"""," ""90""",2026-10-05 01:46:42," """"","Mirai"""
"""fa7de484231cf722c583d28bf2e05e7e55ff238fe929c2b14f9f8f19703f3937"""," ""elf.mirai"""," ""Katana"""," ""90""",2026-10-05 01:46:41," """"","Mirai"""
"""4c49dbbce842ee8489eb38080e2eb258cc15aad68aab77aa1e7a38e691ab948a"""," ""elf.mirai"""," ""Katana"""," ""90""",2026-10-05 01:46:40," """"","Mirai"""
"""e7b4d7ba0a181209c1433df2dc6815a1f258459a460414e049d308c85586e7ce"""," ""elf.mirai"""," ""Katana"""," ""90""",2026-10-05 01:46:39," """"","Mirai"""
"""1036e6f248211d218e2f0b543f290c566ecb2baafbdaf4038743e0ecd4481273"""," ""elf.mirai"""," ""Katana"""," ""90""",2026-10-05 01:46:37," """"","Mirai"""
"""3bcba50a44a2221f7856213b2e6e4b5ab9090865bd0e869f7b587b8fc7b1c410"""," ""elf.mirai"""," ""Katana"""," ""90""",2026-10-05 01:46:36," """"","Mirai"""
"""67d3d8c206e8f86a70856bfa75dd8f275b3aebad55cbbb5f338bdda76a3588f8"""," ""elf.mirai"""," ""Katana"""," ""90""",2026-10-05 01:46:35," """"","Mirai"""
"""c80d054ad4b8cde7e3663f8ad889005f811088a8ecd6c8db90abaf4cbf8fcc05"""," ""elf.mirai"""," ""Katana"""," ""90""",2026-10-05 01:46:34," """"","Mirai"""
"""6cb04567ded3777988e090b41cf79242779fea91cf81161bed2c603443bbc673"""," ""elf.mirai"""," ""Katana"""," ""90""",2026-10-05 01:46:33," """"","Mirai"""
"""dfa41bff647b9343188d8d55d8dee7af43e01cd09f96c688c624cb3d166dbf23"""," ""elf.mirai"""," ""Katana"""," ""90""",2026-10-05 01:46:32," """"","Mirai"""
"""17f6c03dbb409691ac87c969c59e4dcf61d7475ab0250251df466295c17b8d8d"""," ""elf.mirai"""," ""Katana"""," ""90""",2026-10-05 01:46:31," """"","Mirai"""
"""40a9653ba765e50569722b66137cc91faf20235a88a56cda6ba799609da932d1"""," ""elf.mirai"""," ""Katana"""," ""90""",2026-10-05 01:46:29," """"","Mirai"""
"""8b50f4ad4a32dca5143f00e255f3a36e7169bd524dc9f4c31c0ed2a53ad88cf4"""," ""elf.mirai"""," ""Katana"""," ""90""",2026-10-05 00:47:24," """"","Mirai"""
"""9a097c33b89c64c2e0e84a4e94450e78b2f6df30495111cad5ae4bd6b8a404d5"""," ""elf.mirai"""," ""Katana"""," ""90""",2026-10-05 00:47:23," """"","Mirai"""
"""77f9e00f29c70df4f001a801c26cf403f2fc6061e1d0bad428740fa023579473"""," ""elf.mirai"""," ""Katana"""," ""90""",2026-10-05 00:47:22," """"","Mirai"""
"""6d9fcb603c86528fbf0f04e38c3bcede3ca5c1904840b29aad079fe8fabd9bce"""," ""elf.mirai"""," ""Katana"""," ""90""",2026-10-05 00:47:21," """"","Mirai"""
"""79143ead52549a26ad39423b9578db3432fc0e8d8a846499f86c107941c54c86"""," ""elf.mirai"""," ""Katana"""," ""90""",2026-10-05 00:47:21," """"","Mirai"""
"""179148b189d77e7c9a56e07f1358cbbdaddc3eafe88be252d0a8fdb1c4e6aa9a"""," ""elf.mirai"""," ""Katana"""," ""90""",2026-10-05 00:47:19," """"",Mirai
"""e718359a9ee75911a34e56062adb0a5650b1808ce8a48fbceed15c5b5678998d"""," ""elf.mirai"""," ""Katana"""," ""90""",2026-10-05 00:47:18," """"",Mirai
"""850e1ce61823269cf67f30e39af2f0d00c733c665dba76fc7516c61a2f859642"""," ""elf.mirai"""," ""Katana"""," ""90""",2026-10-05 00:47:18," """"",Mirai
"""1253a628c3fc92fa9f2c85d45c76d34b94d15c9969a768275ced91dcaaefc68e"""," ""elf.mirai"""," ""Katana"""," ""90""",2026-10-05 00:47:17," """"",Mirai
"""2b95e4f4f7d4b9c77d7e23764b05798d9f090d139bc0c353263d186cc4a2d674"""," ""elf.mirai"""," ""Katana"""," ""90""",2026-10-05 00:47:16," """"","Mirai"""
"""5a8a25364db29883f35f9921a0cb84c472a354016851498ac64409cadd450446"""," ""elf.mirai"""," ""Katana"""," ""90""",2026-10-05 00:47:15," """"",Mirai
"""c18aeac49fa9f8b0b496e29b1bf121d259c329025b6deb77748a0e1492380e58"""," ""elf.mirai"""," ""Katana"""," ""90""",2026-10-05 00:47:14," """"","Mirai"""
"""b722aec2557fa9d97cb4266f1c6c6fd45986f21686dc14315840304dd41d469b"""," ""elf.mirai"""," ""Katana"""," ""90""",2026-10-05 00:47:13," """"",Mirai
"""e27bc117e8bf2cd8f412a3952fd62c572e942b36f2db6dc641a4a50a4baf1d4c"""," ""elf.mirai"""," ""Katana"""," ""90""",2026-10-05 00:47:12," """"","Mirai"""
"""e36451535786c4a50545deb9a5d4a97e942d358113ee9f11edd73dfb019f94d8"""," ""elf.mirai"""," ""Katana"""," ""90""",2026-10-05 00:47:11," """"","Mirai"""
"""5420b2745e8d8c347563d73c3945b50b12f7c21b38fbfefd0202779fe1fa98c1"""," ""elf.mirai"""," ""Katana"""," ""90""",2026-10-05 00:47:10," """"","Mirai"""
"""084e75baea7479a3c77c09ffaee73c1d1c12becd334d35899aed54049bcad684"""," ""elf.mirai"""," ""Katana"""," ""90""",2026-10-05 00:47:09," """"","Mirai"""
"""f0abe423b6d8fd55efc878b1b55905e7d07496a6f4b8af31fbfcd0302fb19128"""," ""elf.mirai"""," ""Katana"""," ""90""",2026-10-05 00:47:08," """"","Mirai"""
"""06b49bcdf650a2f505057a0d8200e1f29779f3aefffa858f3a6409162e1ba63b"""," ""elf.mirai"""," ""Katana"""," ""90""",2026-10-05 00:47:07," """"","Mirai"""
"""2510f84f4c3d895ff967282ae6b039a13351fa58667035ff4318d44586f29c6b"""," ""elf.mirai"""," ""Katana"""," ""90""",2026-10-05 00:47:06," """"","Mirai"""
"""7b5a7892efc456adddabc5c1175a9c663ea930767088aa4641eda7d1a7f67095"""," ""elf.mirai"""," ""Katana"""," ""90""",2026-10-05 00:47:05," """"","Mirai"""
"""6b6e235ab9bc578339c0eb3e01200e194e6114e2b201d49a504b5fefa14c2863"""," ""elf.mirai"""," ""Katana"""," ""90""",2026-10-05 00:47:04," """"","Mirai"""
"""784e7ff63c0cae3a5dc6c7e1e7f4df62a854683a4e47b9e7cfa66333966f12c3"""," ""elf.mirai"""," ""Katana"""," ""85""",2026-10-05 00:47:03," """"","Mirai"""
"""83ea4559ced8e3ad296e98189824963ed626e30d4d33238e3ab3f46549583b67"""," ""elf.mirai"""," ""Katana"""," ""90""",2026-10-05 00:47:02," """"","Mirai"""
"""755239d43e73a655d0a231475d872f1d337b12d4cbbb27eba6293d7331bdb2bb"""," ""elf.mirai"""," ""Katana"""," ""90""",2026-10-05 00:47:01," """"","Mirai"""
"""5cfe49019f7f0e0b6d040524e6cfab1dcc1bb35d998e283c174319653dbd3c8e"""," ""elf.mirai"""," ""Katana"""," ""90""",2026-10-05 00:47:00," """"",Gafgyt
"""42a687253a41984e499b93163cb334388be2b603758f652d6a772090af0e1b8b"""," ""elf.mirai"""," ""Katana"""," ""90""",2026-10-05 00:46:59," """"","Mirai"""
"""b327d6caa8af147625f4e5d53889cf180a7c9fdda784831887dc0672d1e084be"""," ""elf.mirai"""," ""Katana"""," ""90""",2026-10-05 00:46:58," """"",Mirai
"""5faca8d774e0fa32f22caf694eb98e80fa5045cb6a856e434eeb78cff64f6c6c"""," ""elf.mirai"""," ""Katana"""," ""90""",2026-10-05 00:46:57," """"",Mirai
"""406cf988ebf011977c4ebe6698e8d97027956ffaad92e7d3a95b0bcb0938eebc"""," ""elf.mirai"""," ""Katana"""," ""90""",2026-10-05 00:46:56," """"","Mirai"""
"""8d7db4dbf79bf37f41a6141447512a0ece655c62654a0b8f1d90eb2fbc87a3a3"""," ""elf.mirai"""," ""Katana"""," ""90""",2026-10-05 00:46:55," """"",Mirai
"""d3d239bb726ca69776921e75361f0ca6531c436c8c9488e3c61fa0d812ee0819"""," ""elf.mirai"""," ""Katana"""," ""90""",2026-10-05 00:46:53," """"","Mirai"""
"""6b98f26a10b2c3c75cfdbd66d983a72785b71fd1ad4f16b7d7e660fcf0f99122"""," ""elf.mirai"""," ""Katana"""," ""90""",2026-10-05 00:46:52," """"","Mirai"""
"""8da5f4c6379cc6575bc9fd90b0d7833a5ddb69f7db5e971d51d40f5613bcdfcc"""," ""elf.mirai"""," ""Katana"""," ""90""",2026-10-05 00:46:51," """"","Mirai"""
"""6b7a8c9f662acb6122b6c74fc3c004b1bebcee1a8302e64523b2a2d2a594d916"""," ""elf.mirai"""," ""Katana"""," ""90""",2026-10-05 00:46:50," """"","Mirai"""
"""8e1a67a5c03b3cd818f046c7a1605afccc0ee5ce437a0d099881f1872b54bc70"""," ""elf.prometei"""," ""None"""," ""90""",2026-10-05 00:46:48," """"",Prometei
"""3f3bf218089d1488617d37f8a5116bb2791eb39ce06a1b5bc9a4cdfe5e94dd39"""," ""elf.redtail"""," ""None"""," ""85""",2026-10-05 00:46:47," """"",RedTail
"""1205d35b4ba501885610598b03cfd82c9e829836273293635595c118aedbff9e"""," ""elf.mirai"""," ""Katana"""," ""90""",2026-10-05 00:46:46," """"","Mirai"""
"""f3dfce19a0b0c704386d526f28aac42c3934588a905ea5f3075858abe4e37835"""," ""elf.mirai"""," ""Katana"""," ""90""",2026-10-05 00:46:45," """"","Mirai"""
"""b09baf2470ed83268357311546aebb1fb0bc64cdc93195c92b95b62019d7778c"""," ""elf.mirai"""," ""Katana"""," ""90""",2026-10-05 00:46:43," """"","Mirai"""
"""f380544dc352ff8d00a9fa20722c12345241fd7c148b66cb8c0bb80f6917ccff"""," ""elf.mirai"""," ""Katana"""," ""90""",2026-10-05 00:46:41," """"","Mirai"""
"""2721dbcd118b8c4f018ff09a96c10bf5e60ee537a4ccc9c83ed824d90d49af14"""," ""elf.mirai"""," ""Katana"""," ""95""",2026-10-05 00:46:40," """"","Mirai"""
"""084de076685c2be691279245ba6b1f92cf89e6473a42a9ef9a509d7adfd719c8"""," ""elf.mirai"""," ""Katana"""," ""90""",2026-10-04 23:47:01," """"",elf
"""2d88e51cbe20ac1379e8bae7cfc8b36966d76dfa775d0293d0c90d71dfbbee33"""," ""elf.mirai"""," ""Katana"""," ""90""",2026-10-04 23:47:00," """"","Mirai"""
"""fc113466214a0de92edbdede08b402378cfa90fbffc7ce219c7ffc89fa6224bb"""," ""elf.mirai"""," ""Katana"""," ""90""",2026-10-04 23:46:59," """"","Mirai"""
"""03130b6b7d4b32edaf7a22ac884b66c5f1b5f7cb42482909a8322fecaf65e039"""," ""elf.mirai"""," ""Katana"""," ""90""",2026-10-04 23:46:58," """"","Mirai"""
"""6cade1d6ba5f5da966f21bb9314e63dd7d57eead83428b7deb88fbae1d199d7e"""," ""elf.mirai"""," ""Katana"""," ""90""",2026-10-04 23:46:57," """"","Mirai"""
"""188fe79091a5c189ee436bfe45dd377020570cb46c4e2b1d5ebd7abfb186b24e"""," ""elf.mirai"""," ""Katana"""," ""90""",2026-10-04 23:46:56," """"","Mirai"""
"""27c6689123c9753d365b5c4fdf025b704f1e85c0140a86e8271389dc38c4ad31"""," ""elf.mirai"""," ""Katana"""," ""90""",2026-10-04 23:46:55," """"","Mirai"""
"""371608c15bb92692c781997f56bd71be6287f40088539d2426bfeef339ef9e9b"""," ""elf.mirai"""," ""Katana"""," ""90""",2026-10-04 23:46:54," """"","Mirai"""
"""749b170f0b22c17e812bc46a2eae2bd2aa262107e1ad8b82a5685cb6f1485504"""," ""elf.mirai"""," ""Katana"""," ""90""",2026-10-04 23:46:53," """"","Mirai"""
"""a5a3748bd02cd2fdd437f1951ab8649107d76c942f9717a4197fcd5e0a2ab09f"""," ""elf.mirai"""," ""Katana"""," ""90""",2026-10-04 23:46:52," """"","Mirai"""
"""5f2846a681992dd51db2ad1f005a621d800436c0e5610b31603996d1cf03e9ab"""," ""elf.mirai"""," ""Katana"""," ""90""",2026-10-04 23:46:51," """"","Mirai"""
"""af750bda6c631c6dd416775b92a14b558ddfec18ce5721c9cde4b8bb222450ed"""," ""elf.mirai"""," ""Katana"""," ""90""",2026-10-04 23:46:50," """"","Mirai"""
"""9d95e2ad6eff4c6763624ee22b30e593e3cc437dcac1ea507bdd4b4bfb1d3c70"""," ""elf.mirai"""," ""Katana"""," ""90""",2026-10-04 23:46:49," """"","Mirai"""
"""a90127989ed37908cb925ea9b50aa2c1faa5613039ff537eefa11347db535dab"""," ""elf.mirai"""," ""Katana"""," ""90""",2026-10-04 23:46:48," """"","Mirai"""
"""223d15f12cc26ff6f6fb56ea80e3381617640d2175858ec4bca271ecf0b42d17"""," ""elf.mirai"""," ""Katana"""," ""90""",2026-10-04 23:46:47," """"","Mirai"""
"""41cbc9d42c2a916d14022beb5ae38444d93aa54ee58a9fef890f05748e4224f2"""," ""elf.mirai"""," ""Katana"""," ""85""",2026-10-04 23:46:46," """"","Mirai"""
"""7de3374ebf3967054093d99ecd0df2cdea9db5edf1634b5bbd216c59842af244"""," ""elf.mirai"""," ""Katana"""," ""90""",2026-10-04 23:46:45," """"","Mirai"""
"""1edf639a68f13c8be1f3ad91f7687953c4c49d7988903e8edfb3fd2a6fdc14a7"""," ""elf.mirai"""," ""Katana"""," ""90""",2026-10-04 23:46:44," """"","Mirai"""
"""5abf5f183d69b05feed570c1c52fb216fa0aeab4a714e7bebbad1f885251184c"""," ""elf.mirai"""," ""Katana"""," ""90""",2026-10-04 23:46:43," """"","Mirai"""
"""3e5ecb384cf34e56b7b77db65dc2d3780b0e192aa174a5c34efaa678a5e59b44"""," ""elf.mirai"""," ""Katana"""," ""90""",2026-10-04 23:46:42," """"","Mirai"""
"""fc1e2f6587a2b88a678c2688536209a9fbb7af36de466a4abb9a28a94a8e092d"""," ""elf.mirai"""," ""Katana"""," ""90""",2026-10-04 23:46:30," """"","Mirai"""
"""699dce6dc57a0b634d71449eff829d793a198e7241d30614e7868fe157ce1510"""," ""win.gcleaner"""," ""None"""," ""90""",2026-10-04 23:46:28," ""2026-10-05 02:33:51""","GCleaner"""
"""eea07deacce9f6cb281aaf6c0daa8fa366c6393d742a2cfc8bc21996cf220dc1"""," ""elf.mirai"""," ""Katana"""," ""90""",2026-10-04 23:46:27," """"","Mirai"""
"""f6fbb28a2648634d262e7a8786ad78302e0c9d0c93ab7f541f1c5c8856591fd4"""," ""elf.mirai"""," ""Katana"""," ""90""",2026-10-04 22:47:05," """"","Mirai"""
"""e7f014c57e9566c2c513b9e774e912b0e11c28e451b06702fadc692c57823ba8"""," ""elf.mirai"""," ""Katana"""," ""90""",2026-10-04 22:47:04," """"","Mirai"""
"""66024c3e81837a3a9513ebc6e8e93176b82529db47a43de88fd4cf2d859f712f"""," ""elf.mirai"""," ""Katana"""," ""90""",2026-10-04 22:47:03," """"",Mirai
"""06fffeea93435328949a102e15496f92e4dddb66cdb8a351d7efb31e0a0b5049"""," ""elf.xorddos"""," ""XORDDOS"""," ""90""",2026-10-04 22:47:02," """"","XORDDoS"""
"""5a8e0f96cdc4ae20b9b76f3b0b9fbc6acd154f58cc045260089b78dc7ebf4eaa"""," ""elf.mirai"""," ""Katana"""," ""90""",2026-10-04 22:47:01," """"","Mirai"""
"""2ad0d8d26b7a6bb769c9cfbccafc226f707dc0e68ef4ccbc51609d8b7d1514bd"""," ""elf.mirai"""," ""Katana"""," ""90""",2026-10-04 22:47:00," """"","Mirai"""
"""8e5ff09417b5abd40391abf0b3d9e14d243ebaa9f5fd9aecb2ca226f81fa559f"""," ""elf.mirai"""," ""Katana"""," ""90""",2026-10-04 22:46:59," """"","Mirai"""
"""ad7adc582c3c1556290c0b42ad7cc8895b72f6ef49f91227a9b6134e8e773ec5"""," ""elf.mirai"""," ""Katana"""," ""90""",2026-10-04 22:46:58," """"","Mirai"""
"""582d3b1ae44863bd9d19005c05e50aceb2162439c9bc3066ce59c4df89f39683"""," ""elf.mirai"""," ""Katana"""," ""90""",2026-10-04 22:46:57," """"","Mirai"""
"""b3bac440e7bb1f6ca5b6fb86f1ba65cd4851046fecb2e9ac1425cb6d118807c9"""," ""elf.mirai"""," ""Katana"""," ""90""",2026-10-04 22:46:56," """"","Mirai"""
"""93376ea4db1d1ca27be183566efad1726b974641e373073f4ab16e41a79de00d"""," ""elf.mirai"""," ""Katana"""," ""90""",2026-10-04 22:46:55," """"","Mirai"""
"""cc4a11211077466673af8ebc9cfec072d5b0011cbc46f2135a727815b8e4a165"""," ""elf.mirai"""," ""Katana"""," ""90""",2026-10-04 22:46:54," """"","Mirai"""
"""b7439b069ae83dc07074a0f1c4cdb7ff19cac0e3e2854b853efcf1f450cdc381"""," ""elf.mirai"""," ""Katana"""," ""90""",2026-10-04 22:46:53," """"","Mirai"""
"""878b4051e89dd467b399da9707c5e7cac49e2d98a3038f332f199206faab4d09"""," ""elf.mirai"""," ""Katana"""," ""90""",2026-10-04 22:46:52," """"","Mirai"""
"""c9d1bf7bfe1818e071b6b71d10e0a4f2f0a4fcdfcb510acd83fc1f098166c3ee"""," ""elf.mirai"""," ""Katana"""," ""90""",2026-10-04 22:46:51," """"","Mirai"""
"""0f103597008e3bc6ca629fc540e916b14d50fcb4e7f9e634e28cb515fc3ba21e"""," ""elf.mirai"""," ""Katana"""," ""90""",2026-10-04 22:46:50," """"","Mirai"""
"""ceaea5f689a22613155872a732c36daa0ef2f588fee96b792411215adb5ec2a0"""," ""elf.mirai"""," ""Katana"""," ""90""",2026-10-04 22:46:48," """"","Mirai"""
"""0b667fe4fc990f75d0ff341a3a8c0a6a8939006cbf74d1250e536dcaa020e262"""," ""elf.mirai"""," ""Katana"""," ""90""",2026-10-04 22:46:48," """"","Mirai"""
"""d5e10758b3b536c16efe1bb4952481a1eef392ff7f1dad296adcb589e3463853"""," ""elf.mirai"""," ""Katana"""," ""90""",2026-10-04 22:46:46," """"","Mirai"""
"""96596ef22d2e553031305a010c8bbc8c7a26f75f983eab6d7a70c3b0444f66dc"""," ""elf.mirai"""," ""Katana"""," ""90""",2026-10-04 22:46:45," """"",Mirai
"""e32f8707c42a98e0de63f724282b40d24b5803c376765b11cd4256d4e85d4e68"""," ""elf.mirai"""," ""Katana"""," ""100""",2026-10-04 22:46:44," """"","Mirai"""
"""9da099ad5e76382d59fe5e3f0d5e0859a4135c8ae607dd87b1ddfc3b2d6ba93c"""," ""elf.mirai"""," ""Katana"""," ""100""",2026-10-04 22:46:43," """"",Mirai
"""88b611850dd0c8334893cbfddc62f1eb70b6be76d3e0a662724ef704c54c00da"""," ""elf.mirai"""," ""Katana"""," ""95""",2026-10-04 22:46:42," """"","Mirai"""
"""58255df7f21ff3b8adc0fd20e3f1b37eeac44d5a81fbff62e1d45535ac3b6e64"""," ""elf.ngioweb"""," ""None"""," ""100""",2026-10-04 22:46:41," """"","Ngioweb"""
"""b31bad36946b51b8c918879d5833e84e04d9815f374180c32a79682c50d5146b"""," ""elf.mirai"""," ""Katana"""," ""90""",2026-10-04 22:46:40," """"","Mirai"""
"""bea13103b8029dc7132b9f1139f2f2454b05d6815847fb6087960c3f98a5c07f"""," ""elf.mirai"""," ""Katana"""," ""90""",2026-10-04 22:46:39," """"","Mirai"""
"""efa010dfce3d9583da656721034e058bc135637795c3e9dddeace75d4e8f50ae"""," ""elf.mirai"""," ""Katana"""," ""100""",2026-10-04 22:46:38," """"","Mirai"""
"""9da8a2195dcb57f1b326760e307fddb5981cdeb510c0147fb8c77fc558f3784e"""," ""js.ether_rat"""," ""None"""," ""90""",2026-10-04 22:46:37," """"",malgent
"""7edc9df1fd33d9b00ba4013307b3574ea2b772e8b055029b0c5309c59c935025"""," ""elf.bashlite"""," ""gayfgt",torlus,2026-10-04 22:46:36,qbot," ""100"""
"""d30b38a437bb80f3b69550f7e4d8940c733cc5fb56ce522e9265727f73d70c97"""," ""elf.mirai"""," ""Katana"""," ""100""",2026-10-04 22:46:35," """"","Mirai"""
"""e3ad6b39c29575a0a2cfbd14414297de7f7a81416ce1b7635762cc1362b55e4e"""," ""elf.mirai"""," ""Katana"""," ""100""",2026-10-04 22:46:34," """"",Mirai
"""e8ea23e292f0081715d4bbf4dc5e73a31a37f9d85d0c4dcc09e2a0cea39a6943"""," ""elf.mirai"""," ""Katana"""," ""100""",2026-10-04 22:46:33," """"",Mirai
"""93a681eb716c0b04b6b613edc5b4fac643d5af9e12c2c834b1f9b74e70c11017"""," ""elf.mirai"""," ""Katana"""," ""100""",2026-10-04 22:46:32," """"",Mirai
"""98d38a4278779ea761a0f20c7b7676344c800b31eaf00f1a7005d1751a6915d4"""," ""elf.mirai"""," ""Katana"""," ""100""",2026-10-04 22:46:31," """"","Mirai"""
"""3cdeb23a2dd31c18939fd61d54900988e79e06426ff218535790f65fabafdaf5"""," ""elf.mirai"""," ""Katana"""," ""100""",2026-10-04 22:46:30," """"","Mirai"""
"""6b138dd673640dc611a8b5883301e5b77e6564d43a8462264f50260f674a8ef4"""," ""elf.mirai"""," ""Katana"""," ""90""",2026-10-04 22:46:29," """"","Mirai"""
"""f089e3cfc0ecbd6cd62c998b3610dfd6772fe530ea247f4157180792edd9ba35"""," ""win.emotet"""," ""Geodo"," """"",2026-10-04 22:46:27," ""Emotet"""," ""Emotet"
"""fb370476092e61c556c479e0d20ce7ceb2c6f298423131a5206cf31ab740cb5f"""," ""win.formbook"""," ""win.xloader"""," ""90""",2026-10-04 22:46:27," """"","ps1"""
"""82550ff97d953cd7f4278b79f1b2ded0e985e19c0a09e2e3d846d8960a754609"""," ""elf.mirai"""," ""Katana"""," ""100""",2026-10-04 22:46:25," """"",Mirai
"""8e7af0d5af18f6d4eef967c54ce2063ecca6ec6203723d087d7768d89a5b5623"""," ""win.remcos"""," ""RemcosRAT"," ""Remcos""",2026-10-04 22:46:24,"Socmer"""," ""None"""
"""2f3dee0739dcaaf866c76738bc6e7826932e468a37027356274a018f1f350360"""," ""apk.alien"""," ""AlienBot"""," ""85""",2026-10-04 22:46:23," """"",loader
"""a99fc2710b0af6f1d0be97a3a380a3dec7ff08b7daa765f6f52944cbdcd3ef48"""," ""win.coinminer"""," ""None"""," ""95""",2026-10-04 22:46:21," """"","sh"""
"""a68bbc13289408eee17179859665e093c1652968d3828ac3c9105103071164e5"""," ""elf.mirai"""," ""Katana"""," ""100""",2026-10-04 21:47:12," """"",Mirai
"""266feb3ba73d372c4296c2c915cdca8a99385608ad5939608184bf5b6088d6b4"""," ""elf.mirai"""," ""Katana"""," ""100""",2026-10-04 21:47:11," """"",Mirai
"""89a77d3ab866c1175a871b7d1a7427ceb9c1a631e1bdede1196b0f04f5cd29b8"""," ""elf.mirai"""," ""Katana"""," ""100""",2026-10-04 21:47:10," """"","Mirai"""
"""d0dc64eec7049199eb7516c17bd2daea7fdc14ee8c103f70f98a9340a1acfcfd"""," ""elf.mirai"""," ""Katana"""," ""90""",2026-10-04 21:47:09," """"","Mirai"""
"""0307e6000144077d429f477fbf400e043a64cb0ae9808603074178af39fa1e0f"""," ""elf.mirai"""," ""Katana"""," ""100""",2026-10-04 21:47:08," """"",Gafgyt
"""5401b5072072b0d8a3469f3dbc7fc62ad67f22519d029c981ed6230af40fab8a"""," ""elf.mirai"""," ""Katana"""," ""100""",2026-10-04 21:47:07," """"",Gafgyt
"""2ff37f885f327d2dd5f12979bf33cc5c2dbb291aab61f22f88aac6962fc25fed"""," ""elf.mirai"""," ""Katana"""," ""100""",2026-10-04 21:47:06," """"",Gafgyt
"""4d97b07632fe7aaeb4f0b4a300967721202e20a24cd742248a08ea7905cfe688"""," ""elf.mirai"""," ""Katana"""," ""100""",2026-10-04 21:47:05," """"",Gafgyt
"""ca949a64c2c7153e76e2fa2bac5cc3f9d26c2691c4fcf25e27fc43af7ac3e7e9"""," ""elf.mirai"""," ""Katana"""," ""100""",2026-10-04 21:47:04," """"","Mirai"""
"""f68b88f248734b9823e3a56938d4b30874b7b0f90ba4b89371cba0e3894fad0a"""," ""elf.mirai"""," ""Katana"""," ""100""",2026-10-04 21:47:03," """"",Mirai
"""5cc1ee595d741ec25b89cfefd35513dcc556b2757f5bf059005a87909446f5a9"""," ""elf.mirai"""," ""Katana"""," ""95""",2026-10-04 21:47:02," """"","Mirai"""
"""1d822b86c80ca3a3daeeeb295cb2a512e617d6f0b8660042dd200210baadfdcd"""," ""elf.mirai"""," ""Katana"""," ""100""",2026-10-04 21:47:01," """"",Mirai
"""4086fbc79cacbd8bb4c3d915ef1811956c14e5e64a093015ec770c8784078f2b"""," ""win.gcleaner"""," ""None"""," ""90""",2026-10-04 21:47:00," """"","GCleaner"""
"""90f6d7ca30a617d97012174b52e6a6ee31becd10b168fd46dd27c8f3cd80e556"""," ""elf.mirai"""," ""Katana"""," ""100""",2026-10-04 21:46:59," """"",Mirai
"""dc42d433baaeac6aa5b9a953a16e0e05409fd9e6b89d1ff80024ebfcd5c16add"""," ""elf.mirai"""," ""Katana"""," ""100""",2026-10-04 21:46:58," """"","Mirai"""
"""3941e3f0037c1c5dffbbc2079456c8aadb10710271a64f7ef0395877c983e3a7"""," ""elf.mirai"""," ""Katana"""," ""100""",2026-10-04 21:46:57," """"",Gafgyt
"""fc66357fbc7ce27d3e8141ee841e84f7cc9f6e5b2b48e9bc98fd041eb93326a0"""," ""elf.mirai"""," ""Katana"""," ""100""",2026-10-04 21:46:56," """"","Mirai"""
"""a944780e16402475022730acbb0ffc75bec0ef228472d16834c57b51c80e5f81"""," ""elf.mirai"""," ""Katana"""," ""100""",2026-10-04 21:46:55," """"",Gafgyt
"""c670939b8151c4b8f4feb92248ec391c79d911092463c6773215e88f1c92c350"""," ""win.404keylogger"""," ""404KeyLogger"," """"",2026-10-04 21:46:54," ""404 Keylogger"""," ""404Keylogger"
"""3719a847dd3216f7d141ee78060c13bbd4d42c306a0669f5322aa4ef9c3ccffb"""," ""elf.mirai"""," ""Katana"""," ""90""",2026-10-04 21:46:53," """"",elf
"""ecc664fca4402b2d727751a471ec0b7fb77b6e4bf9b3bf2ac516faee0b7f7d6d"""," ""elf.mirai"""," ""Katana"""," ""100""",2026-10-04 21:46:52," """"",Mirai
"""e6e113783356446aef66e5296db45b244f318292af7cebc2a9bd76f095a95c4c"""," ""elf.mirai"""," ""Katana"""," ""100""",2026-10-04 21:46:51," """"","Mirai"""
"""96384b2d9d0f1bc413ebf494ee50ff9de981e36384fb14af4731c67edddb0809"""," ""elf.mirai"""," ""Katana"""," ""100""",2026-10-04 21:46:50," """"",Mirai
"""3d5b070fbbcc24f5676af6fd62da773143f6686a97c844df9ef794b5fcd448da"""," ""elf.mirai"""," ""Katana"""," ""90""",2026-10-04 21:46:49," """"","Mirai"""
"""3a97ade0a02c9d70b5f3aa7f1e2167faa3124e94b8f5347b72e4f793889776d1"""," ""elf.mirai"""," ""Katana"""," ""90""",2026-10-04 21:46:48," """"","Mirai"""
"""e06decdd3d9230c27d832cb696840b54f141b36cda003b3d5882559758e90ae2"""," ""elf.mirai"""," ""Katana"""," ""90""",2026-10-04 21:46:47," """"",Mirai
"""cfc4c4c0cb4652eda655845440c29e00c77659e21e331ea104dd056351328da8"""," ""elf.mirai"""," ""Katana"""," ""90""",2026-10-04 21:46:45," """"","Mirai"""
"""790d57f1dfe8de58499518e2c25848aaa2424989e2186d960f6ddf95487b02ab"""," ""elf.mirai"""," ""Katana"""," ""90""",2026-10-04 21:46:44," """"","Mirai"""
"""7fad468e4d9bb06e388a731f87993331d6efc17701075a503cafd8270eae8404"""," ""elf.mirai"""," ""Katana"""," ""100""",2026-10-04 21:46:43," """"","Mirai"""
"""03a6d4a376ec5d591bfc2b33065604beaa2918d3ed90f5acf0501e842d56784c"""," ""elf.mirai"""," ""Katana"""," ""100""",2026-10-04 21:46:42," """"","Mirai"""
"""f2b38509f68802c2a8a5dab0c7b0af19e8118e0d51ade8fae6135ebbfcb6bc4f"""," ""elf.mirai"""," ""Katana"""," ""90""",2026-10-04 21:46:41," """"","Mirai"""
"""0228eed428f34441ca2fee9ae9e271f937f303ee9589b046dc5c46a70db75708"""," ""elf.mirai"""," ""Katana"""," ""100""",2026-10-04 21:46:40," """"","Mirai"""
"""1a72b7c1209843a124886d25d8db002e7e0a27878c43d5194910af2c229b5530"""," ""elf.mirai"""," ""Katana"""," ""90""",2026-10-04 21:46:39," """"","Mirai"""
"""28c79df15f07d779dd6dc2d15215ad4564153a396123befe804c6fadcc36ccfe"""," ""elf.mirai"""," ""Katana"""," ""100""",2026-10-04 21:46:37," """"","Mirai"""
"""7a7e113d53f637fd929ffef4ed3b695bd32bc6db5e0ef023b268dcf8b3146fdf"""," ""elf.mirai"""," ""Katana"""," ""100""",2026-10-04 21:46:36," """"",Mirai
"""e32fcb7ea109b7edd61ecc9b570f81280dba9f45dc005a2d847d9bd57843bc18"""," ""elf.mirai"""," ""Katana"""," ""90""",2026-10-04 21:46:35," """"","Mirai"""
"""c316abd63ee908f620232679f0dd0dbec7caae9e74d4943beff91af2c0e53bc4"""," ""elf.mirai"""," ""Katana"""," ""90""",2026-10-04 21:46:34," """"","Mirai"""
"""721e6cc6e842fcb92e93e7a7ab39cf93b939ffab0a61ad7c5869da5c6cfafc90"""," ""elf.mirai"""," ""Katana"""," ""100""",2026-10-04 21:46:33," """"","Mirai"""
"""cd1920655fb815cd6fd2ef89229a2624c3ed389da33ed33efcb8da3c654455e6"""," ""elf.mirai"""," ""Katana"""," ""90""",2026-10-04 21:46:32," """"","Mirai"""
"""7f93b37e25a7a99fa66cc3c98f5d9b33d0fee6cb19a37c7691ef389240293b39"""," ""elf.mirai"""," ""Katana"""," ""90""",2026-10-04 21:46:30," """"","Mirai"""
"""40d115e6d5892fe0eb52ee56958406cbbe16b4beb0c499e954c91f29a08e995f"""," ""elf.mirai"""," ""Katana"""," ""100""",2026-10-04 21:46:29," """"","Mirai"""
"""6cdbc366bd399edb7c7176e407c4292016dd963361103aeda8e7709d42662000"""," ""elf.mirai"""," ""Katana"""," ""100""",2026-10-04 21:46:28," """"","Mirai"""
"""95b4e74af25fbe652b36c394e69c5c6c29d9f803f8a81b5ca37021a569910d96"""," ""elf.mirai"""," ""Katana"""," ""100""",2026-10-04 20:47:03," """"","Mirai"""
"""50eba3c916db0f1a0892ed2651cbaab89965b628a618c095de4473fd5d15e536"""," ""elf.mirai"""," ""Katana"""," ""100""",2026-10-04 20:47:02," """"","Mirai"""
"""3acc9265a1e24ec2367f86417a3284bdfc3a9a668cd7986e31d905bacb9f8550"""," ""elf.mirai"""," ""Katana"""," ""95""",2026-10-04 20:47:01," """"","Mirai"""
"""22d787cc8ee9319b6e1147f55f7204d846efda4a3a0b1b40fc92d2bfd7345ff5"""," ""elf.mirai"""," ""Katana"""," ""100""",2026-10-04 20:47:00," """"",Mirai
"""28fa4489e716e5c7928271d86ce8d20593f90c44d6ceac01b16f1edbcaf89a36"""," ""elf.mirai"""," ""Katana"""," ""100""",2026-10-04 20:46:59," """"",Mirai
"""6e454eff70e386c82120434900dc8c4d9b38ed6ad347580496a71633e5d93896"""," ""elf.mirai"""," ""Katana"""," ""100""",2026-10-04 20:46:58," """"","Mirai"""
"""4d520c344f984fbf9fa08032c13a34ceedcf0293ac6ccb2884845e53b04038d6"""," ""elf.mirai"""," ""Katana"""," ""100""",2026-10-04 20:46:56," """"","Mirai"""
"""73e128c6ebfa6f0b7f117dc8eae4dd31fc587905f67ce97fac991c4e413008a8"""," ""elf.mirai"""," ""Katana"""," ""100""",2026-10-04 20:46:56," """"",Mirai
"""e77f58904f6692e7adbb1d8dac1ec89e827a6847d632e1ab0082a5ffc7a9553a"""," ""elf.mirai"""," ""Katana"""," ""90""",2026-10-04 20:46:55," """"",exe
"""450b6702d4602ca3ee2c55bfef4baee2f87edda9f0c7e0d0c2eb2893a22e4255"""," ""elf.mirai"""," ""Katana"""," ""90""",2026-10-04 20:46:53," """"","Mirai"""
"""266a0f7fd1054296a2b06abf551a7dd79227a173fbe8781c07a2c4c347a0303b"""," ""elf.mirai"""," ""Katana"""," ""90""",2026-10-04 20:46:52," """"","Mirai"""
"""229e0998d76c931428c415810e98c909b07d2a3cc7cdbe41a1775154f0296561"""," ""elf.mirai"""," ""Katana"""," ""90""",2026-10-04 20:46:51," """"","Mirai"""
"""39cea04c08f1d50dadb36ffc41a06df87afbb4db24a4eab53387cd3414765133"""," ""elf.mirai"""," ""Katana"""," ""90""",2026-10-04 20:46:50," """"","Mirai"""
"""efe91df0741a0529c898501bad566eabb460e45c9e6a74cd73026863f27fe1c7"""," ""elf.mirai"""," ""Katana"""," ""90""",2026-10-04 20:46:49," """"","Mirai"""
"""b2a4e3f3c4ee656fed9f7a245c7142e851a4a969287582004616c2ed8f5f299d"""," ""elf.mirai"""," ""Katana"""," ""100""",2026-10-04 20:46:48," """"","Mirai"""
"""b3dbae44369975b6711b4a73be8b3995c19b4c7d5f228e641c0bac883ab10721"""," ""elf.mirai"""," ""Katana"""," ""100""",2026-10-04 20:46:47," """"","Mirai"""
"""e2c345037b6e41293693144903874ec3bbdb5d3a6e61d554a541ba8d15424b7e"""," ""elf.mirai"""," ""Katana"""," ""90""",2026-10-04 20:46:46," """"","Mirai"""
"""0b210aa601f12bc1f75ce3fec740c5c1e60d2598733b54d74f1d3efd38d04c19"""," ""elf.mirai"""," ""Katana"""," ""100""",2026-10-04 20:46:45," """"","Mirai"""
"""fccafdc4d3ef4c49dd52b7a1194eb7d132b01da1e4c74bad5920198f968d004c"""," ""elf.mirai"""," ""Katana"""," ""100""",2026-10-04 20:46:44," """"","Mirai"""
"""bc6854418c71d63e9209be6260fdc76517603fb9c1bdbcabb9858043207a418d"""," ""elf.mirai"""," ""Katana"""," ""90""",2026-10-04 20:46:43," """"","Mirai"""
"""c82a61264f2bbb1006ff150747b860411cbfac1809b021819622835b431532f4"""," ""elf.mirai"""," ""Katana"""," ""100""",2026-10-04 20:46:42," """"","Mirai"""
"""ccc23682bd4ebb03464e44619a735ed0a8cf36c5d4f60134785f8f198223318c"""," ""elf.mirai"""," ""Katana"""," ""100""",2026-10-04 20:46:41," """"",Mirai
"""93c4256f51574692dc96f47cac3a3587707dd7edc023c3704f781a25afbe609f"""," ""elf.mirai"""," ""Katana"""," ""100""",2026-10-04 20:46:40," """"",Mirai
"""769bd770366308fa1f6edbb235da42b5a6296ab0d3c5d672f291ae1cc566106d"""," ""elf.mirai"""," ""Katana"""," ""100""",2026-10-04 20:46:39," """"","Mirai"""
"""d03ef8fdb39302e0bff56f9ed088e6aa1775b6979ba540ff801bbc7047d97c09"""," ""elf.mirai"""," ""Katana"""," ""100""",2026-10-04 20:46:38," """"",Mirai
"""c49ef0b295c49f964a1dbd5f7ac74edae1445398ee1ed619e497b77eded82680"""," ""elf.mirai"""," ""Katana"""," ""100""",2026-10-04 20:46:37," """"","Mirai"""
"""d6b0e46b0d957aac65e1989bd97e1a36f4e0b17ac1fe579272df0deff0c2cd2f"""," ""elf.mirai"""," ""Katana"""," ""100""",2026-10-04 20:46:35," """"","Mirai"""
"""98fd9a8f28856d66e5d45e26749edec79ce1841c0f73b0d2244e1628527fec44"""," ""elf.mirai"""," ""Katana"""," ""100""",2026-10-04 20:46:34," """"","Mirai"""
"""e7ceb0f6afb890755e382760a8c768c6d26a987dc1d8b440bd34d9bab83a14be"""," ""elf.mirai"""," ""Katana"""," ""90""",2026-10-04 20:46:33," """"",Mirai
"""e660998ccef2142b5056d4fcddd56810f15dd723e1294174acb4961ac9a5d31e"""," ""elf.mirai"""," ""Katana"""," ""90""",2026-10-04 20:46:33," """"",Mirai
"""561760a86c916c7a29c23f96ce3adf0a106b7dd5187b448fbc4572adf77783ee"""," ""elf.mirai"""," ""Katana"""," ""90""",2026-10-04 20:46:32," """"",exe
"""6272cc2ee363eff4577eebc7473a91e178dd97ecc733ff2dbdc21945dca8e6fa"""," ""elf.mirai"""," ""Katana"""," ""100""",2026-10-04 20:46:30," """"","Mirai"""
"""886000c5445ebeae6860cd90cc01483466afa1d56ffa009aeafe1d0d06ce37f5"""," ""elf.mirai"""," ""Katana"""," ""90""",2026-10-04 20:46:29," """"","Mirai"""
"""5a4f724cf8b55781c8ec92cf642a42f438a6d0ee2bb875c66c4fa33725e91e6d"""," ""elf.mirai"""," ""Katana"""," ""90""",2026-10-04 20:46:28," """"","Mirai"""
"""08347e4debb51bc5933356d8288afed66568c3ccf8303955418e9ebc3011d25b"""," ""elf.mirai"""," ""Katana"""," ""100""",2026-10-04 20:46:27," """"","Mirai"""
"""2debeb696ed96e13d480eaa7519175d43c9582eef567ad9b61a32d8acf21d560"""," ""elf.mirai"""," ""Katana"""," ""100""",2026-10-04 20:46:26," """"","Mirai"""
"""a4a24d9f15a9998be9ee3515e800090bef248d830c4bbbd97eb5ecf1cd41629c"""," ""elf.mirai"""," ""Katana"""," ""100""",2026-10-04 20:46:24," """"",Gafgyt
"""208b8c2b2ee2e299351427acf7e7c85598efc805ec26f21335535b70d6059c6b"""," ""elf.mirai"""," ""Katana"""," ""100""",2026-10-04 20:46:23," """"",Gafgyt
"""d4305895d867b0906826b7ce89957f5b95d019093e2794786c8c07a24c9694d0"""," ""elf.mirai"""," ""Katana"""," ""100""",2026-10-04 20:46:22," """"",Gafgyt
"""dc6b001b050653cf0a649436ac06128aa480d02d46995381e40b3b837369b447"""," ""elf.mirai"""," ""Katana"""," ""100""",2026-10-04 20:46:21," """"",Gafgyt
"""5f075f94d41f9eca5caf469398427aa918e4704066b71c6d8b0c90e85221161b"""," ""elf.mirai"""," ""Katana"""," ""100""",2026-10-04 20:46:20," """"","Mirai"""
"""8ef31fa519c7c8ed78a2c44961356be2fc44b833b0cfe2c57f33d3edbb7b5800"""," ""elf.mirai"""," ""Katana"""," ""100""",2026-10-04 20:46:18," """"","Mirai"""
"""2eb07e1b60960bc08205065a3ca610fbb7dfad5a8710a85cd40e3e7baaa190e6"""," ""elf.mirai"""," ""Katana"""," ""85""",2026-10-04 19:47:01," """"","Mirai"""
"""4217d66857f58ae98fec169b21366f81da342d8b54f11d4def15a4ed74eae595"""," ""elf.mirai"""," ""Katana"""," ""90""",2026-10-04 19:47:00," """"","Mirai"""
"""601d830aab39745760acd6142a5ba3ee67a1a0ad59d49d79a840b3a6aaabd7be"""," ""elf.mirai"""," ""Katana"""," ""100""",2026-10-04 19:46:59," """"","Mirai"""
"""9ef5ad92f3d681ad3509f94ad3a4d27f10d40ec054e8a0533c45a248e4b009d5"""," ""elf.mirai"""," ""Katana"""," ""100""",2026-10-04 19:46:58," """"","Mirai"""
"""19b8cc08c112cc738cbf3de08b8755c68fae2d5b731fbdb4c4a848ef79ae89f9"""," ""win.coinminer"""," ""None"""," ""95""",2026-10-04 19:46:57," """"","sh"""
"""53ad3b3ba81cfb1b96d8c1e2c92fb3ee7fb693d92144c786ad29df41e8298a88"""," ""elf.mirai"""," ""Katana"""," ""100""",2026-10-04 19:46:56," """"","Mirai"""
"""89e03d1d7df6a59e1fe9fc12e56c4f883340c48fa0a13f32d6f70b062fdb722c"""," ""elf.mirai"""," ""Katana"""," ""100""",2026-10-04 19:46:55," """"","Mirai"""
"""3fdd7d7fa2d1462969074a8b187df1afec27a8f7a936de2ec40724e8f070692d"""," ""elf.mirai"""," ""Katana"""," ""90""",2026-10-04 19:46:54," """"","Mirai"""
"""963dfa3f402962818f145e99c3c72628745484048a10903a15f291b92b5f2bf8"""," ""elf.mirai"""," ""Katana"""," ""90""",2026-10-04 19:46:53," """"",Mirai
"""d249807fe7fb0ed9a73f79583dbaa74e3370138586da097212a27e9e704da4fd"""," ""elf.mirai"""," ""Katana"""," ""90""",2026-10-04 19:46:52," """"","Mirai"""
"""9908e7cd3a36309fc132ce8600fa4be74acfe449fb068102a39d298d3ba7b554"""," ""elf.mirai"""," ""Katana"""," ""100""",2026-10-04 19:46:51," """"","Mirai"""
"""cd0c535c37fd25fd8d2e80324b92cb2cc6d25b17ab59e86bc7a32c2d635fdeb4"""," ""elf.mirai"""," ""Katana"""," ""90""",2026-10-04 19:46:51," """"","Mirai"""
"""b57c40c8722d19162169ec22bd6249d82e372b29b87e4a8deaa3c6b09ee01b16"""," ""elf.mirai"""," ""Katana"""," ""90""",2026-10-04 19:46:49," """"","Mirai"""
"""900ef753fe18d8d86c8ef735983590c65b378d03ffe6f546925a6b1c928e134a"""," ""elf.mirai"""," ""Katana"""," ""90""",2026-10-04 19:46:48," """"","Mirai"""
"""d643c95fec1c3f0a0ab0b35c578badcb8b6266ff2c578b604fd519b36fcb84c1"""," ""elf.mirai"""," ""Katana"""," ""90""",2026-10-04 19:46:47," """"","Mirai"""
"""f500c7b2ba2993f46b3d92cd19c9ed808f25fed371f77eddb6b427aa7a66b6d8"""," ""elf.mirai"""," ""Katana"""," ""90""",2026-10-04 19:46:46," """"","Mirai"""
"""c8b7cc6f04298726e713250a1a30b836778a2990b2b8b4eff0c74f3dd54eeaf7"""," ""elf.mirai"""," ""Katana"""," ""100""",2026-10-04 19:46:45," """"","Mirai"""
"""276d6c6bc5322f0831119fa2ab132fdd5fe52bbdf9c73b2bdd18be18084eb701"""," ""elf.mirai"""," ""Katana"""," ""90""",2026-10-04 19:46:45," """"","Mirai"""
"""4e9cde4ff743aa8e6307f99efa90215687f6081613a8b695e0ab34639502d317"""," ""elf.mirai"""," ""Katana"""," ""100""",2026-10-04 19:46:44," """"","Mirai"""
"""c30ed254e2cb772ba7f1772cce2f0af811325282d4d7fe7e4bc1e0500f0b5222"""," ""elf.mirai"""," ""Katana"""," ""95""",2026-10-04 19:46:42," """"","Mirai"""
"""9c405e9719f233aa30d7bb401d1dd7b4eb1deb37570915f0641d9c815c17294f"""," ""elf.mirai"""," ""Katana"""," ""95""",2026-10-04 19:46:42," """"","Mirai"""
"""83059b0b72b7fff114ebadf66efd65a1710ca1c335829bb4c588144fe80f6345"""," ""elf.mirai"""," ""Katana"""," ""100""",2026-10-04 19:46:40," """"","Mirai"""
"""9ae02808e0aa16964ed8ff5cc82138b425cebd3022f3e0f8aa39a60aa333fa79"""," ""elf.mirai"""," ""Katana"""," ""100""",2026-10-04 19:46:39," """"",Mirai
"""035a70c5a9848a40b4ba5acd9413da488cb4696280032e8a9fb2232c508686cc"""," ""elf.mirai"""," ""Katana"""," ""100""",2026-10-04 19:46:38," """"","Mirai"""
"""30f5b70aae2ebd25b9659f16475bd756e1e02d2010ff19b8a75364350c60d832"""," ""elf.mirai"""," ""Katana"""," ""100""",2026-10-04 19:46:37," """"",Mirai
"""3bf3ff0b22d4320fc28a37740b5af9260a8f1f19065f20cb55ff9d4f2a6f3fe3"""," ""elf.mirai"""," ""Katana"""," ""100""",2026-10-04 19:46:36," """"","Mirai"""
"""391892d080b4a9fc3925068f77c917d6b60560d6f22281ca7302c0ff958a46d4"""," ""elf.mirai"""," ""Katana"""," ""100""",2026-10-04 19:46:35," """"","Mirai"""
"""b7ec8c18c87a0ad06598c2a97e14999536d69a21e2611c0f13dc21b30356638b"""," ""elf.mirai"""," ""Katana"""," ""100""",2026-10-04 19:46:34," """"",Mirai
"""4d665ce1ac6e85c429e004145d55bcc2e6a4d2eb24fb55a8b9864e8c1f97faeb"""," ""elf.mirai"""," ""Katana"""," ""100""",2026-10-04 19:46:33," """"","Mirai"""
"""671aa09d38dd8b185772e859e50c41a5e7cf1c8f0201fd73648935159544c15c"""," ""elf.mirai"""," ""Katana"""," ""90""",2026-10-04 19:46:32," """"",Gafgyt
"""e73ff273f5a8950a5753739d2aae3fd74a1740fd3da58793d5823d56a7e8eaf5"""," ""elf.mirai"""," ""Katana"""," ""90""",2026-10-04 19:46:31," """"",exe
"""a1eeece2e90db3325f70acbced83e5a1b66f73b6b0f6141f04a47571fdf9b46e"""," ""elf.mirai"""," ""Katana"""," ""90""",2026-10-04 19:46:30," """"",exe
"""6a3a79fb869e2ea322090841822ceae3725de2441546e45cdabe82ef763d7cd7"""," ""elf.mirai"""," ""Katana"""," ""90""",2026-10-04 19:46:29," """"","Mirai"""
"""35f7ae019bf5c1c93489cebe6bbd64be0d3872dcc76bf9c0dc7ea483eb669201"""," ""elf.mirai"""," ""Katana"""," ""100""",2026-10-04 19:46:27," """"","Mirai"""
"""7a2b25d2b1ebef1d158158ecc4e82a6effc7b8fc6379d3f6e212a731e615d86d"""," ""elf.mirai"""," ""Katana"""," ""90""",2026-10-04 19:46:26," """"",Mirai
"""6820d53db71e83035f57967b56f34ba68bb6608a1dccb26145b644432450dc04"""," ""elf.mirai"""," ""Katana"""," ""100""",2026-10-04 19:46:25," """"","Mirai"""
"""ce4fc73dd266d2e4c3cb6639ee0fb8eb19c69a9b7651f7084551b7ec672dca43"""," ""elf.mirai"""," ""Katana"""," ""100""",2026-10-04 19:46:24," """"","Mirai"""
"""dd67a211107f82378b1a0fe465f66f06a5b3e035ae8ff64fd8d9607d343f3fa9"""," ""elf.mirai"""," ""Katana"""," ""95""",2026-10-04 19:46:23," """"","Mirai"""
"""adebdc1b88346e5a1c04787cd7526084d76f13573ed1e00924b5e918c9560aef"""," ""elf.mirai"""," ""Katana"""," ""90""",2026-10-04 19:46:22," """"","Mirai"""
"""08efdc76f3809e93f6d0fa8bcea60aa4849a3cb0d04f3b5c8293559cca82af74"""," ""win.asyncrat"""," ""None"""," ""90""",2026-10-04 19:46:21," """"","exe"""
"""482cc1cfc4b817c414777283ca77d31e7c4f7eed6ba8e6772aab602134a5d4b3"""," ""elf.mirai"""," ""Katana"""," ""100""",2026-10-04 19:46:19," """"",Mirai
"""6aa898f1a164c270d0729b7dcec1f4359eb2f0c4109e690e7d3b09abdf7364ec"""," ""elf.mirai"""," ""Katana"""," ""100""",2026-10-04 19:46:18," """"","Mirai"""
"""6405e74062001cee6bd48304ef8fa7a1ef8851533b29a48f80dc9f06f2ba8fef"""," ""elf.mirai"""," ""Katana"""," ""90""",2026-10-04 18:47:15," """"",Hajime
"""c1733f4b2ace718b484b9d63af7713ddda9c6e9a182fec4e55b80d6ee56f635c"""," ""elf.mirai"""," ""Katana"""," ""90""",2026-10-04 18:47:14," """"",exe
"""73362f2cb172216654c2f73341cbf23eceb67e39f9c125e7b719d2d73f261fab"""," ""elf.mirai"""," ""Katana"""," ""90""",2026-10-04 18:47:13," """"",exe
"""88a1d3a4b48679023f740e25593ba6c7618b342b29a3d5a9dfd90c508b2e49c2"""," ""elf.mirai"""," ""Katana"""," ""90""",2026-10-04 18:47:12," """"",exe
"""bb39866f5148a58eb55efc7a54d87a859900f85fb5cc42213fa5a94fd4c76a1e"""," ""elf.mirai"""," ""Katana"""," ""100""",2026-10-04 18:47:11," """"",Gafgyt
"""295ccac6f1eb2f3dac004467539cd7d0b9554890f6ee1d9b01d6b85873683710"""," ""elf.mirai"""," ""Katana"""," ""100""",2026-10-04 18:47:10," """"","Mirai"""
"""2f877ed3668559199e8571be72392d9fffe75d2a4788ae56b9f9b74bfa4bf7f7"""," ""elf.mirai"""," ""Katana"""," ""100""",2026-10-04 18:47:09," """"","Mirai"""
"""05e9766f9225f3ae130e9b90832c4a0a5fef3dc07eed7e5095a084f92b9f391b"""," ""elf.mirai"""," ""Katana"""," ""90""",2026-10-04 18:47:08," """"","Mirai"""
"""1bd6853b1074402ecb04a5ffb1abbb57e0c95ed83171526c0413d70d88ed74a5"""," ""elf.mirai"""," ""Katana"""," ""90""",2026-10-04 18:47:07," """"","Mirai"""
"""675e38b86871fcde9f0b75e1a0df9e973e6928ffec3e017c643369650e6eab2c"""," ""elf.mirai"""," ""Katana"""," ""100""",2026-10-04 18:47:06," """"",Mirai
"""210edf2fb2b4cc1f9cc73b05858cd5524d402a00e4700e583aa1a746fae3b717"""," ""elf.mirai"""," ""Katana"""," ""100""",2026-10-04 18:47:05," """"",Mirai
"""32ead15908ca61088701ec6ee4c692658585746bafb52cce23c047d035fc91a5"""," ""win.purelogs"""," ""None"""," ""100""",2026-10-04 18:47:04," """"",bat
"""edfa292a63fa4b57855d2caae989243189435f4ee043ddbc5ee14c0652ed3694"""," ""elf.mirai"""," ""Katana"""," ""100""",2026-10-04 18:47:03," """"","Mirai"""
"""05e1003e63865a41fd2955642be8e217ee7b4e8500d673d87fd15ad93b6ec296"""," ""elf.mirai"""," ""Katana"""," ""100""",2026-10-04 18:47:02," """"","Mirai"""
"""b5513e73c83074342c5fc43ca2c6aa1db59b94bbbe564642106e3680e99de4eb"""," ""elf.mirai"""," ""Katana"""," ""90""",2026-10-04 18:47:01," """"","Mirai"""
"""202c71cccc63a9bad0c94b898a6447c2723724c7c534bfb7f2143eb6a50a2196"""," ""win.agent_tesla"""," ""AgenTesla"," ""Agent Tesla""",2026-10-04 18:46:59,"Negasteal"""," ""None"""
"""28c0fd06d5941385aa22510ec520ad04f19a7cfd8c583e676d6113d1e00e5611"""," ""elf.mirai"""," ""Katana"""," ""100""",2026-10-04 18:46:59," """"","Mirai"""
"""bc94f10c4b7da185b319cf4b6195321d4d456ff877324d905867df810880c22c"""," ""elf.mirai"""," ""Katana"""," ""100""",2026-10-04 18:46:57," """"","Mirai"""
"""c9ccc5a26c2226dc4ff595af21db15018d6cb02f663df845ca3a498e6346e1e8"""," ""elf.mirai"""," ""Katana"""," ""100""",2026-10-04 18:46:56," """"",Mirai
"""5314592786ad4bfb70a5b35cc9a1b68a92f790badabf4a4755d1ca77eb35d27e"""," ""elf.mirai"""," ""Katana"""," ""100""",2026-10-04 18:46:55," """"",Mirai
"""18433cf591844ace03783e15903e84b6e97812824c50f4b2f5aafc33cb0b0f25"""," ""elf.mirai"""," ""Katana"""," ""100""",2026-10-04 18:46:54," """"",Mirai
"""43c2df8d9d262beec1153288cf47d77a4a0a147f7b24197a9a29bdf662e51d96"""," ""win.adaptix_c2"""," ""None"""," ""90""",2026-10-04 18:46:53," """"","exe"""
"""ef0d94d552e13da04d16d0a78c170fc443c06e4534a555c2f594b1bcf55f96c8"""," ""elf.mirai"""," ""Katana"""," ""100""",2026-10-04 18:46:52," """"","Mirai"""
"""51d2fe42168aea37cbf45483b27c87bd82bff31ec092be890990f10fbdd69fbf"""," ""elf.mirai"""," ""Katana"""," ""100""",2026-10-04 18:46:51," """"","Mirai"""
"""de48b45702c25d939ae1ecdd8ab9f5c79dfa530ee81a64bd7af564440ab46146"""," ""elf.mirai"""," ""Katana"""," ""90""",2026-10-04 18:46:50," """"",exe
"""49be8673c9b97042288974db65266e3a55f0823d4f2e2b2537940cf889249267"""," ""elf.mirai"""," ""Katana"""," ""90""",2026-10-04 18:46:49," """"",exe
"""2817c85ca14445a6617aa8d484fc3a7c1eebd7b78070296ecc6a0080f1b64eb9"""," ""elf.mirai"""," ""Katana"""," ""90""",2026-10-04 18:46:48," """"",exe
"""20ecc208fc143c6ca1e640e44e2c18cc3a5cb10b686b285c28bcc2c6b7257229"""," ""elf.mirai"""," ""Katana"""," ""90""",2026-10-04 18:46:47," """"",exe
"""195980ee55443d3a42b5a22844337d90519ce961e975dd3628aeb76a6f5cbe6a"""," ""elf.mirai"""," ""Katana"""," ""90""",2026-10-04 18:46:46," """"",exe
"""56b5dad237eac47f1ccc062e740ec9e7c38ed9001fda0ef61b254637f7a10d8d"""," ""elf.mirai"""," ""Katana"""," ""100""",2026-10-04 18:46:45," """"","Mirai"""
"""f367633134cf14d9bfa393bdbf246833d90268dc1ffade89051fb3023fa2e6c0"""," ""elf.mirai"""," ""Katana"""," ""100""",2026-10-04 18:46:44," """"","Mirai"""
"""1cf79a8a0d11841719fd64486731338bee22e34f0d40e0cf21fb90d503c8c50b"""," ""elf.mirai"""," ""Katana"""," ""100""",2026-10-04 18:46:42," """"","Mirai"""
"""178f533ef8e1a2515dc4bb1f3ba6a8ee13ca02184475fbfce38137025afe4dc1"""," ""elf.mirai"""," ""Katana"""," ""100""",2026-10-04 18:46:41," """"","Mirai"""
"""c10abe0caa9c62fb247b0641beaa5577b63e5c08eae6a23989c1c7a0586300c3"""," ""elf.mirai"""," ""Katana"""," ""100""",2026-10-04 18:46:40," """"","Mirai"""
"""19e1a79e5b5992999d75deee9c22ae3ecb5142a6714e76a284a9ae829737da3a"""," ""elf.mirai"""," ""Katana"""," ""100""",2026-10-04 18:46:39," """"","Mirai"""
"""e9d578b368dc85285e4a02fd773fce75b5a8b63364dfeb0405324f9c878b3ce0"""," ""elf.mirai"""," ""Katana"""," ""100""",2026-10-04 18:46:38," """"",Mirai
"""1511fb0fd9e2e3cd0366f9a2a871bea1ee926bc93ae9bd90d4c7f328138c36c8"""," ""elf.mirai"""," ""Katana"""," ""100""",2026-10-04 18:46:37," """"",Mirai
"""bc1b5337acaf45129b9752bf96375e8d588cf0b806b4635790ebe74f6e862275"""," ""elf.mirai"""," ""Katana"""," ""95""",2026-10-04 18:46:36," """"","Mirai"""
"""405965c18196ba4aec2803c6390e9663e3884e580680be62c09c8b6b9ec162cd"""," ""elf.mirai"""," ""Katana"""," ""100""",2026-10-04 18:46:35," """"",Mirai
"""60cd4b2b51c75baf6cf8756a894e98d1fa199ceeda0a40cbeab267667ab6c0fc"""," ""elf.mirai"""," ""Katana"""," ""100""",2026-10-04 18:46:34," """"",Mirai
"""14794dd5d7d4e344e9eae3d99dc8823130edd2bc8041176c78dad97ca600013c"""," ""elf.mirai"""," ""Katana"""," ""100""",2026-10-04 18:46:32," """"",Mirai
"""31628a457ccf9220d56ebdca431d1c2ed5ffd8dbe412b39ef12ac362c7f7a95b"""," ""elf.mirai"""," ""Katana"""," ""100""",2026-10-04 18:46:31," """"",Mirai
"""ecb767b39fd44b5a1d469ef8dd0f5ae4184b517c9a582ad07ba0e10105d21a33"""," ""elf.mirai"""," ""Katana"""," ""100""",2026-10-04 17:46:55," """"","Mirai"""
"""9709f5f5bd7b670a2a79d309c1110b25ffe81a5b06aaf90dd0a3a3701907a046"""," ""elf.mirai"""," ""Katana"""," ""100""",2026-10-04 17:46:54," """"",Mirai
"""54e5d84aee4855a9439ce57f0785d89d640e4d56976d4890feda43883bfee9c4"""," ""elf.mirai"""," ""Katana"""," ""100""",2026-10-04 17:46:53," """"",Mirai
"""2d468615ebd35f201bf225e52012cffe42266635b30d6dac9eff9e58d633d3cb"""," ""elf.mirai"""," ""Katana"""," ""100""",2026-10-04 17:46:52," """"",Mirai
"""5a8910855f365b70364209bdd4c5071dd3ccc592d6da572d8d326511c0bb123f"""," ""elf.mirai"""," ""Katana"""," ""100""",2026-10-04 17:46:51," """"",Mirai
"""3d8e1ed39045bc2d576496c434f073c43148f658af9e9155a5bafaf473ad0706"""," ""elf.mirai"""," ""Katana"""," ""100""",2026-10-04 17:46:50," """"",Mirai
"""a28a0bae3819a7cdd9bf924db6db8149cec15ed87fc24d6897f5c04efbaa8a75"""," ""elf.mirai"""," ""Katana"""," ""100""",2026-10-04 17:46:49," """"",Mirai
"""eb56b26a4b55e6d0d7405e052861bdbdafa36ada2b73ccbb1f32fe0ff6c8197f"""," ""elf.mirai"""," ""Katana"""," ""100""",2026-10-04 17:46:48," """"",Mirai
"""12f663c66387fd2194d7901bf1598065e63feb5c7ca2f477419405c71188e22c"""," ""elf.mirai"""," ""Katana"""," ""100""",2026-10-04 17:46:47," """"","Mirai"""
"""acc1de6c1d39dc050935b4eacdb1abdeb3682c54b168f6577056dcd3f963d74b"""," ""elf.mirai"""," ""Katana"""," ""100""",2026-10-04 17:46:46," """"","Mirai"""
"""3a4cbbddf99f696161b533d410b104f2567b204156b2d61e34218a00ecac5148"""," ""elf.mirai"""," ""Katana"""," ""100""",2026-10-04 17:46:45," """"","Mirai"""
"""1f2e6114e7b3b4fe1744b70b845ae4d10c72c790a3182063157f70cca61d2986"""," ""elf.mirai"""," ""Katana"""," ""90""",2026-10-04 17:46:44," """"",exe
"""97dfd5a49df4d96be02f24f11bd2cd50ee60f6c75d5881322342ef6694d89e01"""," ""elf.mirai"""," ""Katana"""," ""90""",2026-10-04 17:46:43," """"","Mirai"""
"""d09d7b9ca0fc9af0bd3fa32a05813f026753c54ee9f2a311180a3eaf65047e8b"""," ""elf.mirai"""," ""Katana"""," ""90""",2026-10-04 17:46:42," """"","Mirai"""
"""22914e69af92ab3a900342ca72f0ebce1635db5708b870cab319ac440130e6b5"""," ""elf.mirai"""," ""Katana"""," ""90""",2026-10-04 17:46:41," """"",exe
"""39bec31855dd28e97cefa1324ef32239ef8b4057a6cec73235104f9c2e37bdb3"""," ""elf.mirai"""," ""Katana"""," ""90""",2026-10-04 17:46:40," """"",exe
"""8411932c182c7b65f0405d13f0a370d5c17d7ef5a73cbfaef4a5c4cc56ba9460"""," ""elf.mirai"""," ""Katana"""," ""90""",2026-10-04 17:46:39," """"","Mirai"""
"""e597fbb056bbea26a8f7f9b73ad104cae3c47915f13011232e6c5113b9010cc1"""," ""elf.mirai"""," ""Katana"""," ""100""",2026-10-04 17:46:38," """"","Mirai"""
"""2b065c4fb737cb073e50ad11426ee821d2089d63b8b32e13e59192a9a6e18503"""," ""elf.mirai"""," ""Katana"""," ""100""",2026-10-04 17:46:37," """"","Mirai"""
"""08dec15e72a6c327ad91bd773f35b0d17bdf320bda1be6ca3398b99366b0e6cc"""," ""elf.mirai"""," ""Katana"""," ""90""",2026-10-04 17:46:36," """"","Mirai"""
"""bdaf3c99c0dc9f4a9b75b30f228dd64f168de46da83546f8c3b7d93bc7298bae"""," ""elf.mirai"""," ""Katana"""," ""100""",2026-10-04 17:46:35," """"",Mirai
"""e65e691c50ac86bab852ab28cc0d0fe86df4032e998ceacbbb5e615d45a7f97d"""," ""elf.mirai"""," ""Katana"""," ""100""",2026-10-04 17:46:34," """"",Mirai
"""97a6efe082d0bb8814cbef7516fabf585db0a93fbae7d1ef89ec7cd55f0d794e"""," ""elf.mirai"""," ""Katana"""," ""100""",2026-10-04 17:46:33," """"","Mirai"""
"""507a91f9c3e06ea1e0c8bdfa2891d2eb433524ca0ff5021988000bbb44639998"""," ""elf.mirai"""," ""Katana"""," ""100""",2026-10-04 17:46:32," """"",Gafgyt
"""a7879fa112b4b5cf2a19b226e37b60df5e65ddf29ad2597b50164d0e292d7753"""," ""win.coinminer"""," ""None"""," ""100""",2026-10-04 17:46:31," """"","sh"""
"""50d60faa09f5c031e288d26ab6290eee301831f2dd59bb376a43dd74d07e3ad7"""," ""elf.mirai"""," ""Katana"""," ""100""",2026-10-04 17:46:30," """"",Mirai
"""e53bad2278d773789d94a6a199f6ddaac0c99af05b08ce2224d1d52a15f6aa0c"""," ""elf.mirai"""," ""Katana"""," ""100""",2026-10-04 17:46:28," """"",Gafgyt
"""18547a337812ec93e0a6ae6101811590ecf634e21076436eaea376b65d2c016e"""," ""elf.mirai"""," ""Katana"""," ""100""",2026-10-04 17:46:27," """"","Mirai"""
"""98d76ee355dc352072c04cdf868e483c9390b01431946c1bab1d25b387ca9caa"""," ""elf.mirai"""," ""Katana"""," ""100""",2026-10-04 17:46:26," """"","Mirai"""
"""918841b8b06eafc79cbb0dfa8586ad2da02f3e373ba1a86e0a473b518e7e8b99"""," ""elf.mirai"""," ""Katana"""," ""100""",2026-10-04 17:46:25," """"","Mirai"""
"""c431790e6da4e89eaf62a8a70d73dc953598d787109d8c6c365038c61bcdd586"""," ""elf.mirai"""," ""Katana"""," ""100""",2026-10-04 17:46:24," """"",Mirai
"""99890bb10d0cb653b009770c5fe1aeb24cd394ede9623a1463b46dc01e8d8b9f"""," ""elf.mirai"""," ""Katana"""," ""100""",2026-10-04 17:46:23," """"",Mirai
"""aa3b24a1f46cf65fc1a33c1b374dad42a0fd56c703ec43616559a9a402fcfa12"""," ""elf.mirai"""," ""Katana"""," ""100""",2026-10-04 17:46:22," """"",Mirai
"""146f75309e7e5aa1b40a7e846ed3737cc151b595abcc85e84bfd368f8c2cada3"""," ""elf.mirai"""," ""Katana"""," ""100""",2026-10-04 17:46:21," """"","Mirai"""
"""45d9984f764f3cbefaa8b1110b84da862f3855a8148b6f567f1741e02f18c7d4"""," ""elf.mirai"""," ""Katana"""," ""100""",2026-10-04 17:46:20," """"",Mirai
"""524172cff3004980870ed211cb98281964fa7d1b4f42a4bd449c549002846208"""," ""elf.mirai"""," ""Katana"""," ""100""",2026-10-04 17:46:19," """"",Mirai
"""cd007446796b931958b47b01258dc375654fc5ac44e09baaf82532237ca12bea"""," ""elf.mirai"""," ""Katana"""," ""100""",2026-10-04 17:46:17," """"",Mirai
"""ea07e17417b3f101380d7fc558f437fe43f225b91b393c5a047debf362173eda"""," ""elf.mirai"""," ""Katana"""," ""100""",2026-10-04 17:46:16," """"","Mirai"""
"""541155aeca277f0d11b3b83f2b9000b60210ffcb8fe99999d14a0665dfdceeed"""," ""elf.mirai"""," ""Katana"""," ""100""",2026-10-04 17:46:15," """"","Mirai"""
"""666c4c426bb64bdc5ecbd03826b3d8cd495b452d23985bdae13e35f187ac56ab"""," ""elf.mirai"""," ""Katana"""," ""95""",2026-10-04 17:46:14," """"",Mirai
"""c926d3a45f3f1ecb9e0e047cdbed9d029ea60ad0c36d8e311b0a0f67bd87ecca"""," ""win.formbook"""," ""win.xloader"""," ""90""",2026-10-04 17:46:13," """"","zip"""
"""0d373e1f9dfeaa5a1c2bffa6116ce78bc2af1174a503c8cba5944664fae60500"""," ""elf.mirai"""," ""Katana"""," ""100""",2026-10-04 17:46:11," """"","Mirai"""
"""772da74caf28a60eac05e19bba793d81d9d9a91e3ff14166fc13958264ee2eb3"""," ""elf.mirai"""," ""Katana"""," ""100""",2026-10-04 16:47:05," """"","Mirai"""
"""773edca2e85068c270620422bd26ce6ac118ccccb9315b70a83c0fc19f555b19"""," ""elf.mirai"""," ""Katana"""," ""95""",2026-10-04 16:47:04," """"",exe
"""98f76c72eafaac30b1aeb71e95dfdcd3993a6d4f1483bb5cc82dd352a219c45d"""," ""elf.mirai"""," ""Katana"""," ""95""",2026-10-04 16:47:03," """"",exe
"""d5ae5009433bc11fa5f6ccec187eea3cb4668a7767fc88019b7a4a4a3e30cffc"""," ""elf.mirai"""," ""Katana"""," ""95""",2026-10-04 16:47:02," """"",exe
"""b831ba4a83379eacb587fe2de298aec3031c8970a23170ede2b57a08060605b2"""," ""elf.mirai"""," ""Katana"""," ""95""",2026-10-04 16:47:01," """"",exe
"""cf221c4d81ed9c7594569d2d734137551dd61617e605fbbb176573f7765ccd9c"""," ""elf.mirai"""," ""Katana"""," ""95""",2026-10-04 16:47:00," """"",exe
"""b5651950e650267884e0797d2871ff52c44fa5a965ab134f6815cfaeb2981a6d"""," ""elf.mirai"""," ""Katana"""," ""100""",2026-10-04 16:46:59," """"","Mirai"""
"""37d2f93ee4e5af485760f1c5fdb9dc44c456ee7baabb3a8428da6dd7a8cd0ff7"""," ""elf.mirai"""," ""Katana"""," ""95""",2026-10-04 16:46:58," """"","Mirai"""
"""3ff45f0989e79e14152380f9d7dc77dbbbb0045a7e929aece34dfa7e82fa86da"""," ""elf.mirai"""," ""Katana"""," ""100""",2026-10-04 16:46:57," """"","Mirai"""
"""4d04a95bbc8dd80f6cf431519c0f408adbdfa6b548405148c97c1b1ded46a295"""," ""elf.mirai"""," ""Katana"""," ""100""",2026-10-04 16:46:56," """"","Mirai"""
"""5f6abef21d17243af8a2c2e8172e225b2f161790b937ac20e998a47a68b606db"""," ""elf.mirai"""," ""Katana"""," ""100""",2026-10-04 16:46:55," """"","Mirai"""
"""1753a6655047fa98523d11ee29b22035be78dde8c12c2bf7f0c832936ca4ec73"""," ""elf.mirai"""," ""Katana"""," ""100""",2026-10-04 16:46:54," """"",Mirai
"""0424c93f0368bb41cdcf6aa577262a9155ddf0f13dc0dfaddc2bdc810719d804"""," ""elf.mirai"""," ""Katana"""," ""100""",2026-10-04 16:46:53," """"",Mirai
"""8a9a141f0f9651ff636f1082bd09177a77cca705dc49ea8e52bce2ea0915a91a"""," ""elf.mirai"""," ""Katana"""," ""100""",2026-10-04 16:46:52," """"","Mirai"""
"""d98073aff0574ff563679d1dfa2c3b81c7c7e92eed337a83f78eeceadfc7d8cd"""," ""elf.mirai"""," ""Katana"""," ""100""",2026-10-04 16:46:51," """"","Mirai"""
"""d08c7e654cc02a64d08ef113e7141c55a27e143c1ad0c5493e35f204de2b2561"""," ""elf.mirai"""," ""Katana"""," ""100""",2026-10-04 16:46:50," """"",Mirai
"""32c87d6a1bd9fd87e9ea33bcd6d41ecc8145741b718bd11ce97bd38a0d54d0c4"""," ""elf.mirai"""," ""Katana"""," ""100""",2026-10-04 16:46:49," """"","Mirai"""
"""55a5a6c52925d59621dadd70a5a80f54e24e54f99e4d587a19a16dcf992fdf85"""," ""elf.mirai"""," ""Katana"""," ""100""",2026-10-04 16:46:48," """"",Mirai
"""91065c82c2db1ee6fcb0aca51b6fbf189913d4082f9be6cf97422010633b7cd6"""," ""elf.mirai"""," ""Katana"""," ""100""",2026-10-04 16:46:47," """"",Mirai
"""1dc2a7e562051eab1138a99ba5e999f934d18042d8dc52e7272327070f344eb2"""," ""elf.mirai"""," ""Katana"""," ""95""",2026-10-04 16:46:46," """"",Mirai
"""5292ae592e4664feba3ddc61a03778412cbb01ba405b376a0e1f0dffae3114a7"""," ""elf.mirai"""," ""Katana"""," ""95""",2026-10-04 16:46:45," """"",Mirai
"""017f7b319adb1675d6e5cbdcad00ff3d59a0433b4f0f4934497afa47bb8cfefb"""," ""elf.mirai"""," ""Katana"""," ""95""",2026-10-04 16:46:44," """"","Mirai"""
"""6b908b152631d4464ad64b45277a9f54b7c7f14ab8583c3a005dd8ffb3def6ee"""," ""elf.mirai"""," ""Katana"""," ""95""",2026-10-04 16:46:43," """"","Mirai"""
"""c254dbf72679312280f536db3de8f281ec55b962ebf65697a0434ee45c998682"""," ""elf.mirai"""," ""Katana"""," ""90""",2026-10-04 16:46:42," """"","Mirai"""
"""53fee80886dfc6451857dd5617ae1ecd584a2a2b9519099668341d569a341e56"""," ""elf.mirai"""," ""Katana"""," ""95""",2026-10-04 16:46:41," """"","Mirai"""
"""b8ab8a050e34c8004a32b78c8908d454ef211387e3ba015710ccd425903a7133"""," ""elf.mirai"""," ""Katana"""," ""95""",2026-10-04 16:46:40," """"","Mirai"""
"""564f1ed135185a33839ce1bce39fe409fc0219b313ab4e007ac6b4ff0608e7e6"""," ""elf.mirai"""," ""Katana"""," ""100""",2026-10-04 16:46:39," """"",Mirai
"""8ea5fe9dba1fc6f845f8ee1b5697733b04d96d638b79ed5f275d8d47bfbd591d"""," ""elf.mirai"""," ""Katana"""," ""100""",2026-10-04 16:46:38," """"","Mirai"""
"""31edb8dedf393ccf149f508a7031da33d21ce8b7bc9cd8865e6948738bb92151"""," ""elf.mirai"""," ""Katana"""," ""100""",2026-10-04 16:46:37," """"","Mirai"""
"""806385c4d1ce5fb675357095cb07a81e0a0aebe4962b66e5422e0000945c149d"""," ""elf.mirai"""," ""Katana"""," ""100""",2026-10-04 16:46:36," """"",Mirai
"""672fc7c9c852ff6678604d09ff94c763f1256eeb16d9c0e2e676ecbd28a67e32"""," ""elf.mirai"""," ""Katana"""," ""100""",2026-10-04 16:46:34," """"",Mirai
"""decd05faa551bbe6233cc69704a8d9b71dac11f373fe38b6b39bd31612dc13df"""," ""elf.mirai"""," ""Katana"""," ""100""",2026-10-04 16:46:33," """"",Mirai
"""ab72c44f7871d30726e85477e4a692a6ad5f0a428582a89e22fc107fef9f2b25"""," ""elf.mirai"""," ""Katana"""," ""100""",2026-10-04 16:46:32," """"",Mirai
"""0d639f3022035a5da5081074b2f19f1d6bac7b16a73bffa691c59fb0440c15c8"""," ""elf.mirai"""," ""Katana"""," ""100""",2026-10-04 16:46:30," """"",Mirai
"""dfba50b6cba1167e2720b9efff27b352730d85981154d685c27456bb51e71a78"""," ""elf.mirai"""," ""Katana"""," ""100""",2026-10-04 16:46:29," """"",Mirai
"""1ef61d490483af2715af8889cca733804be3cfae351a6170a36a827e4046207e"""," ""elf.mirai"""," ""Katana"""," ""100""",2026-10-04 16:46:28," """"",Mirai
"""6c325dd1fd740fbbbc566ad1a21d1bbb2be46e1ec5f2b4e7539fd5a5760e22b4"""," ""elf.mirai"""," ""Katana"""," ""100""",2026-10-04 16:46:27," """"",Mirai
"""fb1feb800d84d34cb1a3b1bf9980320bb56c175be3d0f347415072c4d3cfefe1"""," ""elf.mirai"""," ""Katana"""," ""100""",2026-10-04 16:46:25," """"","Mirai"""
"""714e783d15da9d15e3b8690be3e2f7fe101de711b9c512719e921e429b28fb43"""," ""elf.mirai"""," ""Katana"""," ""100""",2026-10-04 16:46:25," """"",Mirai
"""0b8333640232545d97f1fe98f9939147db5c1043613786e3c207d8dd54c8697b"""," ""elf.mirai"""," ""Katana"""," ""95""",2026-10-04 16:46:23," """"","Mirai"""
"""fe8633eacbc02ea80bfafc2a5e7d38e97aaa5ba86a6fc9273fcc16fddfdbc6c7"""," ""elf.mirai"""," ""Katana"""," ""95""",2026-10-04 16:46:22," """"",exe
"""5d50a9324e9651f8fc808a2bf966e3c9b30b8d05b0019670f1f095af0ff73895"""," ""elf.mirai"""," ""Katana"""," ""95""",2026-10-04 16:46:21," """"",exe
"""deb1a4ed15b00fa6f2ee706cd9aae50d8bd8a5efda0a608e27fc4bb05c0972c9"""," ""elf.mirai"""," ""Katana"""," ""100""",2026-10-04 15:47:09," """"","Mirai"""
"""6aa6356e83451c2fb11ca6f42fd533d821f719c0ffc1972d7d1620f9636493de"""," ""elf.mirai"""," ""Katana"""," ""100""",2026-10-04 15:47:08," """"","Mirai"""
"""255c60e601b638d0a836c44fdadcf86544cc06ab0cd96f0bfd8d35ec9665524e"""," ""elf.mirai"""," ""Katana"""," ""100""",2026-10-04 15:47:07," """"","Mirai"""
"""37c316030e38433b67769524b5b65a77d13a949ce1326cfc358f8854e1ef7cea"""," ""elf.mirai"""," ""Katana"""," ""95""",2026-10-04 15:47:06," """"","Mirai"""
"""417ee3a3b38d2bd08d4c649bdd686f97a7125b3f2b3f6473befe8a5d258169f0"""," ""elf.mirai"""," ""Katana"""," ""95""",2026-10-04 15:47:05," """"",exe
"""249641d7253dd3f1529e66203561c2db6045de7644fb67080f6edb2dc2d31012"""," ""elf.mirai"""," ""Katana"""," ""100""",2026-10-04 15:47:04," """"","Mirai"""
"""9de4dca535744bdc60f476abb8c1e19d1431cee838426ac992b6386fb3993cb9"""," ""elf.mirai"""," ""Katana"""," ""100""",2026-10-04 15:47:03," """"","Mirai"""
"""ac35a17b565d0906ff528499a6a338777358157c115ab2c28d090b31dd770f6e"""," ""elf.mirai"""," ""Katana"""," ""100""",2026-10-04 15:47:02," """"","Mirai"""
"""f1e26aad4a2ed2a5213b4b5ae21bfb0b0e97e25674118957a5362ddefeb7a9ce"""," ""elf.mirai"""," ""Katana"""," ""100""",2026-10-04 15:47:01," """"","Mirai"""
"""5ddd2af165c1ba7e00453d8953bb11f48d722a0092bceebcbef35982602aa6d0"""," ""elf.mirai"""," ""Katana"""," ""95""",2026-10-04 15:47:00," """"",exe
"""503d421623de1195e863a68ac33c58c02c04781d493288ee86e0e3d021dbb3c5"""," ""elf.mirai"""," ""Katana"""," ""95""",2026-10-04 15:46:59," """"",exe
"""4952f1ce99067f54637dd5c0e747f0a2fba572b24f4f4b301559a9d8d45f6b19"""," ""elf.mirai"""," ""Katana"""," ""95""",2026-10-04 15:46:58," """"",exe
"""247af87d71b9a8fdd46816a8e5e78107c6bd075df4c173e8cf6214310a7af8e6"""," ""elf.mirai"""," ""Katana"""," ""95""",2026-10-04 15:46:57," """"",exe
"""fa6f34f439e2f40fcdccaa83a88e08fbe2e9285eba8c9e29228df3e3c16c1078"""," ""elf.mirai"""," ""Katana"""," ""95""",2026-10-04 15:46:56," """"",Mirai
"""c405163f76c9f7f5ba9896c02eccf917f2a4e6ec5b3103bac90ac81fa41a146b"""," ""elf.mirai"""," ""Katana"""," ""95""",2026-10-04 15:46:55," """"","Mirai"""
"""30c79610a4077aa8979a7035162f2c9d5485d07ecf17aea1cdc1da4f2a1295f4"""," ""elf.mirai"""," ""Katana"""," ""100""",2026-10-04 15:46:54," """"","Mirai"""
"""6848afee7a2461d9a4d0fef7ef3874f3cba44e308eb5da416d705fa1ef699a62"""," ""elf.mirai"""," ""Katana"""," ""95""",2026-10-04 15:46:53," """"",Gafgyt
"""c2488a2268d58d31b5cfb30fb2249fadd5c7ffb56c9a3ddcef6507742fb7701b"""," ""elf.mirai"""," ""Katana"""," ""100""",2026-10-04 15:46:52," """"","Mirai"""
"""d9f1db47e08f48761d645b197115747f90d280ae704288b71bc2e3df512da523"""," ""elf.mirai"""," ""Katana"""," ""100""",2026-10-04 15:46:51," """"","Mirai"""
"""f4806381ad322bf97c3a943e7659b8d8df20eee28d8919c94b0876d31b614f7a"""," ""elf.mirai"""," ""Katana"""," ""100""",2026-10-04 15:46:51," """"","Mirai"""
"""eec23f9d8701f661cafcfc829abbd7433b0c30c94e69c042c6d33ccc907edf02"""," ""elf.mirai"""," ""Katana"""," ""100""",2026-10-04 15:46:50," """"","Mirai"""
"""9098479b832956ce9bb9a78f38ec9553505241181d036a8e99a849e31f98363c"""," ""elf.mirai"""," ""Katana"""," ""100""",2026-10-04 15:46:49," """"","Mirai"""
"""8d1f18a7711c91c130e2f7060a093e9b21dfc39c9c01e082af43e9ed98099701"""," ""elf.bashlite"""," ""gayfgt",torlus,2026-10-04 15:46:48,qbot," ""100"""
"""d3e4fc5c0e51a290fb6e3ed4e5880f3b6738f001fa8561e760f993b1a32c00a0"""," ""elf.mirai"""," ""Katana"""," ""100""",2026-10-04 15:46:47," """"","Mirai"""
"""0b67c3522c0526ba88176fdbe49edc4540343fc1757f30701972935dfbcb4358"""," ""elf.mirai"""," ""Katana"""," ""100""",2026-10-04 15:46:46," """"",Gafgyt
"""56ba71e217d13c871fc4a4e491a1f147da88bfc32acd7d8da204e14295208eb0"""," ""elf.mirai"""," ""Katana"""," ""100""",2026-10-04 15:46:45," """"",Mirai
"""6932db4dc19fec01137b7fea9e06194d58f334f7a7b146f77a0f8cf6306deb06"""," ""elf.mirai"""," ""Katana"""," ""95""",2026-10-04 15:46:44," """"","Mirai"""
"""30b05a4e947962577c57a1d0cdceeb7c9fe0090b8ba6f733a9c410292d803689"""," ""elf.mirai"""," ""Katana"""," ""100""",2026-10-04 15:46:42," """"","Mirai"""
"""9c1a4318df911281fd7b6971c7fd0e022ebe310b7c49381c6b89ef23ad9551e6"""," ""elf.mirai"""," ""Katana"""," ""95""",2026-10-04 15:46:42," """"","Mirai"""
"""d3adf0e7fe36d2a62fdf1db3977c52bbf5e0b709e959af601fba04e54de02dbc"""," ""elf.mirai"""," ""Katana"""," ""100""",2026-10-04 15:46:40," """"","Mirai"""
"""4764f040fbd2f3538ed73c17db0383aacfff4e8f7d0b2fa7937065697df0ab2f"""," ""elf.mirai"""," ""Katana"""," ""100""",2026-10-04 15:46:39," """"","Mirai"""
"""4f518fac9357de5b51c253a5bde076ede58e34f051f54d1f22375863f678c431"""," ""elf.mirai"""," ""Katana"""," ""100""",2026-10-04 15:46:38," """"","Mirai"""
"""85c7b902006ee9272f2559bcae82584ba429f879c0759de6b077bdd4d8fad11f"""," ""elf.mirai"""," ""Katana"""," ""100""",2026-10-04 15:46:37," """"","Mirai"""
"""cbabb3375d396af33cd1a525f8d7d3dc0c3c799e7f8cd77c74a7d812e8d2bd76"""," ""elf.mirai"""," ""Katana"""," ""100""",2026-10-04 15:46:36," """"",Mirai
"""9a6f43f03b242b81af4d9f4368463a9fa5700c00f16cbfc2b8cae20ef23b3114"""," ""elf.mirai"""," ""Katana"""," ""100""",2026-10-04 15:46:35," """"",Mirai
"""37b38b9303be79f30f74f7c0247ab5c6850c5ce16c4740e6b8273d6cfd926200"""," ""elf.mirai"""," ""Katana"""," ""100""",2026-10-04 15:46:34," """"",Mirai
"""b1d79dddbd0e70d84f0f2d9a9a4575e722102408c4f084d43f6088f59ce81f9b"""," ""elf.mirai"""," ""Katana"""," ""100""",2026-10-04 15:46:32," """"",Mirai
"""a1a57fee671f6b48fe6dd7393f558c0b01ef60dd7fa6805a6fee8e0a3578336f"""," ""elf.mirai"""," ""Katana"""," ""100""",2026-10-04 15:46:31," """"",Mirai
"""f2b0de132ef96ef82d4b7d9029f785b69d3255d7cde7a0a4487eb236f450de8f"""," ""elf.mirai"""," ""Katana"""," ""100""",2026-10-04 15:46:30," """"",Mirai
"""f19307793fa5f1ecd16b9690969e55baec9f7b2b4e8a2e003b959d8d56219e24"""," ""elf.mirai"""," ""Katana"""," ""100""",2026-10-04 15:46:29," """"","Mirai"""
"""81a6b7afc8b8eee0301fe884359a05db347e09b8545bf2e3a2be4a9bde9edae5"""," ""elf.mirai"""," ""Katana"""," ""100""",2026-10-04 15:46:28," """"","Mirai"""
"""46726bc3c76a572749eb883a736e6ba796df0b8a22bab3e27abc8f3f5dd42cbf"""," ""elf.mirai"""," ""Katana"""," ""95""",2026-10-04 15:46:26," """"",exe
"""12415f13ab77ac7f0c816f7fcb3b5fda0b6787d132e3e0b689948e25f6409b8d"""," ""elf.mirai"""," ""Katana"""," ""100""",2026-10-04 14:46:58," """"","Mirai"""
"""928a8dfedb8ba0ea6c425e61c250e6f6fc4e120fbd2f468d0b3d8a8ed6d9e0c9"""," ""elf.mirai"""," ""Katana"""," ""100""",2026-10-04 14:46:57," """"","Mirai"""
"""5478cbc19129559bd58329a0ce9e2953ca0b349e19240e22b5d8446b26d2000a"""," ""elf.mirai"""," ""Katana"""," ""100""",2026-10-04 14:46:56," """"","Mirai"""
"""0a2fd2aed1ecb5d674e07d6a48b474c4f85cf4184462777266b9c28d53f437a4"""," ""elf.mirai"""," ""Katana"""," ""100""",2026-10-04 14:46:55," """"","Mirai"""
"""84281e7c0b96c50f85be9843e56b97be494879af69edb3ab2095a32b8784a574"""," ""elf.mirai"""," ""Katana"""," ""95""",2026-10-04 14:46:54," """"",Mirai
"""835a463d11e5182adfe079472f3bde8aaf7bf8dc145e40a8bb4a416463842cce"""," ""elf.mirai"""," ""Katana"""," ""95""",2026-10-04 14:46:53," """"",Mirai
"""1f148efa8eefb472fd72af647395dd8a70cae524c34bff56be9151b9b2aabf87"""," ""elf.mirai"""," ""Katana"""," ""95""",2026-10-04 14:46:52," """"","Mirai"""
"""c6807219f08f5c93b7726fa209ce3ac0d60b94a52b6d4e84f9c7d833e184bd2b"""," ""elf.mirai"""," ""Katana"""," ""95""",2026-10-04 14:46:51," """"",exe
"""dc529e469c122a3323044ec30d34e1a1686220a8e3c7d2e0aa653b98ead41f37"""," ""elf.mirai"""," ""Katana"""," ""95""",2026-10-04 14:46:50," """"",exe
"""15db040977f7b4f7c35c50a038e1de70189bb888e121644f9b3d7b63da6bf152"""," ""elf.mirai"""," ""Katana"""," ""95""",2026-10-04 14:46:49," """"",exe
"""e20edb8784227d443e3e8b7c12e8d694087bee0b180123237208dcaeebc9bfe7"""," ""elf.mirai"""," ""Katana"""," ""95""",2026-10-04 14:46:48," """"",exe
"""0138f636b828c12069afeae4e2ad42d3db6c503ea592bde6a8d71e99f3797e53"""," ""elf.mirai"""," ""Katana"""," ""95""",2026-10-04 14:46:47," """"",exe
"""93e3348e982f3684b21114f5513a1d7794b2cbfa3a49c65c4ddf9eb8c9f5f1f3"""," ""elf.mirai"""," ""Katana"""," ""95""",2026-10-04 14:46:46," """"",exe
"""6abb8699177668aca9dc5b57abd1e9c897630161224981803aca060de8b80f55"""," ""elf.mirai"""," ""Katana"""," ""95""",2026-10-04 14:46:45," """"",exe
"""0dddc309b0d30ccc26cc52c0dbda60ea3e447c07a9261c561c0cfe40ebc2f928"""," ""elf.mirai"""," ""Katana"""," ""95""",2026-10-04 14:46:44," """"",Mirai
"""4a9665680fe3a301eb6d2a0f63a3e4e7e656bb44380450cc24e0162fa5915211"""," ""elf.mirai"""," ""Katana"""," ""95""",2026-10-04 14:46:43," """"",exe
"""1c901701ce83b6eac3570ec169d85ae3334df1e4878b359040e1cd9987e2fb68"""," ""elf.mirai"""," ""Katana"""," ""100""",2026-10-04 14:46:42," """"","Mirai"""
"""b94610279cee6330a90b1697235a537c7d04ec3a8eef4c906ab5e8a38a530802"""," ""elf.mirai"""," ""Katana"""," ""95""",2026-10-04 14:46:41," """"",Mirai
"""24874cc2145f8cb88952424d857387e09ad2ee360fc99d7e90da4d966d6155c2"""," ""elf.mirai"""," ""Katana"""," ""100""",2026-10-04 14:46:40," """"","Mirai"""
"""44510b029aad386e9e159c084ad987920761584a07eecee965522f92f2a96582"""," ""elf.mirai"""," ""Katana"""," ""100""",2026-10-04 14:46:39," """"","Mirai"""
"""6a17ed0d2f9e571666a5941e591a6f7bbb2a4323324527c42fdaaba43e2a2470"""," ""elf.mirai"""," ""Katana"""," ""100""",2026-10-04 14:46:38," """"",Mirai
"""c07025d6536301d0d89d4dd818a44021adfbd289af41cfb7a6bddd4ab55454b6"""," ""elf.mirai"""," ""Katana"""," ""100""",2026-10-04 14:46:37," """"",Mirai
"""a1352d2bfaf5928476b0214c04d0c24badfeb35f9991386b7220bf574af0e247"""," ""elf.mirai"""," ""Katana"""," ""100""",2026-10-04 14:46:36," """"",Mirai
"""be5f52e4fead3639e7202231f8740505519bfb6a3ff41c6cb533df7385f6a97a"""," ""elf.mirai"""," ""Katana"""," ""100""",2026-10-04 14:46:35," """"",Mirai
"""7cbda6dc32be42e8d838f168f87bfbdaece4fa787a243b71313356350828cb1b"""," ""elf.mirai"""," ""Katana"""," ""100""",2026-10-04 14:46:34," """"","Mirai"""
"""59917d57e94301d33685e651f71495c8cc958cb911cde15ae98e81f9a7264fce"""," ""win.coinminer"""," ""None"""," ""100""",2026-10-04 14:46:33," """"","sh"""
"""902b6affb47b3a6d9f8d618d4dae85730a6d6eadc3c4a8cf66c81f5375f9b8ba"""," ""elf.mirai"""," ""Katana"""," ""100""",2026-10-04 14:46:32," """"","Mirai"""
"""7f758dd54c10e678c40fc022fa61f8ea4dd9780070c3b1f30b8dc5163cfbc7a2"""," ""elf.mirai"""," ""Katana"""," ""100""",2026-10-04 14:46:31," """"","Mirai"""
"""fbb37366d512207792c0cc90de869deddecb4d412f390787e01dd93d602e92cb"""," ""elf.mirai"""," ""Katana"""," ""100""",2026-10-04 14:46:30," """"","Mirai"""
"""ed714a097ff6169e1a9935c9b8b7e09afffc45aab659cac9c3bed8a146f83851"""," ""elf.mirai"""," ""Katana"""," ""100""",2026-10-04 14:46:29," """"","Mirai"""
"""aa64bf1471d43b21cc0b6f761473ed2903439364e5495656b67fb9e747910bb9"""," ""elf.mirai"""," ""Katana"""," ""100""",2026-10-04 14:46:28," """"","Mirai"""
"""327725c6e923a0565fbdfaa58c5fdfefae67f0e842078021bc2f4d394b3f730d"""," ""elf.mirai"""," ""Katana"""," ""100""",2026-10-04 14:46:27," """"","Mirai"""
"""017c556340931f6dd7fe11b434b5b1bcabde5438ad4990dbe4c060092a7ae5da"""," ""elf.mirai"""," ""Katana"""," ""100""",2026-10-04 14:46:26," """"","Mirai"""
"""beaf5cee7cc102d3fb455b48a7dbf29a882821db5f4b4bf8e6281795f6dbab0e"""," ""elf.mirai"""," ""Katana"""," ""100""",2026-10-04 14:46:25," """"","Mirai"""
"""32c44f326612aad02fc53493f988f122ca728cf1bf7123761206dd071d659bec"""," ""elf.mirai"""," ""Katana"""," ""100""",2026-10-04 14:46:24," """"",Mirai
"""dae779c0c6c93d93cfa6f5cdf1c675e438d332ec6266319f32779f9bb882ff8b"""," ""elf.mirai"""," ""Katana"""," ""100""",2026-10-04 14:46:23," """"","Mirai"""
"""27d5eba8a5c023a6fecaeb6ec905c99fc0f0a305c52e2f977cf04127c2a09d71"""," ""elf.mirai"""," ""Katana"""," ""100""",2026-10-04 14:46:21," """"","Mirai"""
"""276b9063aa94145ff3ffc85d0774827b281c0e2171c9897b841a1aa4aa13e95b"""," ""elf.mirai"""," ""Katana"""," ""100""",2026-10-04 14:46:20," """"",Mirai
"""3e01ef59a397264100d31c65bbba9c4d4247ad19c7364d07031c2782ef772593"""," ""elf.mirai"""," ""Katana"""," ""100""",2026-10-04 14:46:19," """"","Mirai"""
"""4ba7a1e09e8d4dc9c9d45ab68ef7a6fb62543f8eca79767daae6ce258b249d4d"""," ""elf.mirai"""," ""Katana"""," ""100""",2026-10-04 14:46:18," """"","Mirai"""
"""41a15a35f0e522a085d5bfa387770fc4339a9f30f17bef03e03ca38e6893d45a"""," ""elf.mirai"""," ""Katana"""," ""100""",2026-10-04 14:46:16," """"",Mirai
"""92baf0204cc06daf6e9c580a27b820e9e13c994d2a3feadb7e3389177ce787d3"""," ""elf.mirai"""," ""Katana"""," ""100""",2026-10-04 14:46:15," """"",Mirai
"""f2911fe9394e3d09f36be8d6c17b62fde5fab04d1e985173f23a543111c97fac"""," ""elf.mirai"""," ""Katana"""," ""100""",2026-10-04 13:47:05," """"",Mirai
"""fc4e159f8478673943d1d52366f5c274f95fd6ddb3618bd75b873154e72fca0a"""," ""elf.mirai"""," ""Katana"""," ""100""",2026-10-04 13:47:04," """"",Mirai
"""15c488a330362ce5dd621b40a057f8ee98d9f1a962e3f440acec53e34874dbeb"""," ""elf.mirai"""," ""Katana"""," ""95""",2026-10-04 13:47:03," """"","Mirai"""
"""08f4d444d51993a92e374193007440da52d5e9b375f7ad02fdaae7706280c1b1"""," ""elf.mirai"""," ""Katana"""," ""100""",2026-10-04 13:47:02," """"","Mirai"""
"""7a95e6de72616d5f010e6a450840791a4cb1451650073a55fd2685cafd7e6a08"""," ""elf.mirai"""," ""Katana"""," ""100""",2026-10-04 13:47:01," """"","Mirai"""
"""c51c160528162b1242181d581beb958e3c129f4ad6322110c95d27d09c5999c0"""," ""elf.mirai"""," ""Katana"""," ""100""",2026-10-04 13:47:00," """"","Mirai"""
"""3e6086ecc5b51610bf3ef3f61e9fb5bc931b7884b048d285198c5615bf706840"""," ""elf.mirai"""," ""Katana"""," ""100""",2026-10-04 13:46:59," """"",Mirai
"""2e7410c0c300b65720eb170d3e661faa0df52e5fd4d3309ff9bf9301a2cda679"""," ""elf.mirai"""," ""Katana"""," ""100""",2026-10-04 13:46:58," """"",Mirai
"""2d1d15d9b95d9a0b1be2ab8123b42c574d608d33889ce0ea66ae58f85343292a"""," ""elf.mirai"""," ""Katana"""," ""100""",2026-10-04 13:46:57," """"",Mirai
"""77c7cf1612546a99c871f23320ccd7eab689c81f81f1299fa43324dc907c7349"""," ""elf.mirai"""," ""Katana"""," ""100""",2026-10-04 13:46:56," """"","Mirai"""
"""47b73ec3c5ddab79d19431301aff1e214228d4eccab3cb81cc98a5bbadc31358"""," ""elf.mirai"""," ""Katana"""," ""95""",2026-10-04 13:46:55," """"",exe
"""cb13c93cd04a0a56ed96954ce2bb28e066ab75dfc53d6528a31d317e6a94db62"""," ""elf.mirai"""," ""Katana"""," ""95""",2026-10-04 13:46:54," """"",exe
"""23f394b8f6cdbf343b0b2989634ccfd65d3ee2d0c08d44291ba2b454d6a5cf67"""," ""elf.moobot"""," ""None"""," ""100""",2026-10-04 13:46:53," """"","MooBot"""
"""d970d130189f46485be585447d9647acc2e6952e45c70de12b3b0616c5e53b71"""," ""elf.mirai"""," ""Katana"""," ""100""",2026-10-04 13:46:52," """"","Mirai"""
"""dc67563e51abdfc8ae78cee3e2752b28a9de7d6a9c24d812312106587d0be449"""," ""elf.mirai"""," ""Katana"""," ""100""",2026-10-04 13:46:51," """"","Mirai"""
"""f0bc10c6e13d2da8a50767c193265db6da1ddd339c6da4fdeb518a501b47ff69"""," ""elf.mirai"""," ""Katana"""," ""95""",2026-10-04 13:46:50," """"",exe
"""eb499388605beb0bac8bbab8e3b218324ec99ab1491e823f906b1c8629a09f45"""," ""elf.mirai"""," ""Katana"""," ""95""",2026-10-04 13:46:50," """"",Mirai
"""5cfca627cfec0c57c39523886114ab9eaad8b8659e51d072a6f6a065c8092afd"""," ""elf.mirai"""," ""Katana"""," ""95""",2026-10-04 13:46:49," """"",exe
"""6437fefc7962e6ad12dd2aa700a86b26f8a2536eb8752c550f5465067d0f4261"""," ""elf.mirai"""," ""Katana"""," ""95""",2026-10-04 13:46:48," """"",exe
"""e2c334f483fc20d52e55da2f613d9103fa02a6751f33922e54cf504785f904d8"""," ""elf.mirai"""," ""Katana"""," ""95""",2026-10-04 13:46:47," """"",exe
"""00f60da6b04c8c520157d51e48d30dec9dbb17c72849e42ba50a2087c0167057"""," ""elf.mirai"""," ""Katana"""," ""95""",2026-10-04 13:46:46," """"",exe
"""fe4ee19554e105da2e904d29eeacf28b55f862577d8beb4dcd63ba61ce470cd9"""," ""elf.mirai"""," ""Katana"""," ""95""",2026-10-04 13:46:45," """"",exe
"""ba7b96afaa378e8ad6890c1f614d750bc65d3c7a4cba7ab0594628d660c54c3b"""," ""elf.mirai"""," ""Katana"""," ""95""",2026-10-04 13:46:43," """"",Gafgyt
"""a525c71d0aeae15bead95232d3569a9de9a82622d0fe401941dc05c200f58797"""," ""elf.mirai"""," ""Katana"""," ""95""",2026-10-04 13:46:42," """"",Gafgyt
"""22dda87204c5fc4d5aaf7f82342e563d95dce2db70af57d996234944f953ab56"""," ""elf.mirai"""," ""Katana"""," ""95""",2026-10-04 13:46:41," """"","Mirai"""
"""f8e71e2230e5feefcafa75b20104f89c1965e068b90693a291069db355e15a9f"""," ""elf.mirai"""," ""Katana"""," ""95""",2026-10-04 13:46:40," """"","Mirai"""
"""09bcada47a24b97c59c66ab1525a4c966ab4170619447d6d3d36a25f7595312d"""," ""win.formbook"""," ""win.xloader"""," ""90""",2026-10-04 13:46:39," """"",powershell
"""b5b1b044725f454461ea3ed76cda0d76c20fab2aab85f3098faf411bb35f4ed8"""," ""elf.mirai"""," ""Katana"""," ""95""",2026-10-04 13:46:39," """"","Mirai"""
"""745c0cd5124b60a5f633512deadbd7dfdd06703ff34ec7f8d06b56d4a24fb4fa"""," ""elf.mirai"""," ""Katana"""," ""100""",2026-10-04 13:46:37," """"",Mirai
"""6339cf3b00170d210331ddddb3c62f885e91b4a2001ae12c0d02e2e09bee0e58"""," ""elf.mirai"""," ""Katana"""," ""100""",2026-10-04 13:46:36," """"",Mirai
"""626efbafaf083cfaa164085a3a3f3e691415ce94d37166a6f396d4713c23f61f"""," ""elf.mirai"""," ""Katana"""," ""100""",2026-10-04 13:46:36," """"","Mirai"""
"""8cfb30ee7cd0486e66c325c52a161b5f01be4bf96d3611066f0dc002a5931ac4"""," ""elf.mirai"""," ""Katana"""," ""100""",2026-10-04 13:46:35," """"",Mirai
"""528b4b6ef3640c83045c803b98de0e55d965f5c7138c0bf40b5eab6b9d1c9ac7"""," ""elf.mirai"""," ""Katana"""," ""100""",2026-10-04 13:46:33," """"","Mirai"""
"""ba01adf83586c9d32cc0ba0c35ee23216cf51862c2af46dae4eb8e944bcaaefc"""," ""elf.mirai"""," ""Katana"""," ""100""",2026-10-04 13:46:32," """"","Mirai"""
"""932e3c4ae1d5404ceade8dfd386182800b91eb93794c914b7f09b094996b061e"""," ""elf.mirai"""," ""Katana"""," ""100""",2026-10-04 13:46:31," """"",Gafgyt
"""f80e14057062c1b9b24819c8aa524c6fa7991a720bfd15e784d0d21f7a78c2b1"""," ""elf.mirai"""," ""Katana"""," ""100""",2026-10-04 13:46:30," """"","Mirai"""
"""18d17f16c0b14cfe35c4d8073169a0fa4fe1dc3c9e55226dc7295cab38e223d9"""," ""elf.mirai"""," ""Katana"""," ""100""",2026-10-04 13:46:29," """"","Mirai"""
"""e11e65338860c6bdcd6f2bc5f5d35f162c54df42ca63f0178ba3d481be0193ad"""," ""elf.mirai"""," ""Katana"""," ""100""",2026-10-04 13:46:28," """"","Mirai"""
"""21908cd9b2741237f34532d95b5ec0acf19d1b9f805955c08966682718998c18"""," ""elf.mirai"""," ""Katana"""," ""100""",2026-10-04 13:46:27," """"","Mirai"""
"""59e4426161024da7af4b9755f2bf861bb8850b4469e9f00c8f7c15f4f18e9eb7"""," ""elf.mirai"""," ""Katana"""," ""100""",2026-10-04 13:46:25," """"","Mirai"""
"""7c9035d46693b106274c14ad3987f94651cf847a3415ca6d55ca3cd91ccd06a6"""," ""elf.mirai"""," ""Katana"""," ""100""",2026-10-04 13:46:24," """"","Mirai"""
"""9b81ca9f2247f4dd515ebd4b524251f4e933dc2ac78d9e30efec6e438aadc017"""," ""elf.mirai"""," ""Katana"""," ""100""",2026-10-04 13:46:23," """"","Mirai"""
"""19754734aa0efb895d329cc9de17db37c966298926c7ecb3f621ec7e04bf8ea6"""," ""osx.amos"""," ""Atomic macOS Stealer"""," ""100""",2026-10-04 13:27:16," """"",ClickFix
"""7d94f28dd5f180b9160052ab60fc6caf6709a4e07383c0f8fe441cdcf977326f"""," ""osx.amos"""," ""Atomic macOS Stealer"""," ""100""",2026-10-04 13:27:12," ""2026-10-04 13:25:54""",ClickFix
"""a29c5b31347714fd1e7470ade9d5fffc183ff86029969dcf313729fe7292f310"""," ""elf.mirai"""," ""Katana"""," ""100""",2026-10-04 12:47:10," """"",Mirai
"""280aae753e6d5251c88cb62dd54ad5eb00bb66a230dec543ee5f652a96019030"""," ""elf.mirai"""," ""Katana"""," ""100""",2026-10-04 12:47:09," """"",Mirai
"""5fe771dcafd255f49fcd226534ed1eb00ebad5d120e4426217efc67a305bd7a2"""," ""elf.mirai"""," ""Katana"""," ""100""",2026-10-04 12:47:08," """"","Mirai"""
"""4c8f70b1df9e1c2a3e126daf04ba2ee1ad1e4efed5fdfed79bc4cf68d12af2b2"""," ""win.coinminer"""," ""None"""," ""100""",2026-10-04 12:47:07," """"","sh"""
"""e94fc6ffd05950f4b169f7ad91a0228bfe1c4320fd9453f7f3de687d59ba1fee"""," ""elf.mirai"""," ""Katana"""," ""100""",2026-10-04 12:47:06," """"","Mirai"""
"""d5fd3c15f9514e187adf6756e85b5b7ce377a8639a327e60bdeedf0fb19f3258"""," ""elf.mirai"""," ""Katana"""," ""100""",2026-10-04 12:47:05," """"","Mirai"""
"""f5f68e9d891e2457494cb8637f4a23e1c934907cd87e7cdb96e08bc95adeb98f"""," ""elf.mirai"""," ""Katana"""," ""100""",2026-10-04 12:47:04," """"","Mirai"""
"""8720838f066ff9e52f05805c239c77eb2c849dbf10ae801082922f86730223a0"""," ""elf.mirai"""," ""Katana"""," ""100""",2026-10-04 12:47:03," """"",Mirai
"""2926f6b7f7b75ad404d564961f5061af5335c6a96838793d9f1c92a4fb0cbd49"""," ""elf.mirai"""," ""Katana"""," ""100""",2026-10-04 12:47:02," """"",Mirai
"""a0a2beb18f9334564860acef1a8d9754dfcd2e94cb90cd878308f12cb5bdf264"""," ""elf.mirai"""," ""Katana"""," ""100""",2026-10-04 12:47:01," """"",Mirai
"""0c8fd35d70dc5e0168927bbbb5b99eb333739cfcf6944a09c0d1af3808209a46"""," ""elf.mirai"""," ""Katana"""," ""100""",2026-10-04 12:47:00," """"",Mirai
"""d1cf86744fb73422574f0426f1828b9c2c3b07c868d066fd5a8ba6418c797a6c"""," ""elf.mirai"""," ""Katana"""," ""100""",2026-10-04 12:46:59," """"","Mirai"""
"""669f12d1c7f633b1f6ab6877d4ebac52a7ab45aadd8795a705339d03cc1807a4"""," ""elf.mirai"""," ""Katana"""," ""100""",2026-10-04 12:46:58," """"","Mirai"""
"""d42dd98e3d93614afd3343c080e890a4e59da42e10ab04d1eef0150d3bfba54b"""," ""elf.snowlight"""," ""None"""," ""95""",2026-10-04 12:46:57," """"","SNOWLIGHT"""
"""8cd47fb1c64538bf65dbbe369827217cb65d63bb49acf32d914e5794715636f9"""," ""elf.mirai"""," ""Katana"""," ""100""",2026-10-04 12:46:56," """"",Mirai
"""80cb8aa7d2c6959c3e974aa72b460882cdb2cd01a0819ae143975ca0f9057b47"""," ""elf.mirai"""," ""Katana"""," ""100""",2026-10-04 12:46:55," """"",Mirai
"""f098922581f87844cc6e522f797a073b418093198d610b499b78d22e2297012b"""," ""elf.mirai"""," ""Katana"""," ""100""",2026-10-04 12:46:54," """"",Mirai
"""dbc1ca156e64d63c86210256623e28d163cbf2bc0da02813828adec3d6d8c9c5"""," ""elf.mirai"""," ""Katana"""," ""100""",2026-10-04 12:46:53," """"","Mirai"""
"""6ff2f877668649928a1a510d79e961e5f13408c729f648bd45cf24f22b011509"""," ""elf.mirai"""," ""Katana"""," ""100""",2026-10-04 12:46:52," """"",Mirai
"""b0c71961215911168cd968cec82b8409f057289de29d94be34e8ae5a1262864f"""," ""elf.mirai"""," ""Katana"""," ""100""",2026-10-04 12:46:51," """"",Mirai
"""b680dd93e62b2b59831e0bd17721693f40af3697ca01054fba1d2318329a7dd6"""," ""elf.mirai"""," ""Katana"""," ""95""",2026-10-04 12:46:50," """"","Mirai"""
"""5307abb737f2a578602f15e35060d8e83cd9063417e745d1cc138bf421c1141f"""," ""elf.snowlight"""," ""None"""," ""95""",2026-10-04 12:46:49," """"","SNOWLIGHT"""
"""07ad858076dfac1967b2f7ec8112a434c73e5f510b71cdf4c6786f4d0c6dd430"""," ""elf.mirai"""," ""Katana"""," ""95""",2026-10-04 12:46:48," """"","Mirai"""
"""8cdd352edc8101704dd238e8f280dfd6088c4371b68886902f8507d23b68d243"""," ""elf.mirai"""," ""Katana"""," ""95""",2026-10-04 12:46:47," """"",exe
"""187c28cd5b90edf38f4d602e87970f5ba1251983b2995d0f01a5b73feabb975a"""," ""elf.mirai"""," ""Katana"""," ""100""",2026-10-04 12:46:46," """"","Mirai"""
"""f2cb819a0a950ae838ae5694fe3638054f88a0c1b13504934bceb0eb3a2f5320"""," ""elf.mirai"""," ""Katana"""," ""100""",2026-10-04 12:46:45," """"","Mirai"""
"""844553c171f4a953bed4ce34c94bc373b5a41a0dfbec71e137534c827573f34b"""," ""elf.mirai"""," ""Katana"""," ""100""",2026-10-04 12:46:44," """"","Mirai"""
"""aeee59e8cbfa37cd0336e595a0e6b3b3cd59323c87a1d603fcde358491001c8a"""," ""win.coinminer"""," ""None"""," ""95""",2026-10-04 12:46:42," """"","exe"""
"""3dc0efeaf17700be3cc94b762d377b31e94744ce67cfd3fb8c9e58c03c093fea"""," ""elf.mirai"""," ""Katana"""," ""95""",2026-10-04 12:46:41," """"",exe
"""a2e625d34e39dc17cf27514e2c9be879f51a5287742aa54e4042774a2ab36e24"""," ""elf.mirai"""," ""Katana"""," ""95""",2026-10-04 12:46:40," """"",exe
"""53003e8ffa9ba86afce9e2f2fb14d8f6cd5dc25eb9a260e98b60646a098310b9"""," ""elf.mirai"""," ""Katana"""," ""100""",2026-10-04 12:46:39," """"","Mirai"""
"""549a0632ac2dab149efd3b627e5747fcdf1e8b7a59d936443a21affb6c002969"""," ""elf.mirai"""," ""Katana"""," ""95""",2026-10-04 12:46:38," """"",Gafgyt
"""a1d4e4545b804c462ccf18a0a8238983cee2405439de327e84ceeeeaecdc4537"""," ""elf.mirai"""," ""Katana"""," ""100""",2026-10-04 12:46:37," """"",Mirai
"""dc356c7639dcdf7c7f7637d4140afe0b4d0ee6fd8510c44d0176feec3cf31028"""," ""elf.mirai"""," ""Katana"""," ""95""",2026-10-04 12:46:36," """"",Mirai
"""7fce3b3a2eef44ddfdc0c4ec821b2c1b094866d14f0020b2e6b6fe48c41a4b30"""," ""elf.mirai"""," ""Katana"""," ""95""",2026-10-04 12:46:35," """"","Mirai"""
"""2c09b5e6aa3356df4cfb3ee88d553d9cba8b06ca9eb78e4b6a0445bef3cdff08"""," ""elf.mirai"""," ""Katana"""," ""95""",2026-10-04 12:46:34," """"",exe
"""4564f18480dacc9a0e1d9f5c22a88987cb09cc4efc77b4ece17dd91af270ea5b"""," ""elf.mirai"""," ""Katana"""," ""95""",2026-10-04 12:46:33," """"","Mirai"""
"""e08893a74dbd3fc05e6b1fb0f94f49d4958b90db63a06b06c1cb9f21dc11eef9"""," ""elf.mirai"""," ""Katana"""," ""95""",2026-10-04 12:46:31," """"",exe
"""d36ac472929af3339452f9bdbac9692b149be6885f689306c24d5fba6a3adc47"""," ""elf.mirai"""," ""Katana"""," ""95""",2026-10-04 12:46:30," """"",Gafgyt
"""6d1980264ad50a9b13c9e2cf632118a686004f6c806d53023b200ade50eefc42"""," ""elf.mirai"""," ""Katana"""," ""95""",2026-10-04 12:46:29," """"",exe
"""6c0adf94a816f0876be632e219f983f39e40ca4425489accbf4b3a4e7f37af90"""," ""elf.mirai"""," ""Katana"""," ""95""",2026-10-04 12:46:28," """"",exe
"""f5fd544b4cc592326a8def08330f91bd48238e484b19f5730479c9b4da53532e"""," ""elf.mirai"""," ""Katana"""," ""95""",2026-10-04 12:46:27," """"",exe
"""c391947400542bb6e3ae856d074771deca1f00ee62acec6adedc806812c70423"""," ""osx.amos"""," ""Atomic macOS Stealer"""," ""100""",2026-10-04 12:31:00," ""2026-10-04 12:26:48""",ClickFix
"""1a5c465608ecd6e570c48d6c9ac28dc34d9973b734e0027d46dadf9d3e21033e"""," ""osx.amos"""," ""Atomic macOS Stealer"""," ""100""",2026-10-04 12:31:00," """"",ClickFix
"""47f00527433abe430995b6e1a601d8712030d51d51997f914e309a6166a9c231"""," ""unknown"""," ""None"""," ""100""",2026-10-04 12:13:15," """"",EtherHiding
"""07fc2e0cdebffaa01fb8bdccdb16e89db4653b6d0bfa56d182c31e0ceff82282"""," ""unknown"""," ""None"""," ""75""",2026-10-04 12:13:12," """"",elf
"""6691c116edc162de50d32ff81a5a994980fbabb06d6763d4d8c279996ea97662"""," ""osx.amos"""," ""Atomic macOS Stealer"""," ""100""",2026-10-04 12:13:11," ""2026-10-04 08:18:58""",ClickFix
"""019d8c23df11ffa6e0bc810f6b3363199b8b751f07898fc9b564a64dd6d2e8cd"""," ""osx.amos"""," ""Atomic macOS Stealer"""," ""100""",2026-10-04 12:13:10," """"",ClickFix
"""1e9f8f2dc2abd5e4d7b243d249235da87d5c676ab22160b54681ae0414242815"""," ""osx.amos"""," ""Atomic macOS Stealer"""," ""100""",2026-10-04 12:13:10," ""2026-10-04 09:34:22""",ClickFix
"""723f9c6f4d9451e4ce581cdabf4d033b46d780856ab2e16a70d6b4963029f95a"""," ""osx.amos"""," ""Atomic macOS Stealer"""," ""100""",2026-10-04 12:13:09," """"",ClickFix
"""d96c32faa2499a06687c3ba7f5be2b67bdabce98d8b62ed6bb5294905a730c80"""," ""osx.amos"""," ""Atomic macOS Stealer"""," ""100""",2026-10-04 12:13:08," ""2026-10-04 10:18:25""",ClickFix
"""271a32a5c821fa28ccb19dc7042c0cee51bdc10201d291eb6c1b1d9d267b29b6"""," ""osx.amos"""," ""Atomic macOS Stealer"""," ""100""",2026-10-04 12:13:07," """"",ClickFix
"""e10705e7ddfbde63e300721b7b64971892df82bee595a3327f39c637557cac76"""," ""osx.amos"""," ""Atomic macOS Stealer"""," ""100""",2026-10-04 12:13:07," ""2026-10-04 11:51:35""",ClickFix
"""38091c12e82987345d0cbfb6c71b609356eddb2ad9db9f1a177c21ca415a98b1"""," ""osx.amos"""," ""Atomic macOS Stealer"""," ""100""",2026-10-04 12:13:06," """"",ClickFix
"""b0e4123b861e6ef96a3ff800e8e029177c6f1233d0bb57596d378291a1cb5166"""," ""elf.mirai"""," ""Katana"""," ""95""",2026-10-04 11:46:54," """"",exe
"""f60066b81534b050fc14ace1f8cab2b89914a19503f8973055f050196d5b9ae6"""," ""elf.mirai"""," ""Katana"""," ""95""",2026-10-04 11:46:53," """"",exe
"""efea9e156af94f633941357ad696a346d640ae33c8a6cca38defb54520cb69fd"""," ""elf.mirai"""," ""Katana"""," ""95""",2026-10-04 11:46:52," """"",exe
"""864f4303aaa1c6f53880eadd3a6de114656f3bde631a55602516344beb58c1bb"""," ""elf.mirai"""," ""Katana"""," ""95""",2026-10-04 11:46:51," """"",Gafgyt
"""a9ab6f15c54914cb00839e440f77cb7102f0aeb94cfdf36ae29f931d67b7f7f0"""," ""elf.mirai"""," ""Katana"""," ""95""",2026-10-04 11:46:50," """"","Mirai"""
"""217e00b0678a790d5cea561e302d14be50dfe2a3ac8b69db6bef2af4236d8afb"""," ""elf.mirai"""," ""Katana"""," ""95""",2026-10-04 11:46:49," """"","Mirai"""
"""259669c71b188691d697b453c1bb793ec36922a22296248c95973ede2be474d7"""," ""elf.mirai"""," ""Katana"""," ""95""",2026-10-04 11:46:48," """"","Mirai"""
"""d6ebb3e787c528193f893123b44246f739df58abe1d7d91d006d1ad829ab7675"""," ""elf.mirai"""," ""Katana"""," ""95""",2026-10-04 11:46:48," """"","Mirai"""
"""4ddd6278278d6fa066c7391a34222dbf1168b6884148feaabc5bd676c23a21e4"""," ""elf.mirai"""," ""Katana"""," ""100""",2026-10-04 11:46:47," """"",Mirai
"""f96215c68cbb8bad180587fb89c2d9bccff554694a5ce2a2209ff8c19f16b8e1"""," ""elf.mirai"""," ""Katana"""," ""100""",2026-10-04 11:46:46," """"","Mirai"""
"""d6dbc73627d0b1a9beec2e114c85ef4fd2788262dbe6796f4b803b6daccd3231"""," ""elf.mirai"""," ""Katana"""," ""100""",2026-10-04 11:46:45," """"","Mirai"""
"""c07cc1803d7375bd9cd99096db4ed7b2abcb85f1beb142fb508bcf7d761b955b"""," ""elf.mirai"""," ""Katana"""," ""100""",2026-10-04 11:46:44," """"","Mirai"""
"""82b875082f14bd909bf65917851bb52d42d482b42d3f3e9aaec27d67c3b0eb26"""," ""elf.bashlite"""," ""gayfgt",torlus,2026-10-04 11:46:43,qbot," ""100"""
"""34c917a284c6c118b54132c49c1cf7b40653c147ad74523c710c044f1f98d620"""," ""elf.mirai"""," ""Katana"""," ""100""",2026-10-04 11:46:42," """"","Mirai"""
"""a0728a70bf9817b016d28e65090293e3fcd99825db92fc91044f985a479de885"""," ""elf.mirai"""," ""Katana"""," ""100""",2026-10-04 11:46:41," """"","Mirai"""
"""528778d697d92e7c239b16aa532806cc3bd70960bea7ee46156a497a5732ff12"""," ""elf.mirai"""," ""Katana"""," ""100""",2026-10-04 11:46:40," """"","Mirai"""
"""347f42d0a4d83bd8580a729e0b1d2c65f54d06726907e46c24774bc229f5cf47"""," ""elf.mirai"""," ""Katana"""," ""100""",2026-10-04 11:46:39," """"","Mirai"""
"""1c1f3997a9df6206fcf39949fb719b46a06497f7ef633c16075622e9c92acd0a"""," ""elf.mirai"""," ""Katana"""," ""100""",2026-10-04 11:46:38," """"","Mirai"""
"""ee0031759065aac5bb1851fca44ad79bbcaf521b00bcf5fc5f6b2dec090a46b3"""," ""elf.mirai"""," ""Katana"""," ""100""",2026-10-04 11:46:37," """"",Mirai
"""3e4edea73034a6c38930330413d745cddc0c4c0bf206cb259bc4a827fd13d6d3"""," ""elf.mirai"""," ""Katana"""," ""100""",2026-10-04 11:46:36," """"","Mirai"""
"""e56b32c7b18f0a5e8a0308e45a1e11eb642d928f5efd554280b7cdf03babdb13"""," ""elf.mirai"""," ""Katana"""," ""100""",2026-10-04 11:46:35," """"","Mirai"""
"""9ccc4db28c8da295f73b0180fe7812f2668910726cf8e7d410b27e2d059369ae"""," ""elf.mirai"""," ""Katana"""," ""100""",2026-10-04 11:46:34," """"","Mirai"""
"""ac3a8d8faf684f8e3fbe54612b39872b94b5673c512042d320b7e0c366b90a0d"""," ""elf.mirai"""," ""Katana"""," ""100""",2026-10-04 11:46:32," """"",Mirai
"""801e4978b04e7c8377625359eaf0121fa71062ed2cb08105fdfa536fb93c1130"""," ""elf.mirai"""," ""Katana"""," ""100""",2026-10-04 11:46:31," """"","Mirai"""
"""995e43d70fad10c13d296fc34de743fae2edfac447a244d99ced9d5f0e8c02eb"""," ""elf.mirai"""," ""Katana"""," ""100""",2026-10-04 11:46:30," """"","Mirai"""
"""04c01403ad7475b62702df25481eca153516ea44220edf862e52146498d1d631"""," ""elf.mirai"""," ""Katana"""," ""100""",2026-10-04 11:46:30," """"",Mirai
"""4f6291cc107b56d6d2b859eb02a75f95222cef364a053e43ae91231a7c65ba9b"""," ""elf.mirai"""," ""Katana"""," ""100""",2026-10-04 11:46:28," """"",Hajime
"""ea810de463883ddca3d82fc52b93f267c1ea1c17fbf2eb76bfdf165d349ce02b"""," ""win.formbook"""," ""win.xloader"""," ""100""",2026-10-04 11:46:27," """"","ps1"""
"""ff2973aace841c8e229d2e9669a17a5d94d9cc31dbd3bb15943c3396dc7a854a"""," ""elf.mirai"""," ""Katana"""," ""100""",2026-10-04 11:46:26," """"",Mirai
"""58c4cc8c7cb89d1c5f7e16a948b04879d60275f31d2fad3fc4d54e759b99d472"""," ""elf.snowlight"""," ""None"""," ""95""",2026-10-04 11:46:25," """"","SNOWLIGHT"""
"""3b596221b710c2a21dee0aa04076f35ee5be552051bbef48d1e3c66dbf57c2eb"""," ""elf.snowlight"""," ""None"""," ""90""",2026-10-04 11:46:24," """"","SNOWLIGHT"""
"""30fbfca5c205f6496891e7cb390c10fd7cf6518e593c31fbf24a31b775b64d87"""," ""elf.snowlight"""," ""None"""," ""95""",2026-10-04 11:46:23," """"","SNOWLIGHT"""
"""34b164db13fc9ec00a1fcf9a142bec0346009041a939f75da21f7239ea49e76e"""," ""elf.snowlight"""," ""None"""," ""95""",2026-10-04 11:46:22," """"","SNOWLIGHT"""
"""e233a9844c3ad1b702eca5ef1cdc46d9cc7e04a43227e483d2bc94d95acc834a"""," ""elf.snowlight"""," ""None"""," ""95""",2026-10-04 11:46:20," """"","SNOWLIGHT"""
"""e9f587728e7cd8fc8eaafb87e5da4d2ebf1df16bc3cbdc9c35c76fa0b204776e"""," ""elf.snowlight"""," ""None"""," ""95""",2026-10-04 11:46:19," """"","SNOWLIGHT"""
"""b0c97f8415676247b833aba34b74f8923a6aeaedb748e1080784ce7680a72c7d"""," ""elf.snowlight"""," ""None"""," ""95""",2026-10-04 11:46:18," """"","SNOWLIGHT"""
"""3e1641122d009db660fbff4261cc7206890e12470f86dbec77ff8769514530aa"""," ""elf.snowlight"""," ""None"""," ""95""",2026-10-04 11:46:17," """"","SNOWLIGHT"""
"""a6b71afc682acc97149d05d0ea2383ea622bd5580b12d13e12f895c40bf38848"""," ""elf.mirai"""," ""Katana"""," ""100""",2026-10-04 11:46:16," """"",Gafgyt
"""86b9ddeb528f6f6452d5b6eb209055f6c0378b5a2c2217e257209395e1d3a09a"""," ""elf.snowlight"""," ""None"""," ""95""",2026-10-04 11:46:15," """"","SNOWLIGHT"""
"""3d7c35780cb6d8be890b9a0f6937e905b2b1df229c7f4b6f0c65aab0d74ac992"""," ""elf.mirai"""," ""Katana"""," ""100""",2026-10-04 11:46:14," """"",Mirai
"""0d341e396719c3729f881b533c3d4e8b089a83e5379160b317c530d6d7a27661"""," ""elf.mirai"""," ""Katana"""," ""100""",2026-10-04 11:46:13," """"","Mirai"""
"""a6f29739da9fc810562cedf1c39604be9e7aa84fca1b2d794957ce5fe8a871de"""," ""elf.mirai"""," ""Katana"""," ""100""",2026-10-04 11:46:11," """"",Mirai
"""6a30af3de496a4669809c306a40c31978202edd1d41314c35caef8dbf7659c6c"""," ""elf.mirai"""," ""Katana"""," ""100""",2026-10-04 10:46:59," """"",Mirai
"""56895890b492b7436372e3a6d20d83044429712bd40c6738706048cffff8b08f"""," ""elf.bashlite"""," ""gayfgt",torlus,2026-10-04 10:46:58,qbot," ""100"""
"""598b7ddffd2c6f7188358d71674dfbe4fd8feef9294940c6825fee1191dbb34d"""," ""elf.mirai"""," ""Katana"""," ""100""",2026-10-04 10:46:58," """"","Mirai"""
"""2aabae20e3321ad0e102a7a3fcf546115a310710110712dad7b43127fa0eb6b0"""," ""elf.mirai"""," ""Katana"""," ""90""",2026-10-04 10:46:57," """"","Mirai"""
"""769b5c6f875497f6ffa4129b44f47fdf9f186da0cf8359b2b55d14cd0ec9dd41"""," ""elf.mirai"""," ""Katana"""," ""100""",2026-10-04 10:46:56," """"","Mirai"""
"""60d18a0c9029b527e71a0b54600d8c7feab14190e9b911fd2bc18e75bd7b60ff"""," ""elf.snowlight"""," ""None"""," ""95""",2026-10-04 10:46:55," """"","SNOWLIGHT"""
"""a0be1c01913ee53e6ea5fe2af57aec9024c5a02573e78b87ee10a8222f464b3f"""," ""elf.mirai"""," ""Katana"""," ""90""",2026-10-04 10:46:54," """"","Mirai"""
"""83c3b0789133e767350a3fbb1010851546473a0726bf876cd70e9d40f7f4bcf6"""," ""elf.snowlight"""," ""None"""," ""95""",2026-10-04 10:46:53," """"","SNOWLIGHT"""
"""7386686dd98bb774d352990a5f84fa210aff26ac6ecd5858857d2f54d8a04c07"""," ""elf.snowlight"""," ""None"""," ""95""",2026-10-04 10:46:52," """"","SNOWLIGHT"""
"""f50d920a6bd6b6c12fd4f6ffb828b5528a14c6f371c08ac43b213291bf2937a7"""," ""elf.mirai"""," ""Katana"""," ""95""",2026-10-04 10:46:51," """"","Mirai"""
"""1dfa69826e4ac3ec19da8e653ea207232e2814029d7ed6699ee3aeb28998216a"""," ""elf.snowlight"""," ""None"""," ""95""",2026-10-04 10:46:50," """"","SNOWLIGHT"""
"""6ba4c44f01eb298223b7ecd25f0a2a0a248341638932b4f139c58009e0f49891"""," ""elf.snowlight"""," ""None"""," ""95""",2026-10-04 10:46:49," """"","SNOWLIGHT"""
"""dc4c04c63104c0a95567fdfef071bcbe860e46aa18f70678181bd63e24f96304"""," ""elf.snowlight"""," ""None"""," ""95""",2026-10-04 10:46:48," """"","SNOWLIGHT"""
"""e939e8ee76d641db340f17ec594c4ae1c483e8eac1296ed5b9725e745a116012"""," ""elf.mirai"""," ""Katana"""," ""95""",2026-10-04 10:46:47," """"",exe
"""2b4b04b3aa72ce9fe2432a4a8c6eb9a2858afd5e6402c39ed1332b9e0cb68dfc"""," ""elf.mirai"""," ""Katana"""," ""95""",2026-10-04 10:46:46," """"",exe
"""80c881c47e9b7a28e79eb25b0005ceff0e17229c4164235d138141cfebf12cb8"""," ""elf.mirai"""," ""Katana"""," ""95""",2026-10-04 10:46:45," """"",exe
"""afd61882c4f23a1a2a46719c2f50bcaf543bb7030c8551f9a81cab605b399a05"""," ""elf.mirai"""," ""Katana"""," ""95""",2026-10-04 10:46:44," """"",exe
"""791b8d17d01ae052178c9d5b7fe6fa3b74f810a9177fbe02a1e9825f9a174aed"""," ""elf.bashlite"""," ""gayfgt",torlus,2026-10-04 10:46:43,qbot," ""100"""
"""7cce55ecadc6db1bd7523af85eabc1f2a91a0445b9f53285e0a0db4e0c01a74b"""," ""elf.mirai"""," ""Katana"""," ""100""",2026-10-04 10:46:42," """"","Mirai"""
"""efbc966f0dc8c5647ce01d933798b8e5fe0d22b9463436d0cdf709e97ab8df1c"""," ""elf.mirai"""," ""Katana"""," ""100""",2026-10-04 10:46:41," """"","Mirai"""
"""595d2c2250abaf70cc91cd6b316966f6ba7569dcdd6c252d11d1ef374e25267b"""," ""elf.mirai"""," ""Katana"""," ""100""",2026-10-04 10:46:40," """"",Mirai
"""1491f7d136cc07fe8318b41b04a9f4c69308e6a4982c28978b03c2f6360e76c0"""," ""elf.mirai"""," ""Katana"""," ""100""",2026-10-04 10:46:39," """"","Mirai"""
"""f3eb861b87a8e269b7129ebb1c012f0b339524aad4bc46de44aa564a38b73f7c"""," ""elf.mirai"""," ""Katana"""," ""100""",2026-10-04 10:46:38," """"","Mirai"""
"""9bb9171ef0c05583e8c432e46a217912722abf8e344913f25bc36bb9a4a94802"""," ""elf.mirai"""," ""Katana"""," ""100""",2026-10-04 10:46:37," """"","Mirai"""
"""93aeb68e1d8d2de64418bcdb174aa15e50c8b1865e3c7a4051a654d2ec68fdd2"""," ""elf.mirai"""," ""Katana"""," ""100""",2026-10-04 10:46:36," """"","Mirai"""
"""a88886e83b7b21c157038cd899ea2ab59a1da0781c4608ad0f01b700a15ed496"""," ""elf.mirai"""," ""Katana"""," ""100""",2026-10-04 10:46:34," """"",Mirai
"""c12ec2d39830c6ff9e7f206df171566af69446eee3b226ba8e9acc80e40e51cb"""," ""elf.mirai"""," ""Katana"""," ""100""",2026-10-04 10:46:33," """"","Mirai"""
"""449155fa61f70f8b53873867339a66836cc455e77b20778f899dd14a2a8f6063"""," ""elf.mirai"""," ""Katana"""," ""95""",2026-10-04 10:46:32," """"",exe
"""448b614b5b718aea2cce00db8f47681da8c5ad95ff1b8f0ec10a1ff91c760688"""," ""elf.mirai"""," ""Katana"""," ""95""",2026-10-04 10:46:31," """"",Gafgyt
"""30598f2fe2deb24248b8cc9c968c4bc0460339a8b630a371e432e75622d08666"""," ""elf.mirai"""," ""Katana"""," ""95""",2026-10-04 10:46:30," """"","Mirai"""
"""4eb097ae4491e52a6b133edcb33944724ad6fc0032238e2b1e0b540b5ccea0d5"""," ""elf.mirai"""," ""Katana"""," ""95""",2026-10-04 10:46:29," """"",Gafgyt
"""b8e943f44d0f119858cddf9534bbd4199d430a8e0feb11e45e41986609b18b6d"""," ""elf.mirai"""," ""Katana"""," ""95""",2026-10-04 10:46:28," """"","Mirai"""
"""69fddd5b42a2fcf916aaf977b76d43e41bd206d3a44caff534d7e7b9599ff298"""," ""elf.mirai"""," ""Katana"""," ""95""",2026-10-04 10:46:27," """"",exe
"""04ff798dfaf66c3448151c42fc8d1b81ca586a1443b4ddba9c2b939f0b716869"""," ""elf.mirai"""," ""Katana"""," ""95""",2026-10-04 10:46:26," """"",exe
"""9cd991e2510ed104e7962c266529b6a772b61548e53918b4323f39fe71d33314"""," ""elf.mirai"""," ""Katana"""," ""95""",2026-10-04 10:46:25," """"",exe
"""d11590e875b2b5093864407f95d19e8d84f2d1883dba182c13989156acecb2f6"""," ""elf.mirai"""," ""Katana"""," ""95""",2026-10-04 10:46:24," """"",exe
"""714058ac65f48046dd06cf456df4476bbc3bde5df765cb307ed68c1abaa31767"""," ""elf.mirai"""," ""Katana"""," ""95""",2026-10-04 10:46:23," """"",exe
"""d5ddf0ea7ce424309816359ce32f90bb6b28780c7cfdab2c321570f3e4d15a9f"""," ""elf.mirai"""," ""Katana"""," ""95""",2026-10-04 10:46:22," """"",exe
"""745c3cc7991b9ee62980a0bdda7b10cd708d4f8fc481c2e80bc41480d3644c94"""," ""elf.mirai"""," ""Katana"""," ""95""",2026-10-04 10:46:21," """"",exe
"""1d9bc61a14f8a2592b93d699e19556dc8ce064e822814892b0e805656315119d"""," ""elf.mirai"""," ""Katana"""," ""95""",2026-10-04 10:46:20," """"",exe
"""993aa79338e2c3621399d022d6fc84cad582501156766a983751acf634b18668"""," ""elf.mirai"""," ""Katana"""," ""95""",2026-10-04 10:46:19," """"","Mirai"""
"""de96a13f453b8065e6b2695cc7372e0635969f522fe950239ca5ff03780c44b6"""," ""elf.mirai"""," ""Katana"""," ""95""",2026-10-04 10:46:17," """"","Mirai"""
"""83fee7d8d646273f1ed9c7b34fef8d20cd9c0633180a6813eda7a2e9d2e77689"""," ""elf.mirai"""," ""Katana"""," ""95""",2026-10-04 09:46:58," """"",exe
"""172a1ed27fd5acad8699a05faecd862b10b01997eeae5fde960a6019d3145273"""," ""elf.mirai"""," ""Katana"""," ""95""",2026-10-04 09:46:57," """"",exe
"""3135a764f60e78d64c9be122f041db5fdd0cb7253ad23c67b6896eef84ecf3c2"""," ""elf.mirai"""," ""Katana"""," ""100""",2026-10-04 09:46:56," """"","Mirai"""
"""fcd406b08967edccb21e20f3b2d35b448b791fb58021ebf07e456124b1bf3c39"""," ""elf.bashlite"""," ""gayfgt",torlus,2026-10-04 09:46:55,qbot," ""100"""
"""7d018c9b8095b1916e52cb719d10c7083dc84016dd98686bedd6466a59d80049"""," ""elf.mirai"""," ""Katana"""," ""100""",2026-10-04 09:46:54," """"","Mirai"""
"""641fa24ce1288bcd5ee0891f6e6f82e63a2bb081986401cedcad188bb30926e8"""," ""elf.mirai"""," ""Katana"""," ""100""",2026-10-04 09:46:53," """"","Mirai"""
"""fbd687cc658a66ba841fe13a82f0d875110b4554a5547939642e3215c60ff14d"""," ""elf.mirai"""," ""Katana"""," ""100""",2026-10-04 09:46:52," """"",Mirai
"""b5d5e9bdd88a25b45be79d088e046af93526cde963450515a814c390dd988317"""," ""elf.mirai"""," ""Katana"""," ""100""",2026-10-04 09:46:52," """"",Mirai
"""337a796be64286e16e31dde7b8ee48b2dba3f76314e017ae1c8a2be37bb36162"""," ""elf.mirai"""," ""Katana"""," ""100""",2026-10-04 09:46:51," """"","Mirai"""
"""085d8649a99e636ae9fc5ed6cc425fb436c1eadb8925292b9e3802d69c6a33b8"""," ""elf.mirai"""," ""Katana"""," ""100""",2026-10-04 09:46:50," """"","Mirai"""
"""d83eabdd4c96140622d434cbb7ada82121376fc91bada095895f86981823c609"""," ""elf.mirai"""," ""Katana"""," ""100""",2026-10-04 09:46:49," """"","Mirai"""
"""54210d559fa9d89ed634317c4c145e72e5689cd85d984a82454b03b27cc03b4e"""," ""elf.mirai"""," ""Katana"""," ""100""",2026-10-04 09:46:48," """"","Mirai"""
"""43172e45afb4cef97225b8ed783bd66bd7b06839c6fa95c957d248d67ca1725d"""," ""win.coinminer"""," ""None"""," ""100""",2026-10-04 09:46:47," """"","sh"""
"""c19d15ff0145110b8f9357c14ae5c61f92fc7eb20e5b2a1953c70a6673ac7530"""," ""elf.mirai"""," ""Katana"""," ""100""",2026-10-04 09:46:45," """"","Mirai"""
"""f2192cd642df1a6259bd9467a126f0b05cb11434ac4990739c61b7edecd7b0ea"""," ""elf.mirai"""," ""Katana"""," ""100""",2026-10-04 09:46:44," """"","Mirai"""
"""287329d31ecd505592fbe2c3ef579d22886ea780b8b3ff567b51ae158048e080"""," ""elf.mirai"""," ""Katana"""," ""100""",2026-10-04 09:46:43," """"","Mirai"""
"""e67a7c1104bf6a52fe4776dba1d2e5aee4a08b1e05657ae3c942806a0b2ef30c"""," ""elf.mirai"""," ""Katana"""," ""100""",2026-10-04 09:46:42," """"","Mirai"""
"""ec77e3d7e13262c438b77ed42b933a91e549c2008f2f619191b059850d6ff2fa"""," ""elf.mirai"""," ""Katana"""," ""100""",2026-10-04 09:46:41," """"","Mirai"""
"""bc5ce535ad641bc9c447d8d57632481c2111f2726cbb52c45aec692a197f256b"""," ""elf.mirai"""," ""Katana"""," ""100""",2026-10-04 09:46:40," """"","Mirai"""
"""8b6a1a72c7543206f7bf683ca5b01de3d21c7fb9bb6dfdcaaf271cbdac82aa51"""," ""elf.mirai"""," ""Katana"""," ""100""",2026-10-04 09:46:39," """"","Mirai"""
"""d26c0519e0636570c44bbf940601c6ebe9d0b4e835c090ca380234a04471f3a5"""," ""elf.mirai"""," ""Katana"""," ""100""",2026-10-04 09:46:38," """"","Mirai"""
"""b2cb3f2779f7d8e1698943e3d9ef3f9d71c8588f46d22c706fcd01cd161ffe09"""," ""elf.mirai"""," ""Katana"""," ""100""",2026-10-04 09:46:37," """"","Mirai"""
"""65594e70a075cd47df748a713e14c895eeec8ffcdf20005789ff1bb3c16b367e"""," ""elf.mirai"""," ""Katana"""," ""100""",2026-10-04 09:46:36," """"","Mirai"""
"""be9f71b02fba1309459682ceaf7134a2d4317da0137ba80f6ded55e156eae34f"""," ""elf.mirai"""," ""Katana"""," ""100""",2026-10-04 09:46:35," """"","Mirai"""
"""e19c4c6572348012569e155ba751469f34dee40c9457903d333f00462718a64d"""," ""elf.mirai"""," ""Katana"""," ""100""",2026-10-04 09:46:34," """"","Mirai"""
"""371764e598b0ad9edb0c0d126f107352aa82a2123fdee397b5f727581d1030aa"""," ""elf.mirai"""," ""Katana"""," ""100""",2026-10-04 09:46:33," """"","Mirai"""
"""57130207e60dc0596100e86cc67e288dd092fd3ffaeb230f8a1fd975797b56d0"""," ""elf.mirai"""," ""Katana"""," ""100""",2026-10-04 09:46:32," """"","Mirai"""
"""dbd1c263651e6ffc4d5cc03af734d7c76afe9feee388848439e48405c835dd9c"""," ""elf.mirai"""," ""Katana"""," ""100""",2026-10-04 09:46:31," """"",Mirai
"""bf4373cb99e00c66b6926c009462df36f1a105fd2483794c371f88bf893274c1"""," ""elf.mirai"""," ""Katana"""," ""100""",2026-10-04 09:46:30," """"","Mirai"""
"""073d66a89b4d983347c878d55d83b38ef5e990e8c091c7386d78b4629ce4ec08"""," ""elf.mirai"""," ""Katana"""," ""100""",2026-10-04 09:46:29," """"",Mirai
"""4ecd5cddfe41bedd3aa4026140d74535e1c9534e32cb749515e54124c5e86828"""," ""elf.mirai"""," ""Katana"""," ""90""",2026-10-04 09:46:28," """"","Mirai"""
"""34e511ff3dc026dd04f2de64e23ffd6f5fda98e3932770fce1894a6bfc6401c3"""," ""elf.mirai"""," ""Katana"""," ""100""",2026-10-04 09:46:27," """"",Mirai
"""be887c3115fc69c9d5698771ebfafcf68a324c880a44c350d76365794b9ba4d4"""," ""elf.mirai"""," ""Katana"""," ""100""",2026-10-04 09:46:26," """"",Mirai
"""0175cc4595194d7be09f80df0a202a78706127cd8046596323ff95505615eac3"""," ""elf.mirai"""," ""Katana"""," ""100""",2026-10-04 09:46:25," """"",Mirai
"""8e4400da4b0ad5f45f8fe122cffc3ca0b26bfbca4657bb0883c0740ab3d1af11"""," ""elf.mirai"""," ""Katana"""," ""100""",2026-10-04 09:46:23," """"","Mirai"""
"""c8ea453c9b533e3aae0ecd467a229cb5332e8540064003c84c7e0ce14fca38cc"""," ""elf.mirai"""," ""Katana"""," ""100""",2026-10-04 09:46:23," """"","Mirai"""
"""e3d67c1d2972aa9118b539114288a446cdb66e5b30e29e08600bd4308f15d292"""," ""elf.mirai"""," ""Katana"""," ""100""",2026-10-04 09:46:21," """"",Mirai
"""b6bd154b1305c7c1deef51b55e30d5fdf4cc9392f9970201946eae5dae7a5264"""," ""elf.mirai"""," ""Katana"""," ""100""",2026-10-04 09:46:20," """"",Mirai
"""c05bdf71fc8534e87538ac3af51ae7934b87a51188fb536c3ca2be0d3649fbaf"""," ""elf.mirai"""," ""Katana"""," ""95""",2026-10-04 09:46:19," """"",Gafgyt
"""59e49d46c19c038d4c7c57698688d919064eb641470d3996a8fc2466a807e757"""," ""elf.mirai"""," ""Katana"""," ""95""",2026-10-04 09:46:17," """"","Mirai"""
"""ded0abe6b270bd960bbc99f79eb6bc4a6031f9f64169a75a822cd2f6e83611bf"""," ""elf.mirai"""," ""Katana"""," ""95""",2026-10-04 09:46:16," """"","Mirai"""
"""1c928fd14ecfcf279602e3b886accfea47f46c07c1d3c6279c1f25818cf15060"""," ""elf.mirai"""," ""Katana"""," ""95""",2026-10-04 09:46:15," """"","Mirai"""
"""29089597dd4c427c6c77b85c3091f92af1e5ba4e70a0251ba08e39cb1cd66923"""," ""elf.mirai"""," ""Katana"""," ""100""",2026-10-04 08:46:52," """"",Mirai
"""1a1c4f3e11fb296e0431e5603f3a0852cab06155814c67d453601ec851228e2b"""," ""elf.mirai"""," ""Katana"""," ""100""",2026-10-04 08:46:51," """"","Mirai"""
"""c1d8e2829ea63b9dc1cf2c3421a5093406adad4d6622e238376e78e908e0e6e8"""," ""elf.mirai"""," ""Katana"""," ""100""",2026-10-04 08:46:50," """"","Mirai"""
"""f478b512f22725917ccb70e5051c594321cf72e4cd39fefe6b0343132ff7a891"""," ""elf.mirai"""," ""Katana"""," ""100""",2026-10-04 08:46:49," """"","Mirai"""
"""73596fbc8a3c6644f4364df7cab3bed1245279440101e8dd079120ae8353a404"""," ""elf.mirai"""," ""Katana"""," ""100""",2026-10-04 08:46:48," """"",Mirai
"""31160b1393a0860ccd5e1c1702bfbd15a5b495af8d368f9db65732cf162d8ab2"""," ""elf.mirai"""," ""Katana"""," ""100""",2026-10-04 08:46:47," """"",Mirai
"""d4e4506b27a27100eb18c3f28ca9fae9a63a6b59c5054b29f197497e49836c3e"""," ""elf.mirai"""," ""Katana"""," ""100""",2026-10-04 08:46:46," """"","Mirai"""
"""196a0bc458489424c912c8aef3d8d7b8c661d42bee6732ad300cef5dd59f0f3e"""," ""elf.mirai"""," ""Katana"""," ""100""",2026-10-04 08:46:45," """"",Mirai
"""600d5d105ccd0da951a04d1aba1688e316b877e32a224ade02d06f8597e70af6"""," ""elf.mirai"""," ""Katana"""," ""100""",2026-10-04 08:46:44," """"",Mirai
"""27925acc949c5780a3272f3b96f9bacf2347aed5711ed774aa43dfcdd7aa9f88"""," ""elf.mirai"""," ""Katana"""," ""100""",2026-10-04 08:46:43," """"","Mirai"""
"""bb3530aa35cdb3b0cca1b06c74aa766b36f75fb4820366949ebaa12ea9dd6acf"""," ""elf.mirai"""," ""Katana"""," ""100""",2026-10-04 08:46:42," """"","Mirai"""
"""0a6dcc49c0ce6535d54f3ae2f0f079d33d294090236585885c792f3b1a2ca5bc"""," ""elf.mirai"""," ""Katana"""," ""100""",2026-10-04 08:46:41," """"",Mirai
"""5c3ddd2c43938befb57d753bb5ecde4133a9bda56fe165df45717aae012bc915"""," ""elf.mirai"""," ""Katana"""," ""100""",2026-10-04 08:46:40," """"",Mirai
"""3207102864582b541a347a125f4eef6655ddfd9e82c62dffe4b344967b756d48"""," ""elf.mirai"""," ""Katana"""," ""100""",2026-10-04 08:46:39," """"",Mirai
"""1d7e469a4494ab9c219b568a2630087f65838b7e0b03cd4e93cac2d6ef1d0a28"""," ""elf.mirai"""," ""Katana"""," ""100""",2026-10-04 08:46:38," """"",Mirai
"""557a4ec413f17193cc6a04d47d1caf3b2a8f16bac616684fecafab47e3161cbb"""," ""elf.mirai"""," ""Katana"""," ""95""",2026-10-04 08:46:37," """"","Mirai"""
"""76dc6cd13100f369d4926d28ffb9cb1a0771d211bb36a9ab02b93fa857452149"""," ""elf.mirai"""," ""Katana"""," ""90""",2026-10-04 08:46:37," """"","Mirai"""
"""5a05f26b3d0a8eed868f7f72cc78db58944457b583a65b54af99854849f5178f"""," ""elf.mirai"""," ""Katana"""," ""95""",2026-10-04 08:46:36," """"","Mirai"""
"""d40aa6c2a90d87a55a7c7f50383d27d205024a5e79a38bc000cdf0ddac8c94bb"""," ""elf.mirai"""," ""Katana"""," ""95""",2026-10-04 08:46:35," """"",exe
"""971eda0932ab1376b5a667d0a22808817bd7e48f2c0db7afce1f38181904f4d3"""," ""elf.mirai"""," ""Katana"""," ""100""",2026-10-04 08:46:34," """"","Mirai"""
"""ae1a0443d4e79322a8fc5e74a5cd67f9ab19b97b9bcd95728b7b054848f8c45a"""," ""elf.mirai"""," ""Katana"""," ""100""",2026-10-04 08:46:33," """"","Mirai"""
"""06ec1c4c158b48d9a3beb1f7ad64017c7da5a6892f9729ebe490d71cbc621ad3"""," ""elf.mirai"""," ""Katana"""," ""100""",2026-10-04 08:46:32," """"","Mirai"""
"""f0b516e70d8ee2bd08037407bdae1f4a33648d6ba88ee4f39df37b530d16228a"""," ""elf.mirai"""," ""Katana"""," ""100""",2026-10-04 08:46:31," """"","Mirai"""
"""78d3588a14823b8520891f447d52ba54aa1386632657dec425e4e906835e840c"""," ""elf.mirai"""," ""Katana"""," ""100""",2026-10-04 08:46:30," """"","Mirai"""
"""63922f384a12a8a877bc87c95d59020cb1be1b0f0622d8a61e78326cac20ddfb"""," ""elf.mirai"""," ""Katana"""," ""95""",2026-10-04 08:46:29," """"","Mirai"""
"""0e0171aaf202839713de35fb3a44edcf516c67b4eef22152ead6dbfb43a797ec"""," ""elf.mirai"""," ""Katana"""," ""95""",2026-10-04 08:46:28," """"","Mirai"""
"""1a3e7e8735b3b1f2088a0cccd3027cfc439327b358a1ea4096f69ead290c6876"""," ""elf.mirai"""," ""Katana"""," ""100""",2026-10-04 08:46:26," """"","Mirai"""
"""1c3f7b86185b53c8b1e47d8afc641ff3cb87f7bc2221c84a69ef88ddec08a877"""," ""elf.mirai"""," ""Katana"""," ""95""",2026-10-04 08:46:25," """"","Mirai"""
"""8ff69eafef727a5a52b159d7c468d125076c4282dae002cdf4b85bc692654d9b"""," ""elf.mirai"""," ""Katana"""," ""95""",2026-10-04 08:46:25," """"",Gafgyt
"""ebad2cef96dda4bf2b571c27cd309f2b100d01fc4c9b70c18c06e149881317d4"""," ""elf.mirai"""," ""Katana"""," ""100""",2026-10-04 08:46:24," """"","Mirai"""
"""f404539770e50be94a50c6fc43275134087726e430286e199eee6feeb85d8fd1"""," ""elf.mirai"""," ""Katana"""," ""100""",2026-10-04 08:46:22," """"","Mirai"""
"""f966bc234efb6df65c92e05744597e9a6829b1e5dad8e92d400b84e70b417f59"""," ""elf.mirai"""," ""Katana"""," ""95""",2026-10-04 08:46:21," """"",exe
"""39b2aec877858b40c4d3b6ec5eaf6ec94003d8940646cac9df097403b4197ca1"""," ""elf.mirai"""," ""Katana"""," ""100""",2026-10-04 08:46:20," """"","Mirai"""
"""39d16f7d08302fa1bccaf9ebb474115b22c531cb6975e2b416811ddcedde4a83"""," ""elf.mirai"""," ""Katana"""," ""100""",2026-10-04 08:46:19," """"","Mirai"""
"""6ee0d85c647104e0506f922701325d78d2a059101734a0940ef889eb7baacfc9"""," ""elf.mirai"""," ""Katana"""," ""100""",2026-10-04 08:46:18," """"","Mirai"""
"""82b91a884b6b036392b845816532895941fd39e7f88a81c95fbfbb86d5884829"""," ""elf.mirai"""," ""Katana"""," ""100""",2026-10-04 08:46:17," """"","Mirai"""
"""4cb25fb1bce51241bfcd010e5de22344572b2506f7a0ddd7f62eaeb38ba28218"""," ""elf.mirai"""," ""Katana"""," ""95""",2026-10-04 08:46:16," """"","Mirai"""
"""ad3305b3c1112ccf41a1c3994f8f14360c3fb9ad04c7daad0e58ce6d7cfafc0b"""," ""elf.mirai"""," ""Katana"""," ""100""",2026-10-04 08:46:15," """"","Mirai"""
"""3eecac099baf249d268aead626022f0947a13231bdb8cdec5aa6f68b2c584a37"""," ""elf.mirai"""," ""Katana"""," ""95""",2026-10-04 08:46:14," """"",exe
"""c681b78a2922dae0d3c49919b80d23b34343ba9463303d5f53ec16ec4e2cf24f"""," ""elf.mirai"""," ""Katana"""," ""95""",2026-10-04 08:46:13," """"",exe
"""74767c9861b094c67c72251577a61a4dac640532b2f9c3d97e77b00c15825687"""," ""elf.mirai"""," ""Katana"""," ""90""",2026-10-04 08:46:12," """"",exe
"""2d35e56e6696dc96cdefe099424ef6432a145f8f7add13ddc0b866c5d8243efb"""," ""elf.mirai"""," ""Katana"""," ""95""",2026-10-04 08:46:10," """"",exe
"""13817d52f9f13bc6a2d8bdf9d7a95280c1c4e7a7475856908f5ed8eb692fd572"""," ""elf.mirai"""," ""Katana"""," ""95""",2026-10-04 07:47:04," """"",exe
"""a099ea2c5299453ba8452473d419e6f5111ce776d75c0ac32bab4cf83187be47"""," ""elf.mirai"""," ""Katana"""," ""95""",2026-10-04 07:47:03," """"",exe
"""88e3c7cde11153e8f44a3d7a18de6a799261a9e8ef53125d4b8f6be8d17cab01"""," ""elf.mirai"""," ""Katana"""," ""95""",2026-10-04 07:47:02," """"",Gafgyt
"""2bf4f80f9a9f7a4572219a8ac88eb1bfce6d74ac6ece0ee4644618c156477136"""," ""elf.mirai"""," ""Katana"""," ""95""",2026-10-04 07:47:01," """"",exe
"""ece3894a0b7fe811f6db511ee233658f9eac62b7f00e564d23dec3ebae0c0f0c"""," ""elf.mirai"""," ""Katana"""," ""95""",2026-10-04 07:47:00," """"","Mirai"""
"""47d675be828cebbc3766bcdfb23a1c20de11d1493cbd5908fb50b04efc1ed2e5"""," ""elf.mirai"""," ""Katana"""," ""100""",2026-10-04 07:46:59," """"",Mirai
"""9b77adf1e4cc9de0b618606de3351292754ed8997be1bbfa196dc48e87600357"""," ""elf.bashlite"""," ""gayfgt",torlus,2026-10-04 07:46:58,qbot," ""100"""
"""1868944a8f726901e5bd6eec69d2170b9a171497d0bdc05573cb4dba9c155009"""," ""elf.mirai"""," ""Katana"""," ""100""",2026-10-04 07:46:57," """"","Mirai"""
"""b979f654875e5869757dde1812775dee68f1def1c0f178f87a4061604ecad09f"""," ""elf.mirai"""," ""Katana"""," ""100""",2026-10-04 07:46:56," """"",Mirai
"""8e1a13ddcd05545565e3106c416f206350f2a6235bfd8c0380c60a88d9ee2f5c"""," ""elf.mirai"""," ""Katana"""," ""100""",2026-10-04 07:46:55," """"","Mirai"""
"""b5099a274a6192b76e132488df1a051b2e6ccb68fc916901ddf73ef9d0f01fe2"""," ""elf.mirai"""," ""Katana"""," ""100""",2026-10-04 07:46:54," """"","Mirai"""
"""39faa2b0ca10c1fdcaba529dc857085821cb07f7caa4e94aa162ae9c9989ae9c"""," ""elf.mirai"""," ""Katana"""," ""100""",2026-10-04 07:46:53," """"","Mirai"""
"""945ce51902a9d83386e58a0da359216fd6d51bc9382d96381f898c97d58a4a33"""," ""elf.mirai"""," ""Katana"""," ""100""",2026-10-04 07:46:53," """"",Gafgyt
"""7b8add306d87da91ed1ff4608ad8f829c83f6035cbc852c73869ec66977d93f8"""," ""elf.mirai"""," ""Katana"""," ""100""",2026-10-04 07:46:51," """"","Mirai"""
"""218ebbd553fac0ff81e56ef028ef9809071ea9ce0b202b05e5568397ad523d83"""," ""elf.mirai"""," ""Katana"""," ""100""",2026-10-04 07:46:51," """"",Mirai
"""8168a485ec800b17645de89c8201a335287c9fd57e6af15600eb5bb4d16b895c"""," ""elf.bashlite"""," ""gayfgt",torlus,2026-10-04 07:46:50,qbot," ""100"""
"""50fa67706d725e7a22247a361c6d6907eab4633c20c471705cae8b10228627f0"""," ""elf.mirai"""," ""Katana"""," ""100""",2026-10-04 07:46:49," """"","Mirai"""
"""205a9f2d7953870fca1855feb3e275c2820789c899404a0ba700e110b6b319bc"""," ""elf.mirai"""," ""Katana"""," ""100""",2026-10-04 07:46:48," """"","Mirai"""
"""da545d84ddb6827fab190470cdbb1025601867ad9b89848e4711c17fdede8a84"""," ""elf.mirai"""," ""Katana"""," ""100""",2026-10-04 07:46:47," """"","Mirai"""
"""1d918cd3a53d12a7342b8a5c952faf6f3dd31b43984376dc50376eef9250e8f1"""," ""elf.mirai"""," ""Katana"""," ""100""",2026-10-04 07:46:45," """"","Mirai"""
"""e1d4e04aab183f72923e45a1f9d06a04b78213455fa9a1bbc024d8186515c685"""," ""elf.mirai"""," ""Katana"""," ""100""",2026-10-04 07:46:45," """"","Mirai"""
"""7e46fda2131178c37d20649e734c8567e561613b438ed926ac5a42b1354ff513"""," ""elf.mirai"""," ""Katana"""," ""100""",2026-10-04 07:46:44," """"",Mirai
"""4b8dcd2015daa576c3501b39287e6f5e926afa3696ab20945b949e2a621e26d5"""," ""elf.mirai"""," ""Katana"""," ""100""",2026-10-04 07:46:43," """"","Mirai"""
"""2813dfb961d4c8ada07f90594099c91e1696b441894fcf91436b2e1b2e5795a4"""," ""elf.mirai"""," ""Katana"""," ""100""",2026-10-04 07:46:42," """"","Mirai"""
"""f3972f6e2d50e1b28b83997a9e29cabebf983121195fa30b8d2f1ea984998ca4"""," ""elf.mirai"""," ""Katana"""," ""100""",2026-10-04 07:46:41," """"","Mirai"""
"""2a64b441a105af29fd5fcd48bd7215f1044b045f85ba47d5b58cb888e1b20b74"""," ""elf.mirai"""," ""Katana"""," ""100""",2026-10-04 07:46:39," """"","Mirai"""
"""772e4595a8d337304e50d76f2defab63dae2810a9f232301117a02975ca0d8b9"""," ""elf.mirai"""," ""Katana"""," ""100""",2026-10-04 07:46:38," """"","Mirai"""
"""c8a5864552ab341135ce5d590f314ac8856c827b6af2745256590d47fb94822e"""," ""elf.mirai"""," ""Katana"""," ""100""",2026-10-04 07:46:37," """"","Mirai"""
"""00be60c5d656295d0f3ab32d1f07967dd9c3294cb64fb57a9dc93c97f5224f59"""," ""elf.mirai"""," ""Katana"""," ""100""",2026-10-04 07:46:36," """"","Mirai"""
"""57a8965812e8f5bb8f9f0abff20e77333c8072f530adc970ccabbaa9ccf6e1dd"""," ""elf.mirai"""," ""Katana"""," ""100""",2026-10-04 07:46:35," """"","Mirai"""
"""41a3941bce8b84117e260d93b8a04087a844e9dc36fdd14d18a73d18e7fc8fb4"""," ""elf.mirai"""," ""Katana"""," ""100""",2026-10-04 07:46:34," """"","Mirai"""
"""82d0ca43bf8179a90e49a733b05374dad2461249acaea02d254e00a45eb83662"""," ""elf.mirai"""," ""Katana"""," ""100""",2026-10-04 07:46:33," """"","Mirai"""
"""aaace9e3b56cd8891a987185a0b7598f484511b9e3af9df08ee7725a690f0378"""," ""elf.mirai"""," ""Katana"""," ""100""",2026-10-04 07:46:32," """"","Mirai"""
"""81c5c9c036bcd96b2c44b11daa17247d66bb7c3d8f592eac491bec1dad0b8c66"""," ""elf.mirai"""," ""Katana"""," ""100""",2026-10-04 07:46:31," """"","Mirai"""
"""d57fcae50b51afee1980b663887103a7909b5633f15a8f20bf88bcabf2e39aa6"""," ""elf.mirai"""," ""Katana"""," ""100""",2026-10-04 07:46:30," """"",Mirai
"""6a1cefffb07c9a6d58f42f1ed686e4ff7de0f70196d6fef76f424f219e36a315"""," ""elf.mirai"""," ""Katana"""," ""100""",2026-10-04 07:46:29," """"","Mirai"""
"""06e53e4084a14481438ae97f2cd49bd20dd92f8a0a1c8ad7151968bffc1c5acb"""," ""elf.mirai"""," ""Katana"""," ""100""",2026-10-04 07:46:28," """"","Mirai"""
"""e715a8368acd2ccbc8decd1101558c9714fb29486d4973708efa2c4c748ce8d2"""," ""elf.mirai"""," ""Katana"""," ""100""",2026-10-04 07:46:27," """"",Mirai
"""4258b8449e1da87af25f94640a86e9c982c00c33cd82e1d806582c49790e7760"""," ""elf.mirai"""," ""Katana"""," ""100""",2026-10-04 07:46:25," """"","Mirai"""
"""196938d9b109f97a8bd4c8f4e998afc68a9bf7e91bc7e84e32f8f99c0fe02b71"""," ""elf.mirai"""," ""Katana"""," ""100""",2026-10-04 07:46:24," """"","Mirai"""
"""f3137c3cfcd9c8e705bbc5c4b08d16af556f97a12a2b7b4f65492de77788f885"""," ""elf.mirai"""," ""Katana"""," ""100""",2026-10-04 07:46:23," """"","Mirai"""
"""d594184a06faa8d0efe4a128989c48f00bbeeff36387c92fdc3145c3fe2ccb79"""," ""elf.mirai"""," ""Katana"""," ""100""",2026-10-04 07:46:22," """"",Mirai
"""8f9b6ad40044c1a5ee56de83c78254bc5a8a374268c5010e3132b2b285022e4d"""," ""osx.amos"""," ""Atomic macOS Stealer"""," ""100""",2026-10-04 07:33:16," """"",ClickFix
"""f7118d6757f0f2cd73e12bff727c7204e233f976d4deef7815ad5af8a56a6531"""," ""osx.amos"""," ""Atomic macOS Stealer"""," ""100""",2026-10-04 07:33:16," """"",ClickFix
"""5ced88fd4a63c5b4dc041dc53d478f72f7cbbf3b575a234cee1dd9747bb4867c"""," ""elf.mirai"""," ""Katana"""," ""100""",2026-10-04 06:55:07," ""2026-10-04 20:58:21"""," ""0"""
"""4629297aa61a2e92a1786acc7822b593ee552ea1e02c2db587d4476393898167"""," ""elf.mirai"""," ""Katana"""," ""100""",2026-10-04 06:55:07," ""2026-10-04 20:58:21"""," ""0"""
"""bf9dd61b36f2736733c4839e8b1598f6f57c25f1163883cec2c6cba855f85ee9"""," ""elf.mirai"""," ""Katana"""," ""100""",2026-10-04 06:55:07," ""2026-10-04 20:58:21"""," ""0"""
"""c6fb65fd20c6350b8a1161a04cbc0ef4c16fde2ed9cf07d91d9c10b12ac39fa0"""," ""elf.mirai"""," ""Katana"""," ""100""",2026-10-04 06:55:06," ""2026-10-04 20:58:21"""," ""0"""
"""1eb86b84860d600945d2d94316ccd4a75d895259904ef2b449ceeaf7baccb939"""," ""elf.mirai"""," ""Katana"""," ""100""",2026-10-04 06:55:06," ""2026-10-04 20:58:21"""," ""0"""
"""d0e4e41f123f4b3225da810be2b5897b7e5f6ed5af5d81ae7fb3b4750cdee1f3"""," ""elf.mirai"""," ""Katana"""," ""100""",2026-10-04 06:55:05," ""2026-10-04 20:58:21"""," ""0"""
"""611a61a51054d62e492841c89459770e1ef9dde8eb9d967536d336c4fb8df93b"""," ""elf.mirai"""," ""Katana"""," ""100""",2026-10-04 06:55:05," ""2026-10-04 20:58:21"""," ""0"""
"""2129ebb0a154ab19b077270cb340211005db73970ffa4b03d1aafa9c453c87d4"""," ""elf.mirai"""," ""Katana"""," ""100""",2026-10-04 06:55:05," ""2026-10-04 20:58:21"""," ""0"""
"""d67292881fe84e94d9c48e195ca311f551c8223983fe9222e5f5ddfdf09394f7"""," ""elf.mirai"""," ""Katana"""," ""100""",2026-10-04 06:55:04," ""2026-10-04 20:58:21"""," ""0"""
"""abc93dfc7e2a98b203112b38a7919986c07b0af7a101cc9ddc271c1c6a080d43"""," ""elf.mirai"""," ""Katana"""," ""100""",2026-10-04 06:55:04," ""2026-10-04 20:58:21"""," ""0"""
"""77e76bb82472f1619a36b0d8362f414a4053ab12814d2c1981a4e39bc93599c5"""," ""elf.mirai"""," ""Katana"""," ""100""",2026-10-04 06:55:03," ""2026-10-04 20:58:21"""," ""0"""
"""5314cf86485425da09087417f75d166317e456aab01c4fbb4f55eec6561a8f31"""," ""elf.mirai"""," ""Katana"""," ""100""",2026-10-04 06:55:02," ""2026-10-04 20:58:21"""," ""0"""
"""1001086b8db46023f2f8ecd017a0d6a3c746b1e6a1d59f3936212db3368777c9"""," ""elf.mirai"""," ""Katana"""," ""100""",2026-10-04 06:55:02," ""2026-10-04 20:58:21"""," ""0"""
"""43dc0f43a70bb71a79056ae0eac042ae4257760003388985414ea7747cca2e8d"""," ""elf.mirai"""," ""Katana"""," ""100""",2026-10-04 06:55:02," ""2026-10-04 20:58:21"""," ""0"""
"""e4397f68d293f7d4d46da7850b793c8c65fc269cb01c838620129cc0b65dd1be"""," ""elf.mirai"""," ""Katana"""," ""100""",2026-10-04 06:55:01," ""2026-10-04 20:58:21"""," ""0"""
"""2186a446b4796c0c6bfebbed58f377967b586f217b8d16c705aff0f2528a293a"""," ""elf.mirai"""," ""Katana"""," ""100""",2026-10-04 06:55:01," ""2026-10-04 20:58:21"""," ""0"""
"""acd46ee6faa0dddf8d9a458bd818d482b67062fbd47f29f2b057c7367548fdde"""," ""elf.mirai"""," ""Katana"""," ""100""",2026-10-04 06:55:01," ""2026-10-04 20:58:21"""," ""0"""
"""03fc355e12490b92f0e01ae17985824e773b0926cccc50b2125849aa6406b891"""," ""elf.mirai"""," ""Katana"""," ""100""",2026-10-04 06:55:00," ""2026-10-04 20:58:21"""," ""0"""
"""9b4ecd66ff86da2b6d10ce18f40a81e7443102fa24ebc7d49fecf49b92415061"""," ""elf.mirai"""," ""Katana"""," ""100""",2026-10-04 06:55:00," ""2026-10-04 20:58:21"""," ""0"""
"""c6e216bed878238833b2a006e4a5a1ae07d06b37d6ebf4cf1aad5909d8dfc3c5"""," ""elf.mirai"""," ""Katana"""," ""100""",2026-10-04 06:54:59," ""2026-10-04 20:58:21"""," ""0"""
"""edf47015a174496485da492b5cdd00cc2d93a326f7472c6cb5cc790f07041b58"""," ""elf.mirai"""," ""Katana"""," ""100""",2026-10-04 06:54:59," ""2026-10-04 20:58:21"""," ""0"""
"""e2f0ab8f5e0071f40bc008ae1b3983829b42169a0b454bac58cbcc33d398bb1c"""," ""elf.mirai"""," ""Katana"""," ""100""",2026-10-04 06:54:59," ""2026-10-04 20:58:21"""," ""0"""
"""8e398ea533d1bb42aeffbe4a7f6bd414cac6320bff48ed80ab0ac0ce204a7d94"""," ""elf.mirai"""," ""Katana"""," ""100""",2026-10-04 06:54:58," ""2026-10-04 20:58:21"""," ""0"""
"""c135d2eb915bc60c6f0b6a0d7709e83a53fc20291561aeafb68508ad5728db47"""," ""elf.mirai"""," ""Katana"""," ""100""",2026-10-04 06:54:57," ""2026-10-04 20:58:21"""," ""0"""
"""60f1e2e27a8673fb9df35c8b3e5d1ab1adfd9c6ba7fb0b8c174312f4b5b3fa85"""," ""osx.amos"""," ""Atomic macOS Stealer"""," ""100""",2026-10-04 06:54:54," """"",ClickFix
"""8dfe6b2f0c07af8d98a8676e95b88c054d52cbd7f0e8405475bbc6b8073697c1"""," ""elf.mirai"""," ""Katana"""," ""100""",2026-10-04 06:54:54," ""2026-10-04 20:58:21"""," ""0"""
"""dbaca8171d60356528efc98df5973fe1451e8034b7ed5ef11250bec4625cd453"""," ""osx.amos"""," ""Atomic macOS Stealer"""," ""100""",2026-10-04 06:54:50," """"",ClickFix
"""3eb2c8040e2b6a1745f1630fc4066223edb002d9de4a85c0d9290e10de9d8d8b"""," ""osx.amos"""," ""Atomic macOS Stealer"""," ""100""",2026-10-04 06:54:46," """"",ClickFix
"""1cf1ba96702df3884e39b1ea5802f9e9a584f307729cff596c61c37104525b6b"""," ""osx.amos"""," ""Atomic macOS Stealer"""," ""100""",2026-10-04 06:54:45," """"",ClickFix
"""b3f992d3a24399d30a125869a40ff23443c97d79b0198ae7234c72780b86039a"""," ""osx.amos"""," ""Atomic macOS Stealer"""," ""100""",2026-10-04 06:54:39," """"",ClickFix
"""ee268aeb513501ab2147ff1963910e3279c2e794e542ae257a740ddf7e4431a0"""," ""osx.amos"""," ""Atomic macOS Stealer"""," ""100""",2026-10-04 06:54:39," """"",ClickFix
"""b897a834bc10307df86c20f9c77aee38da0db1276cd85b0f03319f13abc66d2b"""," ""osx.amos"""," ""Atomic macOS Stealer"""," ""100""",2026-10-04 06:54:37," """"",ClickFix
"""d5308a8ef81cfa41d03116c745fa932bbeb205393d9688cbcf4dcba73f17966e"""," ""osx.amos"""," ""Atomic macOS Stealer"""," ""100""",2026-10-04 06:54:36," """"",ClickFix
"""197ba4662f1af883205fbb62f3935ba51f7de2df43381fcda865fddbc4506a87"""," ""osx.amos"""," ""Atomic macOS Stealer"""," ""100""",2026-10-04 06:54:35," """"",ClickFix
"""ac7c46a6bda5d1d6486f48b33acba0911ad3ba0dba95c95278a133da3be91aa5"""," ""osx.amos"""," ""Atomic macOS Stealer"""," ""100""",2026-10-04 06:54:35," """"",ClickFix
"""8026d885bbbcec177f5fd8b257ca9483dee9c15e9c4ac3189d94fe70175c2c07"""," ""osx.amos"""," ""Atomic macOS Stealer"""," ""100""",2026-10-04 06:54:34," """"",ClickFix
"""b5844e29254d9831c81598b5d951438a6cc1e3c019975ca1e2078e5164438d3d"""," ""osx.amos"""," ""Atomic macOS Stealer"""," ""100""",2026-10-04 06:54:33," """"",ClickFix
"""e082c2830a483e333c6b73c85caaa66c06b7b397effabf5c40d9ff7f1ae485fc"""," ""osx.amos"""," ""Atomic macOS Stealer"""," ""100""",2026-10-04 06:54:32," """"",ClickFix
"""b44478e3ff6ded069485afe3d20976cb5449e36f0f8299ff08a73ae78f5575a4"""," ""osx.amos"""," ""Atomic macOS Stealer"""," ""100""",2026-10-04 06:54:25," """"",ClickFix
"""412560c86fa72b083728f04982bd9998d1e5ef2819d72e1ef38ecaaf177d3c69"""," ""osx.amos"""," ""Atomic macOS Stealer"""," ""100""",2026-10-04 06:54:24," """"",ClickFix
"""54f754f5514792597fcdbeddc20ceb9901573a855a6eb2e06a7f28c19c32bfc3"""," ""osx.amos"""," ""Atomic macOS Stealer"""," ""100""",2026-10-04 06:54:19," """"",ClickFix
"""bae01c4e6f9fbea0f166d0f96c20abc2ef2f864974baf79bc7e13c89cbf4318c"""," ""osx.amos"""," ""Atomic macOS Stealer"""," ""100""",2026-10-04 06:54:18," """"",ClickFix
"""76c85f330a73d160e5d4a81b22273e375d83861254c2d4241887f8d1f9c39942"""," ""osx.amos"""," ""Atomic macOS Stealer"""," ""100""",2026-10-04 06:54:15," """"",ClickFix
"""5b95e5ba6aae7c0f14a6f319d92886379107a9e5ab198cdd38b077bd0faf77e6"""," ""osx.amos"""," ""Atomic macOS Stealer"""," ""100""",2026-10-04 06:54:14," """"",ClickFix
"""ff08f124122ea1edb933d945458b65b5ce61330c8510f0e906b2edf331f045c2"""," ""elf.mirai"""," ""Katana"""," ""100""",2026-10-04 06:47:11," """"","Mirai"""
"""2bf3207637c0d85d13e2e6be88085c2c37be84d4759d82fc68efcc63c351a4d2"""," ""elf.mirai"""," ""Katana"""," ""100""",2026-10-04 06:47:10," """"","Mirai"""
"""0ee5567025f7189acc4435a1bb62b6c5ec8f152a04cd80e40f354de31c6dad88"""," ""elf.mirai"""," ""Katana"""," ""100""",2026-10-04 06:47:09," """"","Mirai"""
"""85a8930117f71b6b1e51c4190f8f63c3f36945be45a38e769a07446bd0bb3541"""," ""elf.mirai"""," ""Katana"""," ""100""",2026-10-04 06:47:08," """"",Mirai
"""c2fcf026e10d7873702e5dd10c0ed90468458d2b7324db5e8ab82d3fd30c9704"""," ""elf.mirai"""," ""Katana"""," ""95""",2026-10-04 06:47:07," """"","Mirai"""
"""d3b55f3c4fd5e6d3b8a7f0dd219fe2d11b38637de6bc1aea79af3816f30bd749"""," ""elf.mirai"""," ""Katana"""," ""95""",2026-10-04 06:47:06," """"","Mirai"""
"""f7906020275fb9e6f5639fd78df260f418db80be3e75655be57250db9431514f"""," ""elf.mirai"""," ""Katana"""," ""95""",2026-10-04 06:47:05," """"","Mirai"""
"""07cf221371cfa3f635d9edcd59e051d83aeba6c6be2e5e711a742ac2bab6e740"""," ""elf.mirai"""," ""Katana"""," ""95""",2026-10-04 06:47:04," """"","Mirai"""
"""b2668db937ade1f7941576725207325f652550de82037cadb7b65b5619d770bc"""," ""elf.mirai"""," ""Katana"""," ""95""",2026-10-04 06:47:03," """"","Mirai"""
"""fef726f1f0c5243f8aa0a59dca4e5647c11f2bc20198193962f38d00d5bb186c"""," ""elf.mirai"""," ""Katana"""," ""95""",2026-10-04 06:47:02," """"","Mirai"""
"""045b0d41d1def1bbc0a71301d447417d76239a20d7ba4ddea43459e934c7cf14"""," ""elf.mirai"""," ""Katana"""," ""100""",2026-10-04 06:47:00," """"","Mirai"""
"""52b88c20f1e04f58ac244a07114fbac2e6bddb98db8f0f613d53bd9e2bdc7698"""," ""elf.mirai"""," ""Katana"""," ""95""",2026-10-04 06:46:59," """"","Mirai"""
"""7f2b1d252caf8ced89f8abe1a8d7002d59217dc49d8db5a23bd6b0ab77da9d74"""," ""elf.mirai"""," ""Katana"""," ""100""",2026-10-04 06:46:58," """"",Mirai
"""3d87b3473361a35d6396945e1caea24db09119201ea868cfea1a06a1c95c828b"""," ""elf.mirai"""," ""Katana"""," ""100""",2026-10-04 06:46:57," """"","Mirai"""
"""4e5bbea0ace9f3b808161896edcaf620c632385f74855174baff669af3dc9140"""," ""elf.mirai"""," ""Katana"""," ""100""",2026-10-04 06:46:56," """"",Mirai
"""366616e42956ae4b10c670eaa93244bc93b8b466651bf66a82104d0c4c46da4f"""," ""elf.mirai"""," ""Katana"""," ""100""",2026-10-04 06:46:55," """"",Mirai
"""bb6c95c5503d639727f3021d199f5cd7289faf06a1ca7bbf0afdbeec6cec9998"""," ""win.coinminer"""," ""None"""," ""100""",2026-10-04 06:46:54," """"","sh"""
"""3655b2ab2b5cf210abfa356ab2d9832735b04220764728f6711d4eb09b75fc76"""," ""elf.mirai"""," ""Katana"""," ""100""",2026-10-04 06:46:53," """"",Mirai
"""f85af187b19751a88db3cb82d76c780c690052870a170ee7ad4f3d9b354f84d9"""," ""elf.mirai"""," ""Katana"""," ""100""",2026-10-04 06:46:52," """"","Mirai"""
"""5537f0345c0d67d98c28609e1f8ea4f4e81460bdf7c96c1e62a81d457518489e"""," ""elf.mirai"""," ""Katana"""," ""100""",2026-10-04 06:46:51," """"",Mirai
"""468e72f473f5d64cff1777448823153615670e968abc8af138639ec1d32f1aa1"""," ""elf.mirai"""," ""Katana"""," ""100""",2026-10-04 06:46:50," """"",Mirai
"""04e86124e3d180d9c7b3a68994f2398f4ebb49fd393e5240d59969d71f255193"""," ""elf.mirai"""," ""Katana"""," ""100""",2026-10-04 06:46:49," """"","Mirai"""
"""9abd1c2dad3e9f3a607b5848b34d078f51c597e32cc6baaa2acff6ae415f1861"""," ""elf.mirai"""," ""Katana"""," ""100""",2026-10-04 06:46:48," """"",Mirai
"""fbdaf2b8320212ab9d79a8dba7e85a31e33bdf591744bc9cacc1ebd94f22094a"""," ""elf.mirai"""," ""Katana"""," ""100""",2026-10-04 06:46:47," """"",Mirai
"""dfd8c63ef700316ec8b91a7906f4ebe0f95dff20eac0081ecc93e521737292bc"""," ""elf.mirai"""," ""Katana"""," ""95""",2026-10-04 06:46:46," """"",Mirai
"""9e89e810b67b4051d976807c0d22ac7d59fb842d4625bd63e45133dd212fde45"""," ""win.coinminer"""," ""None"""," ""100""",2026-10-04 06:46:45," """"","sh"""
"""e9bd0ac823690e44f55f961e60330b865129f5b909901a9521fddc4597132ee9"""," ""elf.mirai"""," ""Katana"""," ""100""",2026-10-04 06:46:44," """"",Mirai
"""333f0b85517d297c1693629f3202797b6b82a246ecbdff2ab08a025fd5bf54fe"""," ""win.formbook"""," ""win.xloader"""," ""100""",2026-10-04 06:46:43," """"","ps1"""
"""1ae4727d19b1a2f97f7943fe17ed4f69db3d7d04433e991de15edf4d58e097fa"""," ""elf.mirai"""," ""Katana"""," ""95""",2026-10-04 06:46:41," """"","Mirai"""
"""a565db4beb175ecb6b2951d75c059a243654fac502784bbdbae8bade947447f8"""," ""elf.mirai"""," ""Katana"""," ""95""",2026-10-04 06:46:41," """"","Mirai"""
"""813407349f7cdce84985a19a38f8f138c1ff8ab8d2dbde71392873beb9881685"""," ""elf.snowlight"""," ""None"""," ""95""",2026-10-04 06:46:39," """"","SNOWLIGHT"""
"""b36d30ad0a646eeed5f02b48ac6b02f2cd2c125df298252dc1070aeff80de3e3"""," ""elf.snowlight"""," ""None"""," ""95""",2026-10-04 06:46:39," """"","SNOWLIGHT"""
"""9802ab8887f0ca255503bf07ddd18f71f7e6ab363fb2b422df7c250aad17343f"""," ""elf.mirai"""," ""Katana"""," ""100""",2026-10-04 06:46:38," """"","Mirai"""
"""5d64071b4b168d76785a9417e72e417c133e719e8a747d59e0306a63599629b3"""," ""elf.mirai"""," ""Katana"""," ""100""",2026-10-04 06:46:36," """"","Mirai"""
"""99ed5274e7d4abd06e4ce3ee1b893b0d2ed2082f62712fe6fe8e350013f63a5c"""," ""elf.mirai"""," ""Katana"""," ""100""",2026-10-04 06:46:35," """"","Mirai"""
"""6ec749e9341d5a5a9ac3ae436cfd39cfa0298c8ee225a5b751d61ff3f4359044"""," ""elf.mirai"""," ""Katana"""," ""100""",2026-10-04 06:46:34," """"","Mirai"""
"""04f4e5f85150fed08b3311c793d0ab8838d1c55117086e6cd0290bb0b2554c93"""," ""elf.mirai"""," ""Katana"""," ""100""",2026-10-04 06:46:33," """"",Mirai
"""07a541c30527e45003e8890003af527215e0439d7a6ddce050a3117b2c749cf5"""," ""elf.mirai"""," ""Katana"""," ""100""",2026-10-04 06:46:32," """"","Mirai"""
"""bd1f1cb61168486f90bf00c4ae98e038f133c08df369777331347de8d3b83939"""," ""elf.mirai"""," ""Katana"""," ""100""",2026-10-04 06:46:30," """"","Mirai"""
"""c1330f1318681b6851e16a50c0be1997befe8ce9370ee9c2ad8ada818c4d7778"""," ""elf.mirai"""," ""Katana"""," ""95""",2026-10-04 06:46:29," """"",Gafgyt
"""701fe81d498dbbffe5491c67d49abe795679bf9939bf65d66e3fc1cc2ab6e92a"""," ""elf.mirai"""," ""Katana"""," ""95""",2026-10-04 06:46:28," """"",Gafgyt
"""058baad4b44c1f0494913eb21e8c0838ceae01a884e33d04265cda5d6c26e2e2"""," ""elf.mirai"""," ""Katana"""," ""95""",2026-10-04 06:46:27," """"",Gafgyt
"""de2c55b37269288ed5ffc4ec36ec12cd730e9cd7b10198291f7133db7407065b"""," ""elf.mirai"""," ""Katana"""," ""100""",2026-10-04 05:45:49," """"","Mirai"""
"""bbd6513aa356cd1c76f52076c443a937e9c79241ca4546912a09ef35ff0599c2"""," ""elf.mirai"""," ""Katana"""," ""100""",2026-10-04 05:45:48," """"","Mirai"""
"""3d194c2d9212938ea314cf23963b69cab2d397ad1a17fb38ee52a9545081a8d0"""," ""elf.mirai"""," ""Katana"""," ""100""",2026-10-04 05:45:47," """"","Mirai"""
"""a8a7b89c5850502c7c26fe3d3f378110bfd021559594b2faca5dc20366344b45"""," ""elf.mirai"""," ""Katana"""," ""100""",2026-10-04 05:45:46," """"","Mirai"""
"""a0d88025ce4c26af28f8634ed9008723dc906dba244f5504b4a22a83dce5135a"""," ""elf.mirai"""," ""Katana"""," ""95""",2026-10-04 05:45:45," """"",exe
"""67af64ccdb246c4bf9a50d813d2ca01c6f7c3272c08a6abcdc12761dad2ffa67"""," ""elf.mirai"""," ""Katana"""," ""95""",2026-10-04 05:45:44," """"",exe
"""cb8f8eb7da5384a9b804b952ce3eadab93b374d02fe7119e1f2cbac0882bbea6"""," ""elf.mirai"""," ""Katana"""," ""100""",2026-10-04 05:45:43," """"","Mirai"""
"""317a9cd543550945c31f10b4e9793238b69af9673b483ee19d7f61a2e04a063c"""," ""elf.mirai"""," ""Katana"""," ""95""",2026-10-04 05:45:42," """"","Mirai"""
"""fc30a013005c7291f14fcfb32d396bf5613edfd85abda34a9ec06c0ab141f0c1"""," ""elf.mirai"""," ""Katana"""," ""95""",2026-10-04 05:45:41," """"","Mirai"""
"""36f34c875a36be72f2b572f13019b1b2b58d28aa29ae762b9df86b3a85d3ea19"""," ""elf.mirai"""," ""Katana"""," ""100""",2026-10-04 05:45:40," """"","Mirai"""
"""4acb476d8fabe4e69cdbaf33adae5b5dbb5e03c582465b553c0ae34fdbf3590f"""," ""elf.mirai"""," ""Katana"""," ""100""",2026-10-04 05:45:39," """"","Mirai"""
"""922fbe36d02392c8139f58da969ded95816d2b24a1dfa5bb9b0665b47c8e3ccf"""," ""elf.mirai"""," ""Katana"""," ""95""",2026-10-04 05:45:38," """"",Gafgyt
"""03a28748fd9794dc89cad77af69ee5f6185d680fa8784e9dd8589b1fc8a116f3"""," ""elf.mirai"""," ""Katana"""," ""95""",2026-10-04 05:45:37," """"","Mirai"""
"""6a63d6cb2aee37bb41a48fecc51bf635c9ff7cf3240bc666862b310495cd82e3"""," ""elf.mirai"""," ""Katana"""," ""95""",2026-10-04 05:45:36," """"","Mirai"""
"""3d5773fa687585e149d579572b4916e384b72d7880d07ed3540f2648b2ba5e4a"""," ""elf.mirai"""," ""Katana"""," ""95""",2026-10-04 05:45:35," """"",exe
"""dd803a0e98492bd0de2d68e2627838633661db22ac305082070de0fea2e37439"""," ""elf.mirai"""," ""Katana"""," ""95""",2026-10-04 05:45:34," """"",exe
"""9ca5e62c6d31fa8d77360a8e6c5d2602cd57e8b50d89309ab7728e2e133e7043"""," ""elf.mirai"""," ""Katana"""," ""95""",2026-10-04 05:45:33," """"",Gafgyt
"""35c525b9efb676478cc4adf44f31cab6a0549b03d788336024b9741c2347fe78"""," ""elf.mirai"""," ""Katana"""," ""95""",2026-10-04 05:45:32," """"",Gafgyt
"""6069d4ed19a72e1b0914758d5f60d3a225f5ef7f0c208fb35a3f21764a3c1640"""," ""elf.mirai"""," ""Katana"""," ""95""",2026-10-04 05:45:32," """"",Gafgyt
"""34cef8cf954b8e192140f3f4a2593fb2d0795e164768707d688aef33f1fef6ba"""," ""elf.mirai"""," ""Katana"""," ""95""",2026-10-04 05:45:31," """"",Gafgyt
"""82aa26fbfc80538bc45828dbd7e4bc4ff23e41b55ff7a7bcfa359ee5c78b2382"""," ""elf.mirai"""," ""Katana"""," ""95""",2026-10-04 05:45:30," """"",Gafgyt
"""216b2cf230280fd3a96b8103aa42dc0c5fe4e80d24c5ca3ea14b171459785559"""," ""elf.mirai"""," ""Katana"""," ""95""",2026-10-04 05:45:29," """"",Gafgyt
"""4342bc6faf1d86710b70445db8443a6a0aab0396f698fd820d68ebbee2edb9e0"""," ""elf.mirai"""," ""Katana"""," ""95""",2026-10-04 05:45:28," """"",Gafgyt
"""1c4362abc3904e8aaa3950d56a2b7ab7edabe18e84276c45c8a8b1431141dd84"""," ""elf.mirai"""," ""Katana"""," ""95""",2026-10-04 05:45:27," """"","Mirai"""
"""2e1a4992721af0409240d92d8fd1e7c8009ff7b098562129a010bf338ad9e7dd"""," ""elf.mirai"""," ""Katana"""," ""95""",2026-10-04 05:45:26," """"",exe
"""13b77bda033ab3575d3ba5c33cf690188125dae4695bb0e824e0878bb53ada6e"""," ""elf.mirai"""," ""Katana"""," ""95""",2026-10-04 05:45:25," """"",Gafgyt
"""081381c4da7c3e9b8fb16e4112a318a0e73e049362928ab355dabc6308d66e5b"""," ""elf.mirai"""," ""Katana"""," ""95""",2026-10-04 05:45:24," """"",exe
"""4f01420fb5ba34371a662de1d5e7c9804d09d79791aec3f87c59135ca0c11cbe"""," ""win.coinminer"""," ""None"""," ""95""",2026-10-04 05:45:23," """"","exe"""
"""3e9d2a25455864e01236a21539b1b6d98bc05cb211356d15e0e1a147098c82c2"""," ""elf.mirai"""," ""Katana"""," ""95""",2026-10-04 05:45:22," """"",Gafgyt
"""de22896650d5c9d781d8d67d9a54cf56d218ab341a02d579f39cbc60e428f8d4"""," ""elf.mirai"""," ""Katana"""," ""95""",2026-10-04 05:45:21," """"",exe
"""a872c5236262f060d3a2e1ec5997373de13ef4798dbc222a6d1d08c00f6fc719"""," ""elf.mirai"""," ""Katana"""," ""95""",2026-10-04 05:45:20," """"",exe
"""7b42c34a38d6439cd06785e48f42961ee6b60472f245a802adb6b775ad23c207"""," ""elf.mirai"""," ""Katana"""," ""95""",2026-10-04 05:45:19," """"",exe
"""966f261a1b7842df6801be4d5479c96f7001f96b7344269a8cf28c6774dec71e"""," ""elf.mirai"""," ""Katana"""," ""95""",2026-10-04 05:45:17," """"",exe
"""3619c20e58e1a338c54942c016435ac7824e8d3fcf336a031870db3e92f98273"""," ""elf.mirai"""," ""Katana"""," ""95""",2026-10-04 05:45:17," """"",Gafgyt
"""36fff810e4fb7de1f052330915dcb2b96413b83fd962cdd021c97537d06c75c2"""," ""elf.mirai"""," ""Katana"""," ""95""",2026-10-04 05:45:15," """"","Mirai"""
"""5cbf61da4919171ab33141d6faa0903f7a1b93cf99425c8fc8cf75333f86d5cb"""," ""elf.mirai"""," ""Katana"""," ""95""",2026-10-04 05:45:14," """"",Gafgyt
"""e8d544cbeeef8a4d687a24cba5e390dc0a3a9027e2e78507f0ee8b4c4a8e9b86"""," ""elf.mirai"""," ""Katana"""," ""95""",2026-10-04 05:45:13," """"",Gafgyt
"""459e97f5b8d795a92dbf80d4291082bb27193fabe4c52ed8f19ef8b0bd8ad676"""," ""elf.mirai"""," ""Katana"""," ""95""",2026-10-04 05:45:12," """"","Mirai"""
"""3649c5977d4116a8573220c2f7077abf53b951583d6f66154b48c2ce6f97c8a3"""," ""elf.mirai"""," ""Katana"""," ""100""",2026-10-04 05:45:11," """"","Mirai"""
"""245376523422a056afd0b406024a91e1f56bf74e99286db383715cb692201cac"""," ""elf.mirai"""," ""Katana"""," ""100""",2026-10-04 05:45:10," """"","Mirai"""
"""4d650998f2088a17235aea60b5f577f3d477be64b4b8ea39ebf31363e230b582"""," ""elf.snowlight"""," ""None"""," ""100""",2026-10-04 05:45:09," """"",exe
"""f06aeb0ff313d6030cef4db67471025b2b0a6852f0c3eef44c14ca66a8c0409a"""," ""elf.mirai"""," ""Katana"""," ""100""",2026-10-04 05:45:08," """"","Mirai"""
"""ed2add9aaf0b3b354331bb952975c5648f185b88743ca5c1af943c7675159695"""," ""elf.mirai"""," ""Katana"""," ""100""",2026-10-04 04:46:50," """"","Mirai"""
"""b7c026a5464800b78d27a46a6ba01b553de96e9dfb81a26e2d2940358b3802b9"""," ""elf.mirai"""," ""Katana"""," ""100""",2026-10-04 04:46:50," """"","Mirai"""
"""31919da20fdec8f6e2c8811024a1bd89e03c6d2fa5c04fcad97fdb6689501491"""," ""elf.mirai"""," ""Katana"""," ""100""",2026-10-04 04:46:49," """"",Mirai
"""cfb3f5de317afedb369286a65dfee58c47e6b9b58a3ab00bb8ee88395eb72b25"""," ""elf.mirai"""," ""Katana"""," ""100""",2026-10-04 04:46:48," """"","Mirai"""
"""3ce639bc2635ef7a4eb81dbe22a6d3a87c34d65477ac83a420b3480baeffc145"""," ""elf.mirai"""," ""Katana"""," ""100""",2026-10-04 04:46:47," """"","Mirai"""
"""5a9e76c9183462a3c624fa47b9e7478b571d65e214595f29c0ae7a8473d74624"""," ""elf.mirai"""," ""Katana"""," ""100""",2026-10-04 04:46:46," """"",Mirai
"""c865bf8e60d1774a4d5637d035651bb4b589e958235b12dd60a317b9f3c3d750"""," ""elf.bashlite"""," ""gayfgt",torlus,2026-10-04 04:46:45,qbot," ""100"""
"""7737cd4b42904480adbaa5fcd9ce17fb2dcf3741dd349d478b44b0b6bc5b12d8"""," ""elf.mirai"""," ""Katana"""," ""100""",2026-10-04 04:46:44," """"",Mirai
"""7057e30367a3531968c465b69eb386aa86cf2396d45a04f52a32cf762e998a0c"""," ""elf.mirai"""," ""Katana"""," ""100""",2026-10-04 04:46:43," """"","Mirai"""
"""adef929e7c44596ed1cb4c1300826874fc48d6adc9edde45f0cfa45e9792ef42"""," ""elf.akira"""," ""REDBIKE"""," ""100""",2026-10-04 04:46:42," """"","elf"""
"""12d21b742c5e2a9e28bf0fc232a3b8d8963cf0c6c4278d4d551bda774495c3ae"""," ""elf.mirai"""," ""Katana"""," ""100""",2026-10-04 04:46:41," """"","Mirai"""
"""985a0ccc6ee392a1ec2cbe1f00d4f467636a80ce9e6bc1f9343efdcee2150b66"""," ""elf.mirai"""," ""Katana"""," ""100""",2026-10-04 04:46:40," """"","Mirai"""
"""97db6ed39f50aadb63b56234c66a39458aa9c6aef9cae28a9398a8d3a46b25d7"""," ""elf.mirai"""," ""Katana"""," ""100""",2026-10-04 04:46:39," """"","Mirai"""
"""8865cec6bfc4cacc0fa38975628a6c1b32f71aa6a92446ee55414e8d2f85a2e5"""," ""elf.mirai"""," ""Katana"""," ""100""",2026-10-04 04:46:38," """"","Mirai"""
"""42787aab978004a1e2d2fb756e28014a005280d2a57f4d3607674d592bed72e8"""," ""elf.mirai"""," ""Katana"""," ""100""",2026-10-04 04:46:37," """"","Mirai"""
"""b680f6ea1895ba40fe3a3cd413ea6ad04e7b4d0ac2f537c9ffbd2d1b68c96758"""," ""elf.mirai"""," ""Katana"""," ""100""",2026-10-04 04:46:36," """"","Mirai"""
"""083eab84fc1ac0deefb5f8e51447c4a099219c6650fe33b4600dc8e1db5fba62"""," ""elf.mirai"""," ""Katana"""," ""100""",2026-10-04 04:46:35," """"","Mirai"""
"""5aaa6e61e77a0ae5c2e0909dc4b33ffe42be36a9caa0b23c69f94bd17c8e9a9a"""," ""elf.mirai"""," ""Katana"""," ""100""",2026-10-04 04:46:34," """"","Mirai"""
"""7d4be9bd1d8d4ad09647773993609fca8ab57bc232f1c26014bf36ad4de5bf71"""," ""elf.mirai"""," ""Katana"""," ""100""",2026-10-04 04:46:33," """"",Mirai
"""74e00111529e7668048c7a7e9dcb37894341c377b736404e50092b49e726f9b3"""," ""elf.mirai"""," ""Katana"""," ""100""",2026-10-04 04:46:32," """"","Mirai"""
"""16e9f421f92f894dabc3e41e6d16c39b3cb6f3bedcdac27cef523799d7c055bb"""," ""elf.mirai"""," ""Katana"""," ""100""",2026-10-04 04:46:31," """"","Mirai"""
"""3ca8b87a782738aaf85290009634b35f5761d3285a84fe05041e272877219903"""," ""elf.mirai"""," ""Katana"""," ""100""",2026-10-04 04:46:30," """"","Mirai"""
"""17fddbfbe647004f4e933c2b95eb7a6188bb7bc06ab599c8d388eefa1e4c5d52"""," ""elf.mirai"""," ""Katana"""," ""100""",2026-10-04 04:46:29," """"","Mirai"""
"""92fe687f06ec777333cabddae706aa49d634e85115011f59267f21032ec3d4da"""," ""elf.mirai"""," ""Katana"""," ""100""",2026-10-04 04:46:28," """"","Mirai"""
"""7d32a8ed6d0996c2b26c464c875653c2d7320eb0ff16de0ac36251d93f7aa943"""," ""elf.mirai"""," ""Katana"""," ""100""",2026-10-04 04:46:27," """"",Gafgyt
"""6a67763a829901183244ad096e6b1db260d0a9128004c8be3ddb89e1dafcee25"""," ""elf.mirai"""," ""Katana"""," ""100""",2026-10-04 04:46:26," """"","Mirai"""
"""537e61953105db7e50e1474925df2c0146105846f565b73eb88e2950c7fafd1d"""," ""elf.mirai"""," ""Katana"""," ""100""",2026-10-04 04:46:25," """"","Mirai"""
"""c3b4101d7ac42e016bccb26c376688bb1f36681a4485246b5453c4c371401af5"""," ""elf.mirai"""," ""Katana"""," ""100""",2026-10-04 04:46:24," """"","Mirai"""
"""081a74161e2d0bab6c9903615c18d4c5df13b106cccb55fc821f4d90ca9981ba"""," ""elf.mirai"""," ""Katana"""," ""100""",2026-10-04 04:46:23," """"",Mirai
"""35948feeefc6efab50a929eb9996672f5800a7257ab4fa6d2f63f55f2db72de4"""," ""elf.mirai"""," ""Katana"""," ""100""",2026-10-04 04:46:22," """"",Mirai
"""cb685e60ac95cf0a7116c618da6468765369f0b0dd1cbe9b06a25479584987ee"""," ""elf.mirai"""," ""Katana"""," ""100""",2026-10-04 04:46:21," """"","Mirai"""
"""2c3bac53bb98ce59ef40cb0e348b524aa32c7c3497d33feda98675d0135bc313"""," ""elf.mirai"""," ""Katana"""," ""100""",2026-10-04 04:46:20," """"",Mirai
"""78b37be35efed5a479b8625279049d30b687ad20f090be8e9ec74b773e04544c"""," ""elf.mirai"""," ""Katana"""," ""100""",2026-10-04 04:46:19," """"",Mirai
"""36dabc40fa8983ce900a90b8156d2c754875fe1b5413a997843c4a0ef3908220"""," ""elf.snowlight"""," ""None"""," ""95""",2026-10-04 04:46:18," """"","SNOWLIGHT"""
"""ae5a7b4d6ac001e41a49833ea03abba64f33d49ea46d3e4875d18331c52eb6a8"""," ""win.purelogs"""," ""None"""," ""90""",2026-10-04 04:46:17," """"",htxs
"""0965425f6b955870343cefba2899695261b4431363acd7c5bb30f7d30bf4765e"""," ""elf.mirai"""," ""Katana"""," ""100""",2026-10-04 04:46:16," """"","Mirai"""
"""fbb2bdb49af1d290d58718d832627ceaeaae5a95f7befb2d3ee5e859cf3287d6"""," ""elf.mirai"""," ""Katana"""," ""100""",2026-10-04 04:46:15," """"",Mirai
"""b717c65d1876c0945bb8824a9324734b14e0da5ccde1a73244cfeeb82bd2b1be"""," ""elf.mirai"""," ""Katana"""," ""100""",2026-10-04 04:46:14," """"","Mirai"""
"""b4bd024e5fecbed22abc2ccdd7584668e7dd25968a252734254044c32bed466a"""," ""elf.mirai"""," ""Katana"""," ""100""",2026-10-04 04:46:13," """"",Mirai
"""122ed4a2e71181b646d494d4634d94451a1895d7f79429f88175e515981cbee7"""," ""elf.mirai"""," ""Katana"""," ""100""",2026-10-04 04:46:11," """"",Mirai
"""0bb708e49c9d1164c5f1a9c9a8067a2f0f343e7cec6d5e81757b66b63706161d"""," ""elf.mirai"""," ""Katana"""," ""100""",2026-10-04 04:46:10," """"","Mirai"""
"""1a9ddae96cda715c9597780e4fd3436dd9f4536d16442755e4659584453f0f1b"""," ""elf.mirai"""," ""Katana"""," ""100""",2026-10-04 04:46:09," """"",Mirai
"""bb4914256a8f134337bc2a62cac61e3458f3c16094187d50d6907584b16672b6"""," ""elf.mirai"""," ""Katana"""," ""100""",2026-10-04 03:46:50," """"","Mirai"""
"""36ae626bbb5bb1d03d265949c13125b185346834a9f5d73791cae591dde948fb"""," ""elf.mirai"""," ""Katana"""," ""100""",2026-10-04 03:46:49," """"",Mirai
"""8dfd5cefc9c20988abb1188f250724f4fa3f46f74f1e4e8c0569b38cb0320d93"""," ""elf.mirai"""," ""Katana"""," ""100""",2026-10-04 03:46:48," """"","Mirai"""
"""9924976d221c0003bee515bf23bdfdd003fdc3be04d827588b2bcdac5c034ead"""," ""elf.snowlight"""," ""None"""," ""95""",2026-10-04 03:46:47," """"","SNOWLIGHT"""
"""dedfdbd4ae2ea34dd9528c3ebb5f2780c9512da0da619cfd9cdddfc0e411998c"""," ""elf.mirai"""," ""Katana"""," ""100""",2026-10-04 03:46:46," """"",Mirai
"""b9a3ee0e1896dc62332c9d3bdb4925495d48daed9123b12a260b06e17f74c2b1"""," ""elf.mirai"""," ""Katana"""," ""100""",2026-10-04 03:46:45," """"",Mirai
"""72e54d94c4663cea722f186c94910aa11ed12fd3535b9cce1f2f7301251432d4"""," ""elf.mirai"""," ""Katana"""," ""100""",2026-10-04 03:46:44," """"",Mirai
"""c820542d0a0421d8a43f8d9967d86de22cf9e6278334d0529bb4d078d91e04d0"""," ""elf.mirai"""," ""Katana"""," ""100""",2026-10-04 03:46:43," """"",Mirai
"""086e0d06c89094b0fef3a27005028df4f9ca06bedf591564e5e59ae822b83acd"""," ""elf.mirai"""," ""Katana"""," ""100""",2026-10-04 03:46:42," """"",Mirai
"""190dd4d9a66655e6744ccf956af1e85552f58de4556c6dd80af113e64721597a"""," ""elf.mirai"""," ""Katana"""," ""100""",2026-10-04 03:46:41," """"",Mirai
"""5a3497b0f01e9204f54e6b853acba1c5e5200393101e623c8f05e86a3446232c"""," ""elf.mirai"""," ""Katana"""," ""100""",2026-10-04 03:46:40," """"",Mirai
"""c5304f9e9717c7818eed2267d437f1dbcc4d593243ebbcfcb5fdddd3ea42a3c7"""," ""elf.mirai"""," ""Katana"""," ""100""",2026-10-04 03:46:39," """"",Mirai
"""d54eb3010f2a76f479954fe8b86ee81d79d32a092a76f1e8008bfbdf43100da5"""," ""elf.mirai"""," ""Katana"""," ""100""",2026-10-04 03:46:38," """"",Mirai
"""b6485bb24becb01de3319bc543c026f2b22695146dca3447143384ed92f6933a"""," ""elf.mirai"""," ""Katana"""," ""100""",2026-10-04 03:46:37," """"",Mirai
"""51cad388bdf48972a50e9beae5e0e27712255550031916dafee78295f16cb51d"""," ""elf.mirai"""," ""Katana"""," ""100""",2026-10-04 03:46:36," """"",Mirai
"""6541f01db9d973067724ca3e3c50ac96e8defe8584febc47b3212cbe5979b324"""," ""elf.mirai"""," ""Katana"""," ""100""",2026-10-04 03:46:35," """"",Mirai
"""8355b042d1d2e9e3276091ff1998ba3295304314ae54e5655bc9945693362cdc"""," ""elf.mirai"""," ""Katana"""," ""100""",2026-10-04 03:46:35," """"",Mirai
"""1f83457bc3a239c4e9dd7d1adec246fd5cbaa5512fddcae747c6dd4c88966bca"""," ""elf.mirai"""," ""Katana"""," ""100""",2026-10-04 03:46:34," """"",Mirai
"""05beff2b13239247c7259e5d438be37b8f1acd377e2d966a3d305416fc600109"""," ""elf.mirai"""," ""Katana"""," ""100""",2026-10-04 03:46:33," """"",Mirai
"""5f5409ab02f05934b010edefe9c00af9aac1ca20ff270546e1b99958394cb79e"""," ""elf.mirai"""," ""Katana"""," ""100""",2026-10-04 03:46:32," """"","Mirai"""
"""bb833f3ba12e341160c082cfb1f182c0e08026d63d57bd52d48e32f5a61d7e18"""," ""elf.mirai"""," ""Katana"""," ""100""",2026-10-04 03:46:31," """"","Mirai"""
"""a775050c6e20316c300a55008001017da5d79c8bd0c9c87f9ceff8a93320466f"""," ""elf.mirai"""," ""Katana"""," ""100""",2026-10-04 03:46:30," """"","Mirai"""
"""7ff2e43032d97935091c5f5a9e3a83446cc4971e3451bdb78fc3ce25faaa52b5"""," ""elf.mirai"""," ""Katana"""," ""95""",2026-10-04 03:46:29," """"","Mirai"""
"""9991d9987da7f9be952fba8199baa69237c42d10a66eb60a52bf77143145111e"""," ""elf.mirai"""," ""Katana"""," ""95""",2026-10-04 03:46:28," """"","Mirai"""
"""0e418f44c6737bc220340d074c3ad7d842bf4a5875c581c08341c340033fb128"""," ""elf.snowlight"""," ""None"""," ""95""",2026-10-04 03:46:27," """"","SNOWLIGHT"""
"""fffc7c1ca08e6cd9b373e2ecb1b278caa6c4c1489bfa92577c53bcfa173b847a"""," ""elf.mirai"""," ""Katana"""," ""100""",2026-10-04 03:46:26," """"","Mirai"""
"""22f28659b2de012b46cd4955fa042abab1ef134127ffd44a29d847447603eff7"""," ""elf.mirai"""," ""Katana"""," ""95""",2026-10-04 03:46:25," """"",exe
"""b7f39609a10c9a9699c3627955b2ccc06c62b85d3b96eacd5a74b3473d886ad3"""," ""elf.mirai"""," ""Katana"""," ""95""",2026-10-04 03:46:23," """"",exe
"""1d27ea800fabb7fcf1ea084d13b4bbf24485485a02200c839780b712a2102407"""," ""elf.mirai"""," ""Katana"""," ""95""",2026-10-04 03:46:22," """"","Mirai"""
"""6cc6d0b96b8523c23b22cd3f271c0e9f4b19d31da190a633b3f0e2bc4f3f89b0"""," ""elf.mirai"""," ""Katana"""," ""100""",2026-10-04 03:46:21," """"","Mirai"""
"""b8d63bcb195fa116a1e6aa80ae02521860d7c91699e1e44e9a6f24bcfdac8515"""," ""elf.mirai"""," ""Katana"""," ""100""",2026-10-04 03:46:20," """"","Mirai"""
"""2ba64fdf09968cfbae07c285bd9d459444b79b7b5e6f27eb89b67b9a3346c053"""," ""elf.mirai"""," ""Katana"""," ""100""",2026-10-04 03:46:19," """"","Mirai"""
"""b34a84cef3a7389a0e24c2601c1ae54f7c126a76e8424afc45769241b606fdd2"""," ""elf.mirai"""," ""Katana"""," ""100""",2026-10-04 03:46:18," """"",elf
"""da92fca5032ea8d8b4fcb45dc0aa7874fe201c4e84b7f40814ce8c5a6afc8cdb"""," ""elf.mirai"""," ""Katana"""," ""100""",2026-10-04 03:46:17," """"","Mirai"""
"""017056009b62e2d832d80ccf4d54edd8bce3f99e84bde661a97bdecd7e913ecf"""," ""elf.mirai"""," ""Katana"""," ""100""",2026-10-04 03:46:16," """"","Mirai"""
"""1f1943e839be8027ca943dd14b04993c7a18592b406056f847e44aa89e0909ba"""," ""elf.mirai"""," ""Katana"""," ""100""",2026-10-04 03:46:15," """"",Gafgyt
"""f8208c93d9bfc7186b29f86c3aa70056a33e0e8b8e0e4163f4bf6872fdac28cf"""," ""elf.mirai"""," ""Katana"""," ""95""",2026-10-04 03:46:14," """"",exe
"""c2c6c75e00efa7ad3eb38be03b2e09d88d750a26404334689e29bda066ccdb18"""," ""elf.mirai"""," ""Katana"""," ""95""",2026-10-04 03:46:13," """"",exe
"""eaee925649d11f588b622bee5dd0673e0ff06ba0406ee47f4fc361332cfedfb5"""," ""elf.mirai"""," ""Katana"""," ""95""",2026-10-04 03:46:12," """"",exe
"""69e2b050ac6f37c17fac1f887a81e1374744ee7e7545e551ee8de009170dc03d"""," ""elf.mirai"""," ""Katana"""," ""95""",2026-10-04 03:46:10," """"",exe
"""7c2a428c057812a2b1a505727a8b27572fe7893ef7d28442f814dc150d5224b5"""," ""elf.mirai"""," ""Katana"""," ""100""",2026-10-04 03:46:10," """"","Mirai"""
"""3eb72e97b05b1abb7ebb443fa52c90a9eeaacc911009aa7fc980a346f5b19a56"""," ""elf.mirai"""," ""Katana"""," ""95""",2026-10-04 03:46:08," """"",exe
"""ba5cf6adc816afc033091f830777d7c89c7c130fbd3817b649501bc5fc681202"""," ""elf.mirai"""," ""Katana"""," ""95""",2026-10-04 02:46:50," """"",exe
"""8b690a6e3b6f301bf0bf6b6ee123933333c8c6036af5633b934c0b0e6cf27fb5"""," ""elf.mirai"""," ""Katana"""," ""95""",2026-10-04 02:46:49," """"","Mirai"""
"""f671079505d427051ffd07feb8a7d9662c857c2a8b547e341e1823ad0673ad6a"""," ""elf.mirai"""," ""Katana"""," ""95""",2026-10-04 02:46:48," """"",exe
"""32e4b08f6718e978367001c89764037397eaa6b4d44b99674c509aef2de758d5"""," ""elf.mirai"""," ""Katana"""," ""95""",2026-10-04 02:46:47," """"",exe
"""ecc15d0dd293c0c880d381016f9bca1324d615ba6bbff4f7413f512f6972dc59"""," ""elf.mirai"""," ""Katana"""," ""95""",2026-10-04 02:46:46," """"",exe
"""5036f549c3219ce2815373127c4a429ccf5d807c123847769027b53ebe19f627"""," ""elf.mirai"""," ""Katana"""," ""95""",2026-10-04 02:46:45," """"",exe
"""d4e955b6b22af7d62d9102d5db1940a0ede1328fa8b73970a2f46d5f3236c9d4"""," ""elf.mirai"""," ""Katana"""," ""95""",2026-10-04 02:46:44," """"",exe
"""30b9883ac2a7dbe4f389b7a9e754d983911036a0c07b2d2a9edffe296af0879a"""," ""elf.mirai"""," ""Katana"""," ""95""",2026-10-04 02:46:43," """"",exe
"""d138a416cb7844173677eb4ec9e318edf3997c547137cb5d2144364183e18b29"""," ""elf.snowlight"""," ""None"""," ""95""",2026-10-04 02:46:42," """"","SNOWLIGHT"""
"""0ae38ed87958a5fb1fb385a9ff2d4126cc590aa03fc14f0465427e57e12d5b51"""," ""elf.mirai"""," ""Katana"""," ""95""",2026-10-04 02:46:42," """"",exe
"""fa209da594d14353c42b4a9277faf0a18343c66d1fa5787f6cb66343403450d4"""," ""elf.mirai"""," ""Katana"""," ""95""",2026-10-04 02:46:41," """"","Mirai"""
"""89067a029d21a57578b63c72f1da78626086aed482e207dd938773177b9e21b4"""," ""elf.mirai"""," ""Katana"""," ""100""",2026-10-04 02:46:40," """"","Mirai"""
"""efeb7f29d142cf3387f20cb184b3995a89db6bce93f6af97d2605942876196fd"""," ""elf.mirai"""," ""Katana"""," ""100""",2026-10-04 02:46:39," """"","Mirai"""
"""bc517cbece3dc95b06c6fd077bb3355e61f64f3b13e9b5583d0dfa9da025320f"""," ""elf.mirai"""," ""Katana"""," ""100""",2026-10-04 02:46:38," """"","Mirai"""
"""c901af1db6044a0532694b9c8a0b8c1e4249373d2e3b86f100e5ba14c78f6d84"""," ""elf.mirai"""," ""Katana"""," ""100""",2026-10-04 02:46:37," """"","Mirai"""
"""c0aba0fea2ed614fa68396ca7258b0ea5c7096e9dc76525a2afc6cdc8a79edb1"""," ""elf.mirai"""," ""Katana"""," ""100""",2026-10-04 02:46:36," """"",Mirai
"""5ec1189cd06fb01ec42c8ea884905d63571ad0a86422f70b9291ba1b916ce786"""," ""elf.mirai"""," ""Katana"""," ""100""",2026-10-04 02:46:35," """"",Mirai
"""cd3294de78b0af05f66b9409b22216da9a62692b0ae08db2c5ecad8afe3c35fb"""," ""elf.mirai"""," ""Katana"""," ""100""",2026-10-04 02:46:34," """"","Mirai"""
"""bce103624ad07605c9953f9d743cbb0c176515affb9241d08df7399e9652f4da"""," ""elf.mirai"""," ""Katana"""," ""100""",2026-10-04 02:46:33," """"","Mirai"""
"""573163fcccea157ebf9fd89ddbafa86992ecfcc990400cc921b0523704be3e0c"""," ""elf.mirai"""," ""Katana"""," ""100""",2026-10-04 02:46:32," """"","Mirai"""
"""98994017c070389b3ddfe557847dc6aaa00ce7bc79760faf3dcfe68036b56431"""," ""elf.mirai"""," ""Katana"""," ""100""",2026-10-04 02:46:31," """"","Mirai"""
"""dbdacdc6e8a16692a3933e743a2b81fad289e06ada415585eaf551f3d228b28b"""," ""elf.mirai"""," ""Katana"""," ""100""",2026-10-04 02:46:30," """"",Mirai
"""b3512d6dd71746655648180b30a3812939c7adbcbb2958b3abf6ae004f691156"""," ""elf.mirai"""," ""Katana"""," ""100""",2026-10-04 02:46:29," """"","Mirai"""
"""b2aa2c5c202e530bb1f8ed9f1c00b4e59be8445455f7eef1b8fb25a2f92408a6"""," ""win.overlord"""," ""None"""," ""100""",2026-10-04 02:46:28," """"",exe
"""bc5d6f222b11de463863fd68ed2ea166ddad5bb98e8404fb63ceec2415cac493"""," ""elf.mirai"""," ""Katana"""," ""100""",2026-10-04 02:46:27," """"","Mirai"""
"""6c45b608c7f6366434ba90e2c6c254a66a9fe8f018620e943db9744101855dc7"""," ""elf.mirai"""," ""Katana"""," ""100""",2026-10-04 02:46:26," """"","Mirai"""
"""6c8a287385b29abae710af6b755b8a5a5ad56ede36b3b0d4ca31cc167bbecea7"""," ""elf.mirai"""," ""Katana"""," ""100""",2026-10-04 02:46:25," """"","Mirai"""
"""9dea0a840f4925b3a5d7b25d9c6281838ec3247b6938c3883d7f3b98545e71b1"""," ""elf.mirai"""," ""Katana"""," ""100""",2026-10-04 02:46:24," """"","Mirai"""
"""50d595843b66c092f100576070ae14609806cc87c7c90ba0164d8a63d049f558"""," ""elf.mirai"""," ""Katana"""," ""100""",2026-10-04 02:46:23," """"","Mirai"""
"""4125fe7e5b34d5a2d5db97a5b00d0c73dc1cfc1c13a73cd986616828f5051b95"""," ""elf.mirai"""," ""Katana"""," ""100""",2026-10-04 02:46:22," """"","Mirai"""
"""a8cf4abd8656d72f7cdadd488f26a316b0beea80b2e53831b87630aa72da5ac6"""," ""elf.mirai"""," ""Katana"""," ""100""",2026-10-04 02:46:21," """"","Mirai"""
"""a874fbca4692d90fd9864bb58df89282abf03e75ea9f87bbd44f5a6416c05faf"""," ""elf.mirai"""," ""Katana"""," ""100""",2026-10-04 02:46:20," """"",Mirai
"""57c6a7d728e2add09333753a42e39becc210158a53205f9b8a41ae529810bd4e"""," ""elf.mirai"""," ""Katana"""," ""100""",2026-10-04 02:46:19," """"",Mirai
"""cf3a2657c94d50d00f96dd8d864690f68a027188e76207c263134f8e7460da00"""," ""elf.mirai"""," ""Katana"""," ""100""",2026-10-04 02:46:18," """"",Mirai
"""d3c414ea55ff51e39378044996c77cf65c1c2403b8ad232bb8b5c8ee7cadd393"""," ""elf.mirai"""," ""Katana"""," ""100""",2026-10-04 02:46:17," """"",Gafgyt
"""1c0f770f8881dc22eb411ab4064f8075309bed6f691aea0ab478c6f7a9c45b2f"""," ""elf.mirai"""," ""Katana"""," ""100""",2026-10-04 02:46:16," """"","Mirai"""
"""b23f0a04c15b1b0a653468a53041019d8076cfe6b4b06fa7ace55dd6e9a9c45c"""," ""elf.mirai"""," ""Katana"""," ""100""",2026-10-04 02:46:15," """"","Mirai"""
"""4520835624caa14d1b31ec6cb41feabd0d8e7becc150845fcc1dd3b3daa7f884"""," ""elf.mirai"""," ""Katana"""," ""100""",2026-10-04 02:46:14," """"",Mirai
"""aa3cd1ef678dd8427531e1bd2c695fdf9bc10690f91d35c6c79f12a50f0c365e"""," ""elf.mirai"""," ""Katana"""," ""100""",2026-10-04 02:46:13," """"","Mirai"""
"""7e1bf180eb4aaa01be1a199c5f3df34ef856b9edc8dce1971fa45678b1117d3f"""," ""elf.mirai"""," ""Katana"""," ""100""",2026-10-04 02:46:12," """"","Mirai"""
"""5aec4cf6d50b41c6c3477ff429184fe90d65a5c328ea3ea0ac29c6bed029cf83"""," ""win.vshell"""," ""None"""," ""95""",2026-10-04 02:46:11," """"","VShell"""
"""137413a0ab6691e6ad52963e078f17a1f7817148ccdf7fa4ce462f49a5fcde25"""," ""win.vshell"""," ""None"""," ""95""",2026-10-04 02:46:10," """"","VShell"""
"""2d4bd384f2fac0e4bdcf51b6c704e3caeaff73f25b361cd8f9cb8c65cb5619cd"""," ""elf.mirai"""," ""Katana"""," ""100""",2026-10-04 01:47:06," """"","Mirai"""
"""a7155d37b823212b5db29c531d63f13bb30921513dc0dd9ac9e7b4cbfc97bfcf"""," ""elf.mirai"""," ""Katana"""," ""100""",2026-10-04 01:47:05," """"",Mirai
"""c06c9ee4e6020894bc9fc3abebb953b889d15d6041518483568fc8587d8e96a6"""," ""elf.mirai"""," ""Katana"""," ""100""",2026-10-04 01:47:04," """"","Mirai"""
"""a860d8ff6a297f9878f0c8a721262ab4bb03f50f144ef1e11088e5d93740ada5"""," ""elf.mirai"""," ""Katana"""," ""100""",2026-10-04 01:47:03," """"",Mirai
"""6d6568f35b2b307a1237445240f27288b0c669c548381b4ca7996fd8fc33eeb9"""," ""elf.mirai"""," ""Katana"""," ""100""",2026-10-04 01:47:02," """"","Mirai"""
"""368160899f8e7811a45bfabc8dd7464d79575e9d0bb0ded1ac585c40ecbaeb93"""," ""elf.mirai"""," ""Katana"""," ""100""",2026-10-04 01:47:01," """"","Mirai"""
"""7e35c8b8be0a939dcb2ce922840f9d22e8e0ce95b08f10a27b1ba5f8fddf2106"""," ""elf.mirai"""," ""Katana"""," ""100""",2026-10-04 01:47:00," """"",Gafgyt
"""9bb319511b1af3a549f342137907e39a1c9777bd5eaadad7abc5eae71a4b0815"""," ""elf.mirai"""," ""Katana"""," ""100""",2026-10-04 01:46:59," """"",Gafgyt
"""5afde57b97c96a81a42e95427ec9895268fb26e3a6800e8a7cec8b9070e2365d"""," ""elf.mirai"""," ""Katana"""," ""100""",2026-10-04 01:46:58," """"","Mirai"""
"""cafd6cc41f5ae446d21bc2aafdb9f6de5a862dd87ab07dc660c5f3fc6d17c391"""," ""elf.mirai"""," ""Katana"""," ""100""",2026-10-04 01:46:57," """"",Mirai
"""a4e82a110c505c1fa42956ad1f7c105d745677148a93f64d5c0a23c6b63e219f"""," ""elf.mirai"""," ""Katana"""," ""100""",2026-10-04 01:46:57," """"","Mirai"""
"""67817aebf7f8ca1618ce4dec8937f2f69888d15f34fc03777ae008ca36d2f44b"""," ""elf.mirai"""," ""Katana"""," ""100""",2026-10-04 01:46:55," """"","Mirai"""
"""908ab9b70d8170bbb5ab2e4e22a50bc2d92c7bb2da21555bc468bc8d284b3013"""," ""elf.mirai"""," ""Katana"""," ""100""",2026-10-04 01:46:55," """"",Hajime
"""7875d573ef014091135caa1f194cd5cf2fda027fe99ae51a51674845d059576d"""," ""elf.snowlight"""," ""None"""," ""95""",2026-10-04 01:46:53," """"","SNOWLIGHT"""
"""26d61987f55508b5756094d3d5675baf3aae3b0bf3ce370c7dfd8b2418c1c124"""," ""elf.mirai"""," ""Katana"""," ""100""",2026-10-04 01:46:53," """"",Mirai
"""3260d5dd17bfb3258ad8a7f0b45a45f7704b1572f8710d91b9a503ea7fdc94a0"""," ""elf.snowlight"""," ""None"""," ""95""",2026-10-04 01:46:51," """"","SNOWLIGHT"""
"""1d74e071db4cfccef37a37a415189a315d9bbd064cc2ff7e6e290ae3d816dfd4"""," ""elf.mirai"""," ""Katana"""," ""95""",2026-10-04 01:46:50," """"",Mirai
"""717ef54202f539acf807201f8be6bf5e2c0e90dad512092675718e4c01d12e32"""," ""elf.snowlight"""," ""None"""," ""95""",2026-10-04 01:46:50," """"","SNOWLIGHT"""
"""e1dee9c4253ec38267ab4a97222e6d888036137a57159f7a371be07a257ab8a7"""," ""elf.snowlight"""," ""None"""," ""95""",2026-10-04 01:46:49," """"","SNOWLIGHT"""
"""7dd3bc33ca08a9307657ffe327761af370400e00b4531fe0f497ec879ec735bf"""," ""elf.snowlight"""," ""None"""," ""95""",2026-10-04 01:46:48," """"","SNOWLIGHT"""
"""791be1e6f2839b929c5c6e65cfed9f27d16789e36443dfdc852051ceb53b5745"""," ""elf.mirai"""," ""Katana"""," ""100""",2026-10-04 01:46:47," """"","Mirai"""
"""97d66f6298b0680665a959d7c53b9bfc69bfaabd3ccae17f9d313268513fca60"""," ""win.asyncrat"""," ""None"""," ""90""",2026-10-04 01:46:46," """"","zip"""
"""dc03e8e7f1208c7593d6411c5e10e50bbae1c761faec519c903fa6b179c19688"""," ""elf.mirai"""," ""Katana"""," ""100""",2026-10-04 01:46:45," """"",elf
"""a51ad3b43629a1c9d08cc25bd81ba5bf4765a9c5fc6cf59236ece7f570291bca"""," ""elf.mirai"""," ""Katana"""," ""100""",2026-10-04 01:46:44," """"",Gafgyt
"""3d9d9a28219716833bab7a8a34d524a1dbd0f5772a730ca942b78860c4facfbb"""," ""elf.mirai"""," ""Katana"""," ""100""",2026-10-04 01:46:43," """"","Mirai"""
"""3bffec01ee1b0907998d33640c8083ab623cdfb0144332d4d294390abb473239"""," ""elf.mirai"""," ""Katana"""," ""100""",2026-10-04 01:46:42," """"","Mirai"""
"""975a7ab200926687ed0a003a8f839e8126a795f2f5601e2c14d539b036f6450e"""," ""elf.mirai"""," ""Katana"""," ""100""",2026-10-04 01:46:41," """"","Mirai"""
"""223e50f4d9259f2757b77e02759ea1ab024ebeb61c51ab51c63da1bc7c3fcb2f"""," ""elf.mirai"""," ""Katana"""," ""100""",2026-10-04 01:46:40," """"","Mirai"""
"""d38f077b96a00aae266c00f630a7153c6bb89e6cebeb33d328ec11efa3fdbeda"""," ""elf.mirai"""," ""Katana"""," ""100""",2026-10-04 01:46:39," """"","Mirai"""
"""46b6f2befa1b340d5287a4a8c7924579fb9d2a18a4d6dbf76ee15e822dda4366"""," ""elf.mirai"""," ""Katana"""," ""100""",2026-10-04 01:46:38," """"","Mirai"""
"""65728289653ce694356c6643820e2b1771e49f31cfdaf77de4cbb2e6de958bc5"""," ""elf.mirai"""," ""Katana"""," ""100""",2026-10-04 01:46:37," """"","Mirai"""
"""eceec0ccfa8901706fb86e2055d9e681697beb0b4d9f123b450b1c25030a744f"""," ""elf.mirai"""," ""Katana"""," ""100""",2026-10-04 01:46:36," """"",Mirai
"""e13b8f85e0cef9889fb25edf9de8f947b27823c86b65ba456b1651b5e630cead"""," ""elf.mirai"""," ""Katana"""," ""100""",2026-10-04 01:46:35," """"",Mirai
"""97a9ffcf021e1206182d6c7f00be79797e8bc7b25e05eb155510cb61165d5308"""," ""elf.mirai"""," ""Katana"""," ""100""",2026-10-04 01:46:34," """"",Mirai
"""06dce162b4b519f2cad5db258687a1ca5b8d8e6d1c1d873f1ccf5630596d3a73"""," ""elf.mirai"""," ""Katana"""," ""100""",2026-10-04 01:46:33," """"","Mirai"""
"""07144597f8261bd557a4ac85fe35e5c9b4640b47019f035e368ca193246844e8"""," ""elf.mirai"""," ""Katana"""," ""100""",2026-10-04 01:46:32," """"",Mirai
"""6de3c5508ee1c25156f9f60841d06178aa8975318327f8537ee1a3ef73ea708b"""," ""elf.mirai"""," ""Katana"""," ""100""",2026-10-04 01:46:31," """"",Mirai
"""b0e6ce2d90b7de7c784b13421ee68ca0c528dcb62b64a8e4c54aa4e2b03daa5e"""," ""elf.mirai"""," ""Katana"""," ""100""",2026-10-04 01:46:30," """"","Mirai"""
"""0a1aef2a4ecb96b2d1002b4d847db36281c08ea63bbcf5ef7fb06e1b072fe646"""," ""elf.mirai"""," ""Katana"""," ""100""",2026-10-04 01:46:29," """"","Mirai"""
"""e6cff7af2a261bd956893e5b617f5425496bc779bb262fa4657cd119badbedbe"""," ""elf.mirai"""," ""Katana"""," ""100""",2026-10-04 01:46:27," """"",Mirai
"""55e725a891d9721565ccbfd92fb66410add55e5566e0490f60dcfd63ba0ea26c"""," ""elf.mirai"""," ""Katana"""," ""100""",2026-10-04 01:46:26," """"",Mirai
"""8dfc0d4d635338474f65c1c6aaecd9238761a669179d9bfc70341e5c8b7ae6c5"""," ""elf.mirai"""," ""Katana"""," ""100""",2026-10-04 01:46:25," """"",Mirai
"""2f6718ccdd9768041c0081fe3879eea24e7909918ff85be59e3454a2585c3c46"""," ""elf.mirai"""," ""Katana"""," ""100""",2026-10-04 00:47:13," """"",Mirai
"""eb3360040c576834ebd59f66b794a95d8a29a26ae403fec281a95499301cbf81"""," ""elf.mirai"""," ""Katana"""," ""100""",2026-10-04 00:47:12," """"",Mirai
"""562cf6d6cc50b4f1fc7117315ca8c08797c934e11619eb1a30fab168aa90f0ba"""," ""elf.mirai"""," ""Katana"""," ""100""",2026-10-04 00:47:11," """"",Mirai
"""c12d9da55bc424428978518649958b96cc69e656becc434ebabcdff611aad275"""," ""elf.mirai"""," ""Katana"""," ""100""",2026-10-04 00:47:10," """"",Mirai
"""0d0aaea1b475cc7dbd8f9e20c3f83dc19e8215d59b0c7b6c05cbc7d4c3afcc38"""," ""elf.mirai"""," ""Katana"""," ""100""",2026-10-04 00:47:09," """"",Mirai
"""0eda32f9edeeb09741e7c0e230387922f1e79d069d0ae424bbf3573abc07f5d7"""," ""elf.mirai"""," ""Katana"""," ""100""",2026-10-04 00:47:08," """"","Mirai"""
"""12c914914a7e28cd56721888fc6ba4fea9b3b1e5b173ac064eb904788cf74f7f"""," ""elf.mirai"""," ""Katana"""," ""100""",2026-10-04 00:47:07," """"",Mirai
"""fe32a25cfedbbe4f1f96f5bd08351bc36f5366dd943300bd1b7190da5d3331c8"""," ""elf.snowlight"""," ""None"""," ""95""",2026-10-04 00:47:06," """"","SNOWLIGHT"""
"""cb77b8a21f797eac9ef7eb5bf6deae8c57d370f551cf6a97465308f6a41b543f"""," ""elf.mirai"""," ""Katana"""," ""100""",2026-10-04 00:47:05," """"","Mirai"""
"""11bb802e383d66531538c0ed1787228081b42fe4c4fc5ed601c43628fd86470c"""," ""elf.mirai"""," ""Katana"""," ""100""",2026-10-04 00:47:04," """"","Mirai"""
"""d2ceb5d5ca0d3e62dbeba77e7471714a51db084ce735e4c8099b84244179a8f6"""," ""win.404keylogger"""," ""404KeyLogger"," """"",2026-10-04 00:47:03," ""404 Keylogger"""," ""404Keylogger"
"""c3a2e075d6914e0f21071fa4910ff0cbdd1e8a23c65fe35bf3a5e63396b8671c"""," ""elf.mirai"""," ""Katana"""," ""100""",2026-10-04 00:47:03," """"",Mirai
"""015b2f5ff28e4d6c8e242cc909f381544f5e0687df65700e65180045bc088ea0"""," ""elf.mirai"""," ""Katana"""," ""95""",2026-10-04 00:47:02," """"","Mirai"""
"""4e428fb03df8cdf9d154b14eb7d4e2fa1d147a835a8c6e81b1863115f3cff464"""," ""win.netsupportmanager_rat"""," ""NetSupport"""," ""90""",2026-10-04 00:47:00," """"",NetSupportManagerRAT
"""11a6cf0de7a49a72730475c599bce7b112d583d251411a5d77c5a67fcc7e32c2"""," ""elf.mirai"""," ""Katana"""," ""95""",2026-10-04 00:46:59," """"",exe
"""42117cf5526eb49abbf79bf6adb34f1abadac62a935abff79be42e966cb0b2e5"""," ""elf.mirai"""," ""Katana"""," ""100""",2026-10-04 00:46:58," """"","Mirai"""
"""e8353b0438f14cdf38feeca4ec9ccbfde355173a0b5cf608e85a56b1f52e2ddd"""," ""elf.mirai"""," ""Katana"""," ""100""",2026-10-04 00:46:58," """"","Mirai"""
"""eed81c4d4cd00c6b575c116579aebbb9e101f5541b8ccf312a78671721d73bfd"""," ""elf.mirai"""," ""Katana"""," ""100""",2026-10-04 00:46:57," """"","Mirai"""
"""f5252937299ec4db57492c4b4283bf130be99bc7f020803497451b1350c7645e"""," ""elf.mirai"""," ""Katana"""," ""100""",2026-10-04 00:46:56," """"","Mirai"""
"""667e19c5e76326d4ac0aef66d085a6ca3b504fcae7df437f3f75e69005585ee6"""," ""elf.mirai"""," ""Katana"""," ""100""",2026-10-04 00:46:55," """"",Mirai
"""9c5a7e069010ccc2558783c82d31ad0bcb43c62b9c87da57a92ac209bfa22da0"""," ""elf.mirai"""," ""Katana"""," ""100""",2026-10-04 00:46:54," """"","Mirai"""
"""a65585f57e9a5ed30672c00b3e8a1b7c7f46210fcfc66d284c8f9957f5d91249"""," ""elf.mirai"""," ""Katana"""," ""100""",2026-10-04 00:46:53," """"","Mirai"""
"""3264d9bee65f96e69d1f14a8ee69f1002cfe76ddf2ea4bf5640e27d711bd29bc"""," ""elf.mirai"""," ""Katana"""," ""100""",2026-10-04 00:46:52," """"","Mirai"""
"""bb0b8149a9d9a831b1bf10cd95041c9a03a62784d225e0658679d656519a12f7"""," ""elf.mirai"""," ""Katana"""," ""100""",2026-10-04 00:46:51," """"",Mirai
"""e997abb1ddc2a3bb9341d1ee3bb05ae1d28af72644dc745f221540cab5eff4d9"""," ""elf.mirai"""," ""Katana"""," ""100""",2026-10-04 00:46:50," """"","Mirai"""
"""768870cf8788e9bd783e880c883aff86cade1aeb00d659f72008fa86a88cb294"""," ""elf.mirai"""," ""Katana"""," ""95""",2026-10-04 00:46:49," """"","Mirai"""
"""1c6c76c309b1e6468ee64b2387db1e9de4c47a6e31fc05a856227a513abb4d44"""," ""elf.mirai"""," ""Katana"""," ""95""",2026-10-04 00:46:48," """"","Mirai"""
"""9fea2f302e9bec5f967f8d9d441747530e76863fd74c10d0462c10234e0afcab"""," ""elf.mirai"""," ""Katana"""," ""100""",2026-10-04 00:46:47," """"",Mirai
"""ccdc4a015bb2a334f7ed236b6b8ba4f40eaf66208e62d09b20a73f99fab1df41"""," ""elf.mirai"""," ""Katana"""," ""95""",2026-10-04 00:46:46," """"",exe
"""9bf070951e62fefd3f3461900629e3657b80f5a22e78435487e5c976bfdf6221"""," ""elf.mirai"""," ""Katana"""," ""95""",2026-10-04 00:46:45," """"",exe
"""0f8ce7a65f9b6693b29edab80f9997eeb0c1aa0f73a5e2a202a2d9765e433c95"""," ""elf.mirai"""," ""Katana"""," ""95""",2026-10-04 00:46:44," """"",exe
"""00c311eeec60d2203d27c5ea55a1fc302658951b90c4c7bd6600f91ec8993db0"""," ""elf.mirai"""," ""Katana"""," ""95""",2026-10-04 00:46:42," """"",exe
"""5113ef12f4c511d00c4769d71daf93b0d3dead910c917988566ff3363a0e6488"""," ""elf.mirai"""," ""Katana"""," ""95""",2026-10-04 00:46:41," """"",exe
"""7c4c24e0a2eada545af17e13238724f0d2facb46c6698736de23b93569127470"""," ""elf.mirai"""," ""Katana"""," ""95""",2026-10-04 00:46:40," """"",exe
"""ec50fccdde4f41a972ad5e5e8ea3d8ff9f2b686fca09cc868ab03ca7eecd9956"""," ""elf.mirai"""," ""Katana"""," ""100""",2026-10-04 00:46:39," """"",Mirai
"""4e9a3dffedd31c8efe09be0ca91c1bdd1b84082f94ef3936802ef0a0cb220bbd"""," ""elf.mirai"""," ""Katana"""," ""100""",2026-10-04 00:46:37," """"","Mirai"""
"""4cb25fdf5b1f336341b5370d0c00cdd0db170b56b21fd1fd2f590d96c04085e6"""," ""elf.bashlite"""," ""gayfgt",torlus,2026-10-04 00:46:36,qbot," ""100"""
"""9a339a463f538a715e60ecd71280987618dfa3a02c27dd378a7b02c6067d2289"""," ""elf.mirai"""," ""Katana"""," ""100""",2026-10-04 00:46:34," """"","Mirai"""
"""33c51ba98a91d6582ed911254222b3ace49e86662ec2eb186e08ab9f1ec6fd05"""," ""elf.mirai"""," ""Katana"""," ""100""",2026-10-04 00:46:33," """"","Mirai"""
"""9e0428d33f43c6622a3ea1b4f9a4bd2ff82cbba1411b176ef0935c65054f091b"""," ""elf.mirai"""," ""Katana"""," ""100""",2026-10-04 00:46:31," """"","Mirai"""
"""933beaec399d813b4b4abcf825e62b662eaf7040b30ccf4d2c9a041085bea5d5"""," ""elf.p2pinfect"""," ""None"""," ""100""",2026-10-04 00:46:29," """"","P2Pinfect"""
"""764e5f51e92dd166ff27cf105a7e1de4ab8689db0aaf6aa404839db6dc549b39"""," ""elf.mirai"""," ""Katana"""," ""100""",2026-10-04 00:46:28," """"","Mirai"""
"""69ba94b3ae8e39ca9b791fa9db219b188852cf38de0d8b436d5c441ae22429af"""," ""elf.mirai"""," ""Katana"""," ""100""",2026-10-03 23:46:42," """"","Mirai"""
"""39f3387a804707e27cebb905aa0a000deeb7a031d87d69ba22f022238a16e515"""," ""elf.mirai"""," ""Katana"""," ""100""",2026-10-03 23:46:41," """"","Mirai"""
"""4e2c0396e96e3e5d763fdcba313ace876ca45333c7683a087698768ff2ea277f"""," ""osx.amos"""," ""Atomic macOS Stealer"""," ""100""",2026-10-03 23:46:40," """"",AmosStealer
"""81b62ed084960b77ced6210b582a75a7b5390ae6a51079d35eb5511a382425c1"""," ""elf.bashlite"""," ""gayfgt",torlus,2026-10-03 23:46:39,qbot," ""100"""
"""0d4bcf3868dcad3409492dc3b8d01439eacd99e49ca746fbcf019dc32ae82a65"""," ""elf.mirai"""," ""Katana"""," ""100""",2026-10-03 23:46:38," """"",elf
"""8137e134ee390e055d0f0f9f964544c147e7449036555aaeeb9330d8a8a1cb06"""," ""elf.mirai"""," ""Katana"""," ""100""",2026-10-03 23:46:37," """"","Mirai"""
"""12f89ae91e515aa7d40b8ce93ea7fcf31081830ca49421e24000002967f0eecb"""," ""elf.mirai"""," ""Katana"""," ""100""",2026-10-03 23:46:36," """"","Mirai"""
"""91847a5075fd0e938f4aec3a23a4437c6445f4eefc201fa288e0d1513edf0561"""," ""win.asyncrat"""," ""None"""," ""100""",2026-10-03 23:46:35," """"",exe
"""698a65556d1937d391e85ddb0c2c4419e907214033dbf68401c92f635bb61c82"""," ""elf.mirai"""," ""Katana"""," ""100""",2026-10-03 23:46:34," """"","Mirai"""
"""8f8343033b9e1dc3f62527ab0f24ce3d774dc7ea3d54f2d5bc4805bb9360319c"""," ""elf.mirai"""," ""Katana"""," ""100""",2026-10-03 23:46:33," """"",Gafgyt
"""c216bd9d1ae0e9fbebc60c9c87f6278b71fb3a1bd8797ca3280aa3ca276ffd6f"""," ""elf.mirai"""," ""Katana"""," ""100""",2026-10-03 23:46:32," """"","Mirai"""
"""d1ebe6c654f0fc5e3b42ec77b4cf2d87dd74b5b63c1ffc1d5e5a6d2cb0359fb9"""," ""elf.mirai"""," ""Katana"""," ""100""",2026-10-03 23:46:31," """"","Mirai"""
"""fa2fb12ad20a170b74fc5a3c723a395777a2e5eb9a106dd76f64d733e47d6a2f"""," ""elf.mirai"""," ""Katana"""," ""100""",2026-10-03 23:46:31," """"","Mirai"""
"""8a6a06fd0eb3339a919ed3f868ae040eb5dd17edc2ae6b0affcfb93f9933a739"""," ""elf.mirai"""," ""Katana"""," ""100""",2026-10-03 23:46:30," """"","Mirai"""
"""1aaf6b6ffe1846391f1157490ae916e2006bf2248df0fb1573c8c5c7ff5c013c"""," ""elf.mirai"""," ""Katana"""," ""100""",2026-10-03 23:46:29," """"","Mirai"""
"""34ba6af3458a2886bb231ab93fca8504a3e2847fc5c27fe0a8227e66b08e56ae"""," ""elf.mirai"""," ""Katana"""," ""100""",2026-10-03 23:46:27," """"","Mirai"""
"""47a24d074131c35a8abccb79a958316165a5827b96d446c5d31f1f7b0efa4c4d"""," ""elf.mirai"""," ""Katana"""," ""100""",2026-10-03 23:46:26," """"","Mirai"""
"""5df36d78fcc45f3e66c20d5633c8a91a07cc910d84956e9b6244529ce81a3e86"""," ""elf.mirai"""," ""Katana"""," ""100""",2026-10-03 23:46:25," """"","Mirai"""
"""ff60c0714b51310dcbbb281ca554add9e32a94b3eb07302b262ee67ea07121c4"""," ""elf.mirai"""," ""Katana"""," ""100""",2026-10-03 23:46:25," """"",Gafgyt
"""377fe7c427bd0dbca9cadd1fa93aa3ebe3347907d229b4d79f9c7e474b4feba7"""," ""elf.mirai"""," ""Katana"""," ""100""",2026-10-03 23:46:24," """"","Mirai"""
"""2461a31775cc11e16548a2e47c5a1afd7bddb57b97d2247cc02bb4c5c63da498"""," ""elf.mirai"""," ""Katana"""," ""100""",2026-10-03 23:46:23," """"","Mirai"""
"""97921a2cfacb0b73fc7d14e29b751862b4bd0f02972d2af64cfdf8e0e802ab6f"""," ""elf.mirai"""," ""Katana"""," ""100""",2026-10-03 23:46:22," """"","Mirai"""
"""276fdef74ff71efaeb345c04a3ecfbeb2e99ad97584f4eba24e9936f0de6bd60"""," ""elf.mirai"""," ""Katana"""," ""100""",2026-10-03 23:46:20," """"","Mirai"""
"""1d59ece40bf5da2e074a91cddac51ff571970db5e7e15d9de544a6b3721a8a01"""," ""elf.mirai"""," ""Katana"""," ""100""",2026-10-03 23:46:19," """"",Gafgyt
"""6e028a69d35e03461e8b272356d507bc82c68dad2bfb5ee8b81ea4f334703fef"""," ""elf.mirai"""," ""Katana"""," ""100""",2026-10-03 23:46:19," """"","Mirai"""
"""2e25a3470877a0eb49200c1966f0d3354d455a56d8f79032fad60d9920420b9c"""," ""elf.mirai"""," ""Katana"""," ""100""",2026-10-03 23:46:17," """"","Mirai"""
"""066e658489160199be9b899ac2bc4ac61a4a3f368966a9a2894a0e8f09d7ac0c"""," ""elf.mirai"""," ""Katana"""," ""100""",2026-10-03 23:46:17," """"",Gafgyt
"""1ab6c67da6f8afe206b2e096a7485e24695ccc740b5daaae34519b7137948bf9"""," ""elf.mirai"""," ""Katana"""," ""100""",2026-10-03 23:46:16," """"","Mirai"""
"""5963a9491c91eae44384e239284fdc74dc3db9ee1b13c24eccc516ece350df34"""," ""win.purelogs"""," ""None"""," ""100""",2026-10-03 23:46:14," """"",PureLogsStealer
"""0a94f4b6dd6ca8370c459e7fa9b11f4e28161e9458b2c13af750b85210f88d2b"""," ""elf.mirai"""," ""Katana"""," ""100""",2026-10-03 23:46:14," """"",Mirai
"""a54c3c35b0cd84b87e2eaecef10e55634eee6ddd16ab42033eae7ff87086a354"""," ""elf.mirai"""," ""Katana"""," ""100""",2026-10-03 23:46:12," """"",Gafgyt
"""b055765abfdd31dfa5252436a90f9818bb163d3d3c7888379fc45575239f3792"""," ""elf.mirai"""," ""Katana"""," ""100""",2026-10-03 23:46:11," """"","Mirai"""
"""48c3b9ced04800a4d78ea8f888db0b9c9b7c0c6ffb182ab0cda04dc2c003e163"""," ""elf.mirai"""," ""Katana"""," ""100""",2026-10-03 23:46:10," """"","Mirai"""
"""a7c457f045ef6b6e1b09acac78db32d45ac7e4b7976bf646da815e3d61396e17"""," ""elf.mirai"""," ""Katana"""," ""100""",2026-10-03 23:46:09," """"",Gafgyt
"""39ac2c4015532e8b06bf54ecebe497ebf2652c1a55e67605fa0c2618c2735906"""," ""win.agent_tesla"""," ""AgenTesla"," ""Agent Tesla""",2026-10-03 22:47:12,"Negasteal"""," ""None"""
"""bdbcb94265f715c4e044499b7f18a9193972117c06daf9097f91afe812de6207"""," ""elf.mirai"""," ""Katana"""," ""100""",2026-10-03 22:47:11," """"","Mirai"""
"""a0764484eb467b367e342ce448f2a15d2be637e907a524ea087a633dd5d599d8"""," ""elf.mirai"""," ""Katana"""," ""100""",2026-10-03 22:47:10," """"","Mirai"""
"""475f53171f4ba2507a5f493bd5ea44685b1f129458548ad1b5518fc86ce9b202"""," ""elf.mirai"""," ""Katana"""," ""100""",2026-10-03 22:47:09," """"","Mirai"""
"""20ae8334d28f9428775b88bb675f07fae271cadd13f3a2285d82118203ae5339"""," ""elf.mirai"""," ""Katana"""," ""100""",2026-10-03 22:47:09," """"",Mirai
"""99faa4e7767cca64b949aa048229f0334b166fa11cbc421a7aea9287d4c582a9"""," ""elf.mirai"""," ""Katana"""," ""100""",2026-10-03 22:47:08," """"",Mirai
"""fa5863411095c9098a1b29e557e1f0bf5083e6b40a0b9cf6c73851e03c8627f3"""," ""win.coinminer"""," ""None"""," ""100""",2026-10-03 22:47:07," """"","sh"""
"""41126c3bd0439fa7be2f6fe980c10aa47670ada29bac5550d2b661e8d79ef87d"""," ""elf.mirai"""," ""Katana"""," ""100""",2026-10-03 22:47:06," """"",Mirai
"""3e5484347b54e39a4d80a336db4b9c12e0348139390b24c4c6c85c6c670677e3"""," ""elf.mirai"""," ""Katana"""," ""95""",2026-10-03 22:47:05," """"",ddos
"""7b7bd95530c4525257808e7aab07305825c29c3b85c67869b1f35942fad01b43"""," ""elf.mirai"""," ""Katana"""," ""100""",2026-10-03 22:47:04," """"",Mirai
"""7620fbc8c5de8dc43c8f12ff89200945de33ecb3346da746dda2b2b82406b539"""," ""elf.mirai"""," ""Katana"""," ""100""",2026-10-03 22:47:03," """"",Mirai
"""4437be3d2ed219a46c6796213c9fcb5d583ffe781148753583d63289e389d231"""," ""elf.mirai"""," ""Katana"""," ""100""",2026-10-03 22:47:02," """"",Mirai
"""ceecb57e23558def55d714108d1ac39600a3b883dcef912f78ead23e3f6395d9"""," ""elf.mirai"""," ""Katana"""," ""100""",2026-10-03 22:47:01," """"",Mirai
"""cc83aaa6ffc335bda7548aeabf6af25f81d5d8ed8d70fe29e99493610b1abc9f"""," ""elf.mirai"""," ""Katana"""," ""100""",2026-10-03 22:47:00," """"",Mirai
"""a9cf1a5bfb3a15b9e9e114dc22267d3ef75d373abb6aa8ff663d3fc5558825a5"""," ""elf.mirai"""," ""Katana"""," ""100""",2026-10-03 22:46:59," """"","Mirai"""
"""bdd5a57f630e710dc77e777523087fbd104523cac853cba8b274bc60bec4d76b"""," ""elf.mirai"""," ""Katana"""," ""100""",2026-10-03 22:46:58," """"","Mirai"""
"""c3283f3fe72158227ae7a4e489194f33e46fc87b0983e0f93f4126e7854c7aaf"""," ""elf.mirai"""," ""Katana"""," ""100""",2026-10-03 22:46:57," """"","Mirai"""
"""01d31eb4fec94f20d367b61ea0a304023b68fefb2606452a684c2a8cf64ebb06"""," ""elf.mirai"""," ""Katana"""," ""100""",2026-10-03 22:46:56," """"",Mirai
"""b5dc81677b384f01e837374cc508362e2ece6a186f7f08009af3cac2ba7b7ff7"""," ""elf.mirai"""," ""Katana"""," ""100""",2026-10-03 22:46:55," """"","Mirai"""
"""94ca187d2680779089c15de5cb075c8368a033914ed3d960b2cd7b82e7553fbc"""," ""elf.mirai"""," ""Katana"""," ""100""",2026-10-03 22:46:54," """"","Mirai"""
"""08c4a76f8266722694961c1ae5e43fe29be4ebabc3418ee897b32d6a1490a296"""," ""elf.mirai"""," ""Katana"""," ""100""",2026-10-03 22:46:53," """"",Mirai
"""95a3c5a49abbd3d8bd686fcb8c68fe7318277acab933b6c178a11d592ebdab4c"""," ""elf.mirai"""," ""Katana"""," ""100""",2026-10-03 22:46:52," """"","Mirai"""
"""9e92b3febc45820609da43d729333a6b7ae23a95dcde6a21c4b71da938796339"""," ""elf.mirai"""," ""Katana"""," ""100""",2026-10-03 22:46:51," """"",Mirai
"""f18ad10182e72fdf2bb0e265189cf7f0ea33931536b52254725fabce04c5a01e"""," ""elf.mirai"""," ""Katana"""," ""100""",2026-10-03 22:46:50," """"",Mirai
"""b868d59bee215ec0026ef477d605a31a549bd9f0a06822d0c239fbc329623efc"""," ""elf.mirai"""," ""Katana"""," ""100""",2026-10-03 22:46:49," """"",Mirai
"""d1e86d0d56ab3c89f296f108c87849cb54cd29e89442768a056e060e77375559"""," ""elf.mirai"""," ""Katana"""," ""100""",2026-10-03 22:46:48," """"","Mirai"""
"""4ad0a6adbbf0eb8e13f5a2921c88e72cb7d08fea3644bc689733e91c126eabbb"""," ""elf.mirai"""," ""Katana"""," ""100""",2026-10-03 22:46:47," """"","Mirai"""
"""aaa117897596d13eff0eced18bd9a234afcda4fc9f98ee7bd1cf431c5637264a"""," ""elf.mirai"""," ""Katana"""," ""100""",2026-10-03 22:46:46," """"","Mirai"""
"""bb66063453efe9e93235121be7bbdbf8b38cbeae66c6163b8e2c101e9689e843"""," ""elf.mirai"""," ""Katana"""," ""95""",2026-10-03 22:46:45," """"","Mirai"""
"""229c4e60a1aa8cf8a2db497d970bfb786c832af427398923c21d3ad42698cba9"""," ""elf.mirai"""," ""Katana"""," ""95""",2026-10-03 22:46:44," """"",exe
"""d24f4926d5c81a0e87391086c4f90295ccaadd98b3078065d744bc4735b78293"""," ""elf.mirai"""," ""Katana"""," ""95""",2026-10-03 22:46:43," """"",exe
"""6f5f2dc04fddbebf5d580d770212b0c555204df4991e58a856afcf8dfeb0f4fc"""," ""elf.mirai"""," ""Katana"""," ""100""",2026-10-03 22:46:42," """"","Mirai"""
"""aa4272539b9b637651ea999c3ea77c1ed7727d73e79876144849e71caadd3ecb"""," ""elf.mirai"""," ""Katana"""," ""100""",2026-10-03 22:46:41," """"","Mirai"""
"""fcb7a789e1211bda2c3e6e55d1fb0f69f7b86e376569a3da6502054573c93f82"""," ""elf.mirai"""," ""Katana"""," ""100""",2026-10-03 22:46:40," """"","Mirai"""
"""9141850e109e77746dddc985f4ca8468704edef17449eccd89a403f0a94d9a8a"""," ""elf.mirai"""," ""Katana"""," ""100""",2026-10-03 22:46:39," """"","Mirai"""
"""115ae6f2ccee5e0f0a7bd1ad010fec261021e82aeaab2e35b5995fc135734664"""," ""elf.mirai"""," ""Katana"""," ""100""",2026-10-03 22:46:38," """"","Mirai"""
"""59d51ea90b24d9d0c9724bf967b7ce3f0536c908bc5a6dbcb8f0b3e4ff16242b"""," ""elf.mirai"""," ""Katana"""," ""95""",2026-10-03 22:46:37," """"",exe
"""8fc81201abdede0100dfe26b6ce247db56bc160dc57dc24a2cb58c16a8ab55a6"""," ""elf.mirai"""," ""Katana"""," ""95""",2026-10-03 22:46:35," """"",exe
"""d0d1bbcd8900f190bc7b24e1b15e5558fbc917e5172712075207ee3e29c16a3f"""," ""elf.mirai"""," ""Katana"""," ""95""",2026-10-03 22:46:34," """"",exe
"""2d3c5fd237ec79f2fdfe7409356349250e97656afff561908e533dd660167022"""," ""elf.mirai"""," ""Katana"""," ""95""",2026-10-03 22:46:33," """"",exe
"""ca630b5ad96602cd6e52df2e57dbe78d90f3acebb51b38850bf412cbc9ced182"""," ""elf.mirai"""," ""Katana"""," ""100""",2026-10-03 22:46:32," """"","Mirai"""
"""571f7ac05668617bd2f6d536c1077a012cd190eadcabd879dca6a50811713498"""," ""elf.mirai"""," ""Katana"""," ""95""",2026-10-03 22:46:31," """"",exe
"""ce114fea8ed5d7e5925fa373b90c3f4e616427720bfcdf421e8159ae2582c727"""," ""elf.mirai"""," ""Katana"""," ""95""",2026-10-03 21:46:44," """"","Mirai"""
"""c3732db414d3db1339c1a0a2088b6ba81acc7dc8ad1eeea4df502b97c15a9dcf"""," ""elf.mirai"""," ""Katana"""," ""95""",2026-10-03 21:46:43," """"",exe
"""b1a9ae7d0b9b6bc29c39d91d9499a87e50ee166dca40b0070c32d2d8cf952609"""," ""elf.mirai"""," ""Katana"""," ""95""",2026-10-03 21:46:42," """"",exe
"""6c85dc1f111398797dd4f2b1cbd6b4892c0446b5d38bec11b5e2addf39c16bc2"""," ""elf.mirai"""," ""Katana"""," ""95""",2026-10-03 21:46:41," """"",exe
"""c3bf94e24ef78430e6ff3aca5d2dd8c62cdfebb2ae07dd69788420c1985104f7"""," ""elf.mirai"""," ""Katana"""," ""95""",2026-10-03 21:46:40," """"",exe
"""9350cc4d7e1b7fd89aa253586bb7a197a700f47e403d8abbc32775c1e4064343"""," ""elf.mirai"""," ""Katana"""," ""95""",2026-10-03 21:46:39," """"","Mirai"""
"""441e22aa6184e8d203c3f3966deb463d3a3268402b3679474c0123a47e50ef66"""," ""elf.mirai"""," ""Katana"""," ""95""",2026-10-03 21:46:38," """"","Mirai"""
"""ecaacd42fe76418179a238d07aaa371fb40fb37f866e133047d19f9693a0cb52"""," ""elf.mirai"""," ""Katana"""," ""95""",2026-10-03 21:46:37," """"",exe
"""819654cdd540235faa2571ef7b2c5b2e1248bc5117732f9c2a35ecc42cc17968"""," ""elf.mirai"""," ""Katana"""," ""100""",2026-10-03 21:46:36," """"",Mirai
"""82d14f98714743b0712a1dc8083e9c8ddc473fa296e8d4b33ba04ebe097dfbdb"""," ""elf.mirai"""," ""Katana"""," ""100""",2026-10-03 21:46:35," """"",Mirai
"""a947cffedf039e89b3179ab4af03aaeee46954a873d15f7cc1457b278325b745"""," ""elf.mirai"""," ""Katana"""," ""100""",2026-10-03 21:46:34," """"","Mirai"""
"""48868b1d3510b7ee3433ec424b9832cc9e122d9f25af2585eac59b72027d5583"""," ""elf.mirai"""," ""Katana"""," ""100""",2026-10-03 21:46:33," """"","Mirai"""
"""45cfacca2b7bc1a4abb85ac5800ae0aae28b01d78f20028c962ab1a7e1131845"""," ""elf.mirai"""," ""Katana"""," ""100""",2026-10-03 21:46:32," """"","Mirai"""
"""5cb1b29bb99b222beb533ee294c11ea00f7d9811c813401da571bbb909e49715"""," ""elf.mirai"""," ""Katana"""," ""100""",2026-10-03 21:46:31," """"","Mirai"""
"""95dc51e8aa93d31f76f35ad29f03793fb0984ae2cabc5362f8b41d3994f69cbe"""," ""elf.mirai"""," ""Katana"""," ""100""",2026-10-03 21:46:30," """"","Mirai"""
"""60240e54d5e5b6d65b1de6bfcfb82f25fb6e2d72482b37c1c7ac94657b0635cf"""," ""elf.mirai"""," ""Katana"""," ""100""",2026-10-03 21:46:29," """"","Mirai"""
"""30828f29e9d0731874539410962cf8fce8c015447338d52a7af7215ec53c8a49"""," ""elf.mirai"""," ""Katana"""," ""100""",2026-10-03 21:46:28," """"","Mirai"""
"""2ae7dc16ca036cb5c2c7ce2cd8099edb07d96b8846188c92eb39a7feba2fec08"""," ""elf.mirai"""," ""Katana"""," ""100""",2026-10-03 21:46:27," """"","Mirai"""
"""a1fc98c0f3a4eac436db804117e60333349fa2f167fb9c14d88305dc347f2bbc"""," ""elf.mirai"""," ""Katana"""," ""100""",2026-10-03 21:46:26," """"","Mirai"""
"""701864a188eaa281c0154ebb950fa6e29017037cf8d6181d7717e2cf86b5b282"""," ""elf.mirai"""," ""Katana"""," ""100""",2026-10-03 21:46:25," """"",Mirai
"""54a53cf88b6371a57090067aafe8721fe44e0d7342a6778c752f939aa75e99f0"""," ""elf.mirai"""," ""Katana"""," ""100""",2026-10-03 21:46:24," """"","Mirai"""
"""1110d37053fbefa3ce931a85d8ae3207815d0fe73d30693d8f76fa3a70900555"""," ""elf.mirai"""," ""Katana"""," ""100""",2026-10-03 21:46:24," """"",Mirai
"""2a490be64cc62ec4e13f9a3f2a22b703f0928f0893eb5584e973edecbd786e67"""," ""elf.mirai"""," ""Katana"""," ""100""",2026-10-03 21:46:22," """"",Mirai
"""4b1fa6b62e2c49f8aadeb7fb0f589634ffede5f8ba275967b69e4a8981c45fb0"""," ""elf.mirai"""," ""Katana"""," ""100""",2026-10-03 21:46:21," """"",Mirai
"""bd79f4f4e8cd50290d7c70d3b95b02922a6d0bd7cbcf46594afb45f575d9657c"""," ""elf.mirai"""," ""Katana"""," ""100""",2026-10-03 21:46:20," """"","Mirai"""
"""8daa6ad802b6a6036aee176a7070198b1affbd56529b5b6a6af79475c1afdb5e"""," ""elf.mirai"""," ""Katana"""," ""100""",2026-10-03 21:46:19," """"","Mirai"""
"""c40317bafe39ec13bd944009bd6c53e6db8430c488433fdace6a3527b26588bb"""," ""win.asyncrat"""," ""None"""," ""100""",2026-10-03 21:46:18," """"",BoratRAT
"""afb1d872ed8cbac8b6f752f9847b0ea105543dfb85b8c9be5f2d1c956b92afd1"""," ""elf.mirai"""," ""Katana"""," ""100""",2026-10-03 21:46:17," """"","Mirai"""
"""87129c7eee65f5185ca3977ec2aab905c879765226d1f07813db3a768c5aaf33"""," ""elf.mirai"""," ""Katana"""," ""100""",2026-10-03 21:46:16," """"","Mirai"""
"""3109e78741814f36689a0c465c40f22bd4d7cca4e9cc51f8c40f07684a513273"""," ""elf.mirai"""," ""Katana"""," ""100""",2026-10-03 21:46:15," """"","Mirai"""
"""abc54ab37e423461c6a67b7d65f342451e42fbd93e4ba83fd571c3236cfcfc25"""," ""elf.mirai"""," ""Katana"""," ""100""",2026-10-03 21:46:14," """"","Mirai"""
"""c1879bbc63385aba9bbc4dfd6386b5a9fd66482060e38acc4f78ce4345104f58"""," ""elf.mirai"""," ""Katana"""," ""100""",2026-10-03 21:46:13," """"","Mirai"""
"""62fb0f9252f8009b02e0bb658210beb9b01c6fe4c0a07ad3f06244a0f6190c42"""," ""elf.mirai"""," ""Katana"""," ""100""",2026-10-03 21:46:12," """"","Mirai"""
"""054e7e233444263351f4e6f3d458452bb706d7b1b386b90d97b17ad921b4d129"""," ""elf.mirai"""," ""Katana"""," ""100""",2026-10-03 21:46:11," """"",elf
"""b84a614a30660cf17d69e257fad9b494a9f4cac592d05c14cbaa37e34ee7acee"""," ""elf.mirai"""," ""Katana"""," ""100""",2026-10-03 21:46:10," """"","Mirai"""
"""8dc843fcaa783f45f2fdc14efa7a44ff93e8ae5a300808aa5b5baf1360ba6053"""," ""elf.mirai"""," ""Katana"""," ""100""",2026-10-03 21:46:09," """"","Mirai"""
"""1bcf52ca1c3638e76d59ffb879cdc673f990743459243954e54af84e3ada6a96"""," ""elf.mirai"""," ""Katana"""," ""100""",2026-10-03 21:46:07," """"","Mirai"""
"""ac16f91590f8aaee12a19b19afb9f490779d7307fcb3c6a34a3844f34f4584cf"""," ""elf.mirai"""," ""Katana"""," ""100""",2026-10-03 21:46:06," """"","Mirai"""
"""dea6d274c1c7c34d160bd12c87a27ef5c5edb1f4934c4557bb54f1857c7be360"""," ""elf.mirai"""," ""Katana"""," ""100""",2026-10-03 21:46:05," """"","Mirai"""
"""e756f7ea22a1abf9b1fc928a2613a798db2c7082dc703d8c73c8a0e90c751d90"""," ""elf.mirai"""," ""Katana"""," ""100""",2026-10-03 21:46:04," """"","Mirai"""
"""ef15280d6e8fc6e6a8df777e9bca7d328b10ff9a08f1e03f3a0180d583a54939"""," ""elf.mirai"""," ""Katana"""," ""100""",2026-10-03 21:46:03," """"","Mirai"""
"""81cdcd2b0f68a8e93e767282253a60ec9c33980fab150b834f3ed405c73a8ccc"""," ""elf.mirai"""," ""Katana"""," ""100""",2026-10-03 21:46:02," """"","Mirai"""
"""fc2c3f2f744a85974a80e1d9cb8b90da884801a1282068b807349f561986c022"""," ""elf.mirai"""," ""Katana"""," ""100""",2026-10-03 20:47:01," """"","Mirai"""
"""511fe46150f3e39ba1bcb08cfc09d27da85f61805e08a17e84f356c4a107a903"""," ""elf.mirai"""," ""Katana"""," ""100""",2026-10-03 20:47:00," """"","Mirai"""
"""f37a854fe5bd02a8246633942f4a65c24e9b5de58ae416a1874f21a6a7a3c909"""," ""elf.mirai"""," ""Katana"""," ""100""",2026-10-03 20:46:59," """"",Mirai
"""c35dc6618d1666b0562f7c6c40d1e231ddf33efd6eeabc1a9a289a178fdc3b5b"""," ""elf.mirai"""," ""Katana"""," ""100""",2026-10-03 20:46:58," """"","Mirai"""
"""1e57069d589f5159e4f352f8edca325a05e437b974db9cd2d43d2e6181432e30"""," ""elf.mirai"""," ""Katana"""," ""100""",2026-10-03 20:46:57," """"","Mirai"""
"""285608245c0193e3c00dfce17e6814653519ecc425fbe3cb23e05622cb04a1a4"""," ""elf.mirai"""," ""Katana"""," ""100""",2026-10-03 20:46:56," """"",Mirai
"""cb9c5a44de04796ec2bcf12a7d2251cbb43e9a833773b5a5eeecf2a65851b9b4"""," ""elf.mirai"""," ""Katana"""," ""100""",2026-10-03 20:46:55," """"",Mirai
"""4628cd3ead04fbf4ab4a1a7112ddbf5c2eab30e15758f15e6271739f93010164"""," ""elf.mirai"""," ""Katana"""," ""100""",2026-10-03 20:46:54," """"","Mirai"""
"""31269774f14fb118781a96dd3a07adb26aea83e7c63f22d2021f328c5eb685c0"""," ""elf.mirai"""," ""Katana"""," ""100""",2026-10-03 20:46:53," """"","Mirai"""
"""2317a73814d8e77d392377e7779963a10e283e50bb66a4d7428e833560d62292"""," ""elf.mirai"""," ""Katana"""," ""100""",2026-10-03 20:46:52," """"",Mirai
"""699848a33a1808fe612ce4e2e1f1bb292546509b3939c56b6842e315ad02d731"""," ""elf.mirai"""," ""Katana"""," ""100""",2026-10-03 20:46:51," """"","Mirai"""
"""46260a7ea2de3bb36d2d2f01b0666262985d6ca900e28045c118b59de5269370"""," ""elf.mirai"""," ""Katana"""," ""100""",2026-10-03 20:46:50," """"","Mirai"""
"""36dba719af2a40b30a8e89ef4b967dbfa1b945007b47afa8a62d5ce4d0409989"""," ""elf.mirai"""," ""Katana"""," ""100""",2026-10-03 20:46:49," """"","Mirai"""
"""66326f22c7f5c6f8f1d4ea8772a61a93d51614a78530143379fffbc2a19bf6a3"""," ""elf.mirai"""," ""Katana"""," ""100""",2026-10-03 20:46:48," """"",Mirai
"""c5badbc7eb2ff4f904156ed9b517c22c7dfba122e540dfbf7f0d4156d7a9976d"""," ""elf.mirai"""," ""Katana"""," ""100""",2026-10-03 20:46:47," """"","Mirai"""
"""9c5df1b39c69a9c04580b92bf77540eccc07c2ffa221edfaa52301375aaa5ce8"""," ""elf.bashlite"""," ""gayfgt",torlus,2026-10-03 20:46:46,qbot," ""100"""
"""c9e017c92a48360796a62204c0c29ea092ee8b30cb3ef77e7b5de36efe6440b9"""," ""elf.mirai"""," ""Katana"""," ""100""",2026-10-03 20:46:45," """"","Mirai"""
"""adaf6e51491783d206f60c580020b5ee7c390ca43ac9dbfb9c79eb62c586c811"""," ""elf.mirai"""," ""Katana"""," ""100""",2026-10-03 20:46:44," """"","Mirai"""
"""0597f37deb0fea59db629d8ef49e28920e6febeba933f74c6723c113e5285aac"""," ""elf.mirai"""," ""Katana"""," ""100""",2026-10-03 20:46:43," """"","Mirai"""
"""d1c61995a45ade03e6a245793dcac2b3ed26c8ed9c451b2e81b441668728c280"""," ""elf.mirai"""," ""Katana"""," ""100""",2026-10-03 20:46:42," """"","Mirai"""
"""b8e0db3ea4f1c268fa39f1d678bba2551cf11db7aabc748f6ab2b050db79837a"""," ""elf.mirai"""," ""Katana"""," ""100""",2026-10-03 20:46:41," """"","Mirai"""
"""797288b5fa6ce902a95247a2ee7a1e6aee58921790c59ca19ebf6ab43e6b4e13"""," ""elf.mirai"""," ""Katana"""," ""100""",2026-10-03 20:46:40," """"","Mirai"""
"""137cf6349c0147537c7b56730f616a253a17292190554156b9deca00803c51c7"""," ""elf.mirai"""," ""Katana"""," ""100""",2026-10-03 20:46:39," """"","Mirai"""
"""ab4bcf70da80e2998bb90f878fb3e0ac6d174e89404e51d967d2c5d5633d3fbd"""," ""elf.mirai"""," ""Katana"""," ""100""",2026-10-03 20:46:38," """"","Mirai"""
"""35079e5d421f899c82a6d96181fef5206435591ad51041913e8b13b8569d763a"""," ""elf.mirai"""," ""Katana"""," ""100""",2026-10-03 20:46:37," """"",Mirai
"""a327f74a1762d585d7b462ef7a2db8eb19c05419854ce42695a152dffeb3e837"""," ""elf.mirai"""," ""Katana"""," ""100""",2026-10-03 20:46:36," """"",Mirai
"""3a56f24ab23598a62933859f8839bf74796547c29d5e78727e56fbc497327330"""," ""elf.mirai"""," ""Katana"""," ""100""",2026-10-03 20:46:35," """"","Mirai"""
"""2247df6d10ef4d4f919bae1e17fe280810bf3af308a226fbeb32aad8b5079090"""," ""elf.mirai"""," ""Katana"""," ""100""",2026-10-03 20:46:35," """"",Mirai
"""7a711fa7a9af23a3c9f6083d4eaecdf31f46a7a43be4f18fd6da44bf690b5448"""," ""elf.mirai"""," ""Katana"""," ""100""",2026-10-03 20:46:33," """"",Mirai
"""6d835558331d381e8066d07479c2e602f5c16cd3d14e9cf19d3e8a3cfa71f5bb"""," ""elf.mirai"""," ""Katana"""," ""100""",2026-10-03 20:46:32," """"","Mirai"""
"""99c63091fe2e7df5940d6efb374926c15054e684b3b8565b9372e17ac15ca5ad"""," ""elf.mirai"""," ""Katana"""," ""100""",2026-10-03 20:46:31," """"","Mirai"""
"""c491efb952e59c9af2f68a88325265beb002d57e9b94875e152ce6ec5833f8f5"""," ""elf.mirai"""," ""Katana"""," ""100""",2026-10-03 20:46:30," """"",Mirai
"""e7a9f44542e8665d4b0710821ea3705fc46ffcd74b2e43b1f19f6943de8545b4"""," ""elf.mirai"""," ""Katana"""," ""100""",2026-10-03 20:46:29," """"","Mirai"""
"""699058d47c1d870673dfd5964fb04ddbdd1538ac440b11c90f44581aeaaf27d0"""," ""elf.mirai"""," ""Katana"""," ""100""",2026-10-03 20:46:28," """"",Mirai
"""6f834b322a3c9325af857246fc5a271592e6493de656b3f6f044ccff73644f3b"""," ""elf.mirai"""," ""Katana"""," ""100""",2026-10-03 20:46:27," """"","Mirai"""
"""4c4ae780489ddf33c9f2c764764619a2a8d0ab60af2e4d31ff1426963e8b48d5"""," ""elf.mirai"""," ""Katana"""," ""100""",2026-10-03 20:46:26," """"",Mirai
"""f2b379c510e605d6c2024bd5715fd20d5e85efd3a5201fb4c849d1d141ab5c3f"""," ""elf.mirai"""," ""Katana"""," ""100""",2026-10-03 20:46:24," """"",Mirai
"""951323faa4569e03917d566d05ad9270dbe5d4b1384d440759be6711a67bbba0"""," ""elf.mirai"""," ""Katana"""," ""100""",2026-10-03 20:46:23," """"","Mirai"""
"""8bf58a0e93c7bf558d7edf84f24a6e690fc8cfb0e48b2bab4060240606c61c8d"""," ""elf.mirai"""," ""Katana"""," ""100""",2026-10-03 20:46:22," """"",Mirai
"""76bd0622efad1a26e1779a7983513c103537b96c42cda04f79573c179defded4"""," ""elf.mirai"""," ""Katana"""," ""100""",2026-10-03 20:46:21," """"",Mirai
"""5d439f6c673ed3649e594d133654b73f9b7ec11a66254a409fb5f47fdceecc55"""," ""elf.mirai"""," ""Katana"""," ""100""",2026-10-03 20:46:21," """"",Mirai
"""0afa465224ae07e025b5bea1ba5b29618c3309754a9d471ac85958600ac66b5f"""," ""elf.mirai"""," ""Katana"""," ""100""",2026-10-03 20:46:19," """"","Mirai"""
"""311ac74c800cd4ce5bcc16210127e7b7a8522253f34d4d4f0f4007365fad856a"""," ""elf.mirai"""," ""Katana"""," ""100""",2026-10-03 19:47:01," """"","Mirai"""
"""5ec10eb88eeaeccd18a54eaa95a2e09ea15edb0b85d85c608dcbf1476f467695"""," ""elf.mirai"""," ""Katana"""," ""100""",2026-10-03 19:47:00," """"","Mirai"""
"""344e9b7000b01a38632b5f23e6606b90e62071af140a70c837e1e03d0542c19f"""," ""elf.mirai"""," ""Katana"""," ""100""",2026-10-03 19:46:59," """"","Mirai"""
"""5b0ca5855ac6fbb9c8b1a7c688dbe2456af986218e8255d98168ef79feff779a"""," ""elf.mirai"""," ""Katana"""," ""100""",2026-10-03 19:46:58," """"",Mirai
"""11b3f4067a423158786021eee5ba5baf69a97d9cde5974c401733a64113a897d"""," ""elf.mirai"""," ""Katana"""," ""100""",2026-10-03 19:46:57," """"",Mirai
"""1ba2ec1c86112aa4ca7252a711572fb51c5add095ee940a01eaaca2d36346ef7"""," ""elf.bashlite"""," ""gayfgt",torlus,2026-10-03 19:46:56,qbot," ""100"""
"""5c07cc093157d933dfc507854fe18af40dc909d98e3c9b3cbd9d92bb7ffbbbf3"""," ""win.remcos"""," ""RemcosRAT"," ""Remcos""",2026-10-03 19:46:55,"Socmer"""," ""None"""
"""a472ccfb0d564b8f24df97dc041beacf9186df3e8ea7a56840ba23793111cd97"""," ""elf.mirai"""," ""Katana"""," ""100""",2026-10-03 19:46:55," """"","Mirai"""
"""7db3f25d197dfcb13090aae69ac48689434d0c88422a478bc3c838504b43bd72"""," ""elf.mirai"""," ""Katana"""," ""100""",2026-10-03 19:46:53," """"",Mirai
"""0d4162f8409e76127f9431447e093cd1d269fee8bf0ca7eb892bf90341f72db2"""," ""elf.mirai"""," ""Katana"""," ""100""",2026-10-03 19:46:53," """"","Mirai"""
"""4e9c3c504524eb4b6b3a716f94b691b1b94e0b647bc297afceac8acfccff8728"""," ""elf.mirai"""," ""Katana"""," ""100""",2026-10-03 19:46:52," """"","Mirai"""
"""d33f3b1668cd682ae4b7a049d2ec3ce5ca5f0de464061881948a6802ad8899f7"""," ""elf.mirai"""," ""Katana"""," ""100""",2026-10-03 19:46:51," """"",Mirai
"""df0e565b39c3b7ce7c889aac23a2797a37ddd60432019d56dd22336c885aa596"""," ""elf.mirai"""," ""Katana"""," ""100""",2026-10-03 19:46:50," """"",Mirai
"""75ba2cc4707db9c5b1813ad7beaef10834ae7676c52ed3687eb75ada0ee86c30"""," ""elf.mirai"""," ""Katana"""," ""100""",2026-10-03 19:46:49," """"",Mirai
"""654ffebde245ef56436028fc70fee1c0cc20a30f3374e1bb18c9f9303bc3d768"""," ""elf.mirai"""," ""Katana"""," ""100""",2026-10-03 19:46:48," """"","Mirai"""
"""cc2b96a6c355518992425086221902594f98c16b2825f517d961f35368bba14d"""," ""win.remcos"""," ""RemcosRAT"," ""Remcos""",2026-10-03 19:46:47,"Socmer"""," ""None"""
"""b8e6875d15a5c910fa97cc128c2271ef91a92d17db96cf340aa67f871126d203"""," ""elf.mirai"""," ""Katana"""," ""100""",2026-10-03 19:46:46," """"","Mirai"""
"""41b408e8828055a70fe5be975756d65537b689c9073d3fa71d4377fec1d4f7f7"""," ""elf.mirai"""," ""Katana"""," ""100""",2026-10-03 19:46:45," """"",Mirai
"""92de698a1eb42fddabd18fefd3a7a1b0861ef4d35cb2c223cb3108716e9bcb66"""," ""elf.mirai"""," ""Katana"""," ""100""",2026-10-03 19:46:44," """"",Mirai
"""b4b2583a0831b9c39d59e5294ff6d450062c62e6350f878ad3fe8f956945e8c5"""," ""elf.mirai"""," ""Katana"""," ""100""",2026-10-03 19:46:43," """"",Mirai
"""30d441255b201263143b37c9b270b13999b8a7ffcb2f3a9ac2a374bde016ceb2"""," ""elf.mirai"""," ""Katana"""," ""100""",2026-10-03 19:46:42," """"","Mirai"""
"""ab42877d03155a4b5a5cc662e1d86df4c00201281b357fae9d2463827bf0de61"""," ""win.vshell"""," ""None"""," ""95""",2026-10-03 19:46:41," """"","VShell"""
"""1b4361b24481eb021ecd38ace35d02950f1622bebe88a010aea93605a57eedf0"""," ""elf.mirai"""," ""Katana"""," ""100""",2026-10-03 19:46:40," """"","Mirai"""
"""37dcf570643e28744af2c86c3dcebdbe1cca828da6d8ed017b32e8e79e2a5495"""," ""elf.mirai"""," ""Katana"""," ""95""",2026-10-03 19:46:39," """"",exe
"""e6e9002cd80457e3ad09ce85e43aa89174816e5fbc8cec8f9b50a252acd007c2"""," ""elf.mirai"""," ""Katana"""," ""95""",2026-10-03 19:46:38," """"",exe
"""1bbb63622dceaeb00be4e545ee6f7ab87876131daa0001995ec16bf351848bfc"""," ""elf.mirai"""," ""Katana"""," ""90""",2026-10-03 19:46:38," """"",exe
"""2c4386b97c5b18b5d2d69aff008879d325f0a698b31edc562eab34b1b49d9eb4"""," ""elf.mirai"""," ""Katana"""," ""95""",2026-10-03 19:46:37," """"",exe
"""0729b6f3586a4d2848909d9c935ea3f643e299c8e6c06aaef21f8bee362e0330"""," ""elf.mirai"""," ""Katana"""," ""95""",2026-10-03 19:46:35," """"",exe
"""c89707f4219204d6548857706795028c5b274666f9bf60c15c88f835d64b521b"""," ""elf.mirai"""," ""Katana"""," ""100""",2026-10-03 19:46:34," """"","Mirai"""
"""f62bfe5d66ceeb617468d8a89fdce57d85a4f599425fe63b9c9e589bce31ff3c"""," ""elf.mirai"""," ""Katana"""," ""100""",2026-10-03 19:46:33," """"","Mirai"""
"""59b3e567a22126d9d26ab758dabe2a17908d0c48d326fdf2c260546fd8b220c8"""," ""elf.mirai"""," ""Katana"""," ""100""",2026-10-03 19:46:32," """"","Mirai"""
"""346c30a2b2decab471b21dbae8580946a31214da1b1477cf3d2de90bd0bd8160"""," ""elf.mirai"""," ""Katana"""," ""100""",2026-10-03 19:46:31," """"","Mirai"""
"""bdbb2c096c0c03dba4299b2100cc237cd9061ad5096136ac1e1651cc5ed90637"""," ""elf.mirai"""," ""Katana"""," ""95""",2026-10-03 19:46:30," """"","Mirai"""
"""59b1733115532debaa1168aa01708ce4238ef78d58ceeada185f7dea5e1148fd"""," ""elf.mirai"""," ""Katana"""," ""95""",2026-10-03 19:46:29," """"","Mirai"""
"""6c14c68f1e6c08afc6a5ba3ebe983aafe9e8b72e73b94539bcaaa760a83e0c0f"""," ""elf.mirai"""," ""Katana"""," ""95""",2026-10-03 19:46:28," """"",exe
"""71135c344ddcb367c8ab941ef73bc6755006aee6cda6a580e631874e2d8dbf3a"""," ""elf.mirai"""," ""Katana"""," ""95""",2026-10-03 19:46:27," """"",exe
"""3f406f1968f6c47503b8ef56a39540d6cf3b2b7c80f6f58e952be5987eae64a5"""," ""elf.mirai"""," ""Katana"""," ""95""",2026-10-03 19:46:26," """"",exe
"""c03962530141bab016af782605edcbb30ed42e09390df2026931241a66e3762f"""," ""elf.mirai"""," ""Katana"""," ""95""",2026-10-03 19:46:25," """"",exe
"""7a99500e3e70175bd9d7b7ca7ea7e723a6c7b019a70338211ce2d7b24a273835"""," ""elf.mirai"""," ""Katana"""," ""95""",2026-10-03 19:46:24," """"","Mirai"""
"""7e68eb79fa1f19b802f6831ebe5b03dcae3ac727cb34dadeecbd31ebd2c6ba2b"""," ""elf.mirai"""," ""Katana"""," ""95""",2026-10-03 19:46:23," """"",exe
"""5a35d2623dc83cc634c0b556274c2aebaa05ddda02a9bdf9e3824bd45b623a54"""," ""elf.mirai"""," ""Katana"""," ""95""",2026-10-03 19:46:21," """"",exe
"""882386fb50324ab5f35f2327c1cfdf4f9cc28189eab66727820d17f544ddb0e2"""," ""elf.mirai"""," ""Katana"""," ""95""",2026-10-03 19:46:20," """"",exe
"""431c0c23733381e927f9eeebd3b48eb3ad26df5aa381f55789d91772f7d804c0"""," ""elf.mirai"""," ""Katana"""," ""95""",2026-10-03 18:47:07," """"",exe
"""b37f43cdd18ad9b8245273312acf3a92a000a79a8c5ec9be6ff513d30f28a509"""," ""elf.mirai"""," ""Katana"""," ""95""",2026-10-03 18:47:06," """"",exe
"""e98151a43afe36960c4d0a68f77b25b13f86607f20000fff3ec93a8ef51be854"""," ""elf.mirai"""," ""Katana"""," ""95""",2026-10-03 18:47:05," """"",exe
"""d07b2660e7812ed8cbf40d0f37c67b8c60533e0df35076d01bc7ae77474ea1b0"""," ""win.formbook"""," ""win.xloader"""," ""100""",2026-10-03 18:47:04," """"","ps1"""
"""f4a6c3bfcd44c3c0b0f0be490a0c4b2d06783ee672308cb814e7c11c6f090782"""," ""elf.mirai"""," ""Katana"""," ""95""",2026-10-03 18:47:03," """"",exe
"""7f123ff8f2bb440af7eea4ad9fb363e047346b60c4e83663e45d592d9e65c0a7"""," ""elf.mirai"""," ""Katana"""," ""100""",2026-10-03 18:47:02," """"",Mirai
"""5b24e94158418f6a2d8e87e44764420489d7e6104aee2c4bd0d2f3147589b674"""," ""elf.mirai"""," ""Katana"""," ""100""",2026-10-03 18:47:01," """"","Mirai"""
"""80d1d1d55635e613a44be92df0a5b8e9aa859a23d4af6c3e4ab83044f7f46326"""," ""elf.mirai"""," ""Katana"""," ""100""",2026-10-03 18:47:00," """"","Mirai"""
"""37c1a846cb10c2072e0bb50715801f7aba0313fb4a72224c1646d7d0834106d3"""," ""elf.mirai"""," ""Katana"""," ""100""",2026-10-03 18:46:59," """"","Mirai"""
"""072255f4b015985cd3bc0467fa900bdbd814bfea6067912f7db85b99f2cb2265"""," ""elf.mirai"""," ""Katana"""," ""100""",2026-10-03 18:46:58," """"","Mirai"""
"""d70f917e35813a7ae323e6b2b539d6dbbfc3a3a6599f1fed93430b14ca08b141"""," ""elf.prometei"""," ""None"""," ""100""",2026-10-03 18:46:57," """"",Prometei
"""2dc81ec7d0dd73720f11448f2abe6cb7f73bcdc554a86be79817a12e13b230d9"""," ""elf.mirai"""," ""Katana"""," ""100""",2026-10-03 18:46:56," """"","Mirai"""
"""d97f065f26ff7a3db66901364357d1f595d7719f43e6b5efb97e1df23c325e9e"""," ""elf.mirai"""," ""Katana"""," ""100""",2026-10-03 18:46:55," """"","Mirai"""
"""12e29eb00614412cfd5d24856774ec05e3646dd05eccb4399d164eccb59d5121"""," ""elf.mirai"""," ""Katana"""," ""100""",2026-10-03 18:46:54," """"","Mirai"""
"""02d70eb6accd3567b63b1841e22c9646dabca3f01ab8eb021a2e666e4e0fa233"""," ""elf.bashlite"""," ""gayfgt",torlus,2026-10-03 18:46:53,qbot," ""100"""
"""254fcb123b2574664ecc127e02e842eb8996095dc4c7788eeb446a6822bb8752"""," ""elf.mirai"""," ""Katana"""," ""100""",2026-10-03 18:46:52," """"",Mirai
"""1cf42fc4fe44fda09cbdaf754ae9589ab7690b1078467a465f23b86c0a28e329"""," ""elf.mirai"""," ""Katana"""," ""100""",2026-10-03 18:46:51," """"",Mirai
"""7bc7e75a789700f1617e77b4be3323f03339122d6d87dd011a7b7157e3c4e495"""," ""elf.mirai"""," ""Katana"""," ""100""",2026-10-03 18:46:50," """"","Mirai"""
"""29fb9a765887bbfd0fea0b114808808452f53bfba4c033c6493ccfcffc604887"""," ""elf.mirai"""," ""Katana"""," ""100""",2026-10-03 18:46:50," """"","Mirai"""
"""090dcce5eaeda80bddf9c6a3dd58da737bdf6bdb904a995eab142c37b32a26d5"""," ""elf.mirai"""," ""Katana"""," ""100""",2026-10-03 18:46:48," """"",Mirai
"""408026ea525490fd64312ace9e65d433ce6f0f43f3ae833834261aade507c2d6"""," ""elf.bashlite"""," ""gayfgt",torlus,2026-10-03 18:46:47,qbot," ""100"""
"""53fb9390d471f30b79297095159247d23c0af868fd02c43afcd797bc83816678"""," ""elf.p2pinfect"""," ""None"""," ""100""",2026-10-03 18:46:46," """"","P2Pinfect"""
"""15b950d6b732fba9021b829331a2277c1d88609b60b4238a34fcbfea676f465d"""," ""elf.mirai"""," ""Katana"""," ""100""",2026-10-03 18:46:46," """"","Mirai"""
"""60c4a4620b83676a6f0d1cccd83d6f5e771e199752a9428e5d7c324bc3589382"""," ""elf.mirai"""," ""Katana"""," ""100""",2026-10-03 18:46:45," """"","Mirai"""
"""919ec6711eccb134db1ec8df1c0804538e5188286203e17b36a5a9b1289038bd"""," ""elf.mirai"""," ""Katana"""," ""100""",2026-10-03 18:46:44," """"","Mirai"""
"""a808d20075435a81c2e0bdb07266af18906418f5f0726d86f33ef6d663102cfd"""," ""elf.mirai"""," ""Katana"""," ""100""",2026-10-03 18:46:43," """"","Mirai"""
"""1afcf3ea18f2b7a87906799801be4a4e8fa6b82d402333446daa06b4eda3f399"""," ""elf.mirai"""," ""Katana"""," ""100""",2026-10-03 18:46:42," """"",Mirai
"""717d3530bec0d97d1f82ee8fe503e4d01040441873cabc2a9437c747bd8387b7"""," ""elf.mirai"""," ""Katana"""," ""100""",2026-10-03 18:46:41," """"","Mirai"""
"""310c6c65766a41fda319acbc604fd200741c31d6151341e49e3d84f076860005"""," ""elf.mirai"""," ""Katana"""," ""100""",2026-10-03 18:46:40," """"","Mirai"""
"""37f30b3dca6521b319bdf1b967e205a156c953519fe0acbdad581d6f488da8ba"""," ""elf.mirai"""," ""Katana"""," ""100""",2026-10-03 18:46:39," """"","Mirai"""
"""b651c6d5c7499a41b6e3d840c0254fe53db6e8d0ab298fd2327f10b3c6892e5d"""," ""elf.mirai"""," ""Katana"""," ""100""",2026-10-03 18:46:38," """"","Mirai"""
"""41cfdc5c297ed8dab22dcadd5a1239c76b1f4c32ebdab1dd3b7fd94e9a71e583"""," ""elf.mirai"""," ""Katana"""," ""100""",2026-10-03 18:46:37," """"","Mirai"""
"""0729ce4179564837044adfe4cf404f163578e5f4ae7f45f3540d556526dcb907"""," ""elf.mirai"""," ""Katana"""," ""100""",2026-10-03 18:46:36," """"","Mirai"""
"""f65da4ff2a9b7cff1cce2a6d31db3fcc3ff6bd0993c4214fa595e9a86ecc5272"""," ""elf.mirai"""," ""Katana"""," ""100""",2026-10-03 18:46:35," """"","Mirai"""
"""980a7bfa9dd517f3b934f61e23d9e277bf222ce9b1cb055eecd1c7f87b35d7fc"""," ""elf.mirai"""," ""Katana"""," ""100""",2026-10-03 18:46:34," """"",Mirai
"""199f3b730634be3c5259ec80111f7ac2b20e61e122dc56bf7516b75b965aab57"""," ""elf.mirai"""," ""Katana"""," ""100""",2026-10-03 18:46:33," """"","Mirai"""
"""5c6a6a316d1312eb966889f61f29eb75b6a7387c5bedb72ffe4a36a0a7f08a0e"""," ""elf.mirai"""," ""Katana"""," ""100""",2026-10-03 18:46:32," """"",Mirai
"""bbd7f06ab627494cdd44ae6f5b03649754c7e500a92bcdf055ee7973ddbdc693"""," ""elf.mirai"""," ""Katana"""," ""100""",2026-10-03 18:46:31," """"","Mirai"""
"""8c2fb6750efd7ddcf5e542488ed1810c433e235fc048cdac2e2ef8e49a80ea59"""," ""elf.bashlite"""," ""gayfgt",torlus,2026-10-03 18:46:29,qbot," ""100"""
"""91749671fb25273b1bb59c409595b74d7dbb032c86153b6bbfd95edba817f91f"""," ""elf.mirai"""," ""Katana"""," ""100""",2026-10-03 18:46:29," """"","Mirai"""
"""a13546c08b4ce0aacceb4072bac254f21570da977bb0077387756e76b1cb9dd9"""," ""elf.mirai"""," ""Katana"""," ""100""",2026-10-03 18:46:28," """"","Mirai"""
"""16bc7424479ac5c00768945815aa060d3c2ea6b5b8ae3787c81303f614229882"""," ""elf.mirai"""," ""Katana"""," ""100""",2026-10-03 18:46:26," """"","Mirai"""
"""5e40447b206a908081f75e175362e8804aa7a62e7d9b4d90f3539a854998c371"""," ""osx.amos"""," ""Atomic macOS Stealer"""," ""100""",2026-10-03 18:44:29," """"",ClickFix
"""b0ef915a1a0068e20d52e0c9ed943a419c5dbff563b2a1f6b2e5154c9b98e79b"""," ""osx.amos"""," ""Atomic macOS Stealer"""," ""100""",2026-10-03 18:44:27," """"",ClickFix
"""1c3521b4351341697d7a4d09d08fb06a0834d11cb176a2d08b159bfb7dbdbdaa"""," ""elf.mirai"""," ""Katana"""," ""100""",2026-10-03 17:47:05," """"","Mirai"""
"""e9d152da4fb7066979efc4e832d36383ddafff1112546a54ddcef51313076f54"""," ""elf.mirai"""," ""Katana"""," ""100""",2026-10-03 17:47:05," """"",Mirai
"""3a33cd1573d30b6abb08ad7831d395221fae52158ec895fec050ba76e72bcf48"""," ""elf.mirai"""," ""Katana"""," ""100""",2026-10-03 17:47:04," """"",Mirai
"""c1ff3505ce4decd2c9ef6381a1c0e62a03f78e17b1cf92793d9f41df68ace755"""," ""elf.mirai"""," ""Katana"""," ""100""",2026-10-03 17:47:03," """"",Mirai
"""4d17d32ed6efe92ea61d16602f9c6cd5261cdd3820adec427ee68d4088b6ab5b"""," ""elf.mirai"""," ""Katana"""," ""100""",2026-10-03 17:47:02," """"","Mirai"""
"""6f59bf70a92ea977ac4aa0db5cabf6875b96e33a890c06267438e9b9ab204cb3"""," ""elf.mirai"""," ""Katana"""," ""100""",2026-10-03 17:47:01," """"","Mirai"""
"""24d8adc83594c77c97fe59a84db8ffda1fbe13faefb495e2075b1feb80018bef"""," ""elf.mirai"""," ""Katana"""," ""100""",2026-10-03 17:47:00," """"","Mirai"""
"""1d28a8c7be39f68f833c5ac3aaaafed19b66a4c0a21dd5d975a4d331a7ec60be"""," ""elf.mirai"""," ""Katana"""," ""100""",2026-10-03 17:46:59," """"",Mirai
"""3cf154dfdf1790f2fd185f6f5ac618c75c0d6ff83ca19812e272da6bdb8bd4b5"""," ""elf.mirai"""," ""Katana"""," ""100""",2026-10-03 17:46:58," """"","Mirai"""
"""ed86991b003547dd3c3ce61e6a04d84082671ca5dc3d120e157a4f5c45f67e02"""," ""elf.mirai"""," ""Katana"""," ""100""",2026-10-03 17:46:57," """"","Mirai"""
"""df40478ef5f5b877bdb523bb3a87e2210bcd3cc84f8f27699558e7ee9495a09d"""," ""elf.mirai"""," ""Katana"""," ""100""",2026-10-03 17:46:56," """"",Mirai
"""55002ecabf27672bfae0f4f69de944bd7e0528a41e4c9ef5402cdbf377b74c95"""," ""elf.mirai"""," ""Katana"""," ""100""",2026-10-03 17:46:55," """"","Mirai"""
"""a1385ccad4c04ddde6a02a38d4528e41ee34d2fac6bbb6e72a7e9e313534d656"""," ""elf.mirai"""," ""Katana"""," ""100""",2026-10-03 17:46:54," """"","Mirai"""
"""d02a806a385a2bb41a031a79061512dcf98c24512d2d96f57474243d13a581af"""," ""elf.mirai"""," ""Katana"""," ""100""",2026-10-03 17:46:53," """"",Mirai
"""76520a25a234a651c1f60c4ed7e0c2840e41e50604f7ceb80fed3079a003e97b"""," ""elf.mirai"""," ""Katana"""," ""100""",2026-10-03 17:46:52," """"","Mirai"""
"""2963e3afb08c60b7644fc018776c031e7d3f0a1561ee48367ed9758d7a7493bb"""," ""elf.mirai"""," ""Katana"""," ""100""",2026-10-03 17:46:51," """"","Mirai"""
"""cae1cce3f601c297e9eb531df55a9d864605e383fafe3509fee0f2a99b25348e"""," ""elf.mirai"""," ""Katana"""," ""100""",2026-10-03 17:46:50," """"","Mirai"""
"""62ae86b10c9cb6e1949a409590526212619390725386cf64c3b10a199d8a53cf"""," ""elf.mirai"""," ""Katana"""," ""100""",2026-10-03 17:46:49," """"",Gafgyt
"""e194e7ea92f41bd92425eb13bfd1b4c21c453e64eabf0c1927142772ff6fb54b"""," ""elf.mirai"""," ""Katana"""," ""100""",2026-10-03 17:46:48," """"","Mirai"""
"""79e70f6eeddc2cb6a68a125ce45e985100cb51e35f66a327d97d5fa0e308327c"""," ""elf.mirai"""," ""Katana"""," ""100""",2026-10-03 17:46:47," """"","Mirai"""
"""b6f9b9ece65c6e3c15fe362a7e01539058433d3f8d9f6ad78791dc2bf9e6ddfe"""," ""elf.mirai"""," ""Katana"""," ""100""",2026-10-03 17:46:46," """"","Mirai"""
"""83d0ba8a87a86d4995f48903aadc66e57abc59ebf09b29ab3b6a10f2976f6c41"""," ""elf.mirai"""," ""Katana"""," ""100""",2026-10-03 17:46:45," """"","Mirai"""
"""990079676b58186129270525cc8661e3f512d72acc60f82ee86509433dd85038"""," ""elf.mirai"""," ""Katana"""," ""100""",2026-10-03 17:46:44," """"","Mirai"""
"""f8df5faa29e45dfa0b2392c3e149b71f570f114a09ab26404f45da90d589b5c5"""," ""elf.mirai"""," ""Katana"""," ""100""",2026-10-03 17:46:43," """"","Mirai"""
"""9a67bd27d7512149580aad690c6b1b44a688e20f769de010837d6e5d443cf4d3"""," ""elf.mirai"""," ""Katana"""," ""100""",2026-10-03 17:46:42," """"",Gafgyt
"""b90bed9e263890355772c8bc2feeff76509bca7a596f6afcc9221f5b104eea8e"""," ""elf.mirai"""," ""Katana"""," ""100""",2026-10-03 17:46:41," """"",Mirai
"""849cece6b12e1eec884b0adbc42885b303de2d905c6639a0b245ca548ad9eb41"""," ""elf.mirai"""," ""Katana"""," ""100""",2026-10-03 17:46:40," """"",Mirai
"""974c6888c5bf6cb0c079e40b9231c54237453ed4a4d449e5f1cae16e8b3432b9"""," ""elf.mirai"""," ""Katana"""," ""100""",2026-10-03 17:46:39," """"","Mirai"""
"""0ff9e79694bed05541b9fef42c59efd4600680141022b2b20962eeffbc0ac339"""," ""elf.mirai"""," ""Katana"""," ""100""",2026-10-03 17:46:38," """"",Mirai
"""d2a77379aaaa70df30b91faa88f65a542973bd04ea8c90140139d3ef34ad184e"""," ""elf.mirai"""," ""Katana"""," ""100""",2026-10-03 17:46:37," """"",Mirai
"""21578d838b72e8ffe8719a211c507ccf9a585b62e24924340d4a6bad8dde4f4a"""," ""elf.mirai"""," ""Katana"""," ""100""",2026-10-03 17:46:36," """"",Mirai
"""3f364c148ac559583dd0f98757ea0a3d06d1884395ab4a28824488e5073e0692"""," ""elf.mirai"""," ""Katana"""," ""100""",2026-10-03 17:46:35," """"",Mirai
"""122fd1fe94758812f28836558a77306a3874c5faee1c412a51221d726b0e4671"""," ""elf.mirai"""," ""Katana"""," ""100""",2026-10-03 17:46:34," """"","Mirai"""
"""53d3bfce355dc4273a227e04882a9bbe13c345c456ecea9e2172de6880c29848"""," ""elf.bashlite"""," ""gayfgt",torlus,2026-10-03 17:46:33,qbot," ""100"""
"""35e151f6e6ee9e47adbf6763b105415553453a5e13892b9b2a5b7bd6415cce1c"""," ""elf.mirai"""," ""Katana"""," ""100""",2026-10-03 17:46:32," """"","Mirai"""
"""a18382fec04f3a91d97982946d12d099bbc4428231378beb3c26ad44e0e613cb"""," ""elf.mirai"""," ""Katana"""," ""100""",2026-10-03 17:46:31," """"",Gafgyt
"""17ba33e3ca7ae5a7e128ffe2c96ad73ecf4dbd96419a6b101dfd120b1334125b"""," ""elf.mirai"""," ""Katana"""," ""100""",2026-10-03 17:46:30," """"","Mirai"""
"""98195afa618f125b12038f2b703f4c01f470d539475115e64e15996db025a9f9"""," ""elf.mirai"""," ""Katana"""," ""100""",2026-10-03 17:46:28," """"",Mirai
"""982e2e9c616a4ae1113eaf9c39932afb30f8cd2548a404ce33f90fc92c78470a"""," ""elf.mirai"""," ""Katana"""," ""100""",2026-10-03 17:46:27," """"",Mirai
"""35124eadf2511b04ee78764834e5cf49aa4c7bc6e22c1a75c0c7fe9b1a77993a"""," ""elf.mirai"""," ""Katana"""," ""100""",2026-10-03 17:46:26," """"","Mirai"""
"""9c891d981dd668bb396d488641588432eac5f521edb0dcf452e6de507521f1d2"""," ""elf.mirai"""," ""Katana"""," ""100""",2026-10-03 17:46:25," """"","Mirai"""
"""3ffb1d9d7cfaca5ea0284015ed4ffff255b1efac2647a04191798cfa2cd50db2"""," ""elf.mirai"""," ""Katana"""," ""100""",2026-10-03 17:46:23," """"","Mirai"""
"""f34d710806afa48402934964c15d381991bb386280a6b84889282e68f2b14ff1"""," ""osx.amos"""," ""Atomic macOS Stealer"""," ""100""",2026-10-03 17:28:17," """"",ClickFix
"""04531fd7a4f20b31612f398f9cbf7b5c5eb1155cb2574e3d1bf0c26c19367d73"""," ""osx.amos"""," ""Atomic macOS Stealer"""," ""100""",2026-10-03 17:28:15," """"",ClickFix
"""2e0062a81b67c89b9c09e8714a64219c8b9d2842657ecfafc9c8ca4987298079"""," ""osx.amos"""," ""Atomic macOS Stealer"""," ""100""",2026-10-03 17:28:15," """"",ClickFix
"""b12b322b29405a3843bf5bdb9be949f03b191d0fa2789cefdaa2f07e1f4be8d2"""," ""osx.amos"""," ""Atomic macOS Stealer"""," ""100""",2026-10-03 17:28:14," """"",ClickFix
"""084a17e95f09e16e444f0a1be7a999d6de1e1c847ebc4909c0878e6bb5905e3f"""," ""osx.amos"""," ""Atomic macOS Stealer"""," ""100""",2026-10-03 17:28:13," """"",ClickFix
"""1b823f040519acfc56fba55f537ac5a794e4fa0729e91c093b954091740bbc5c"""," ""osx.amos"""," ""Atomic macOS Stealer"""," ""100""",2026-10-03 17:28:07," """"",ClickFix
"""2aab920a903332f258deaf5c6b572af0e08142e2b690a10d2e59600b1b9c7ad3"""," ""osx.amos"""," ""Atomic macOS Stealer"""," ""100""",2026-10-03 17:28:07," """"",ClickFix
"""d39857fb92a0b6dc3c5da29dceb2cd92adf5b32da2d601893f0200adae7cc1e8"""," ""osx.amos"""," ""Atomic macOS Stealer"""," ""100""",2026-10-03 17:28:04," """"",ClickFix
"""500a7b1e245ffc9445f8f123ad7b64d4c5110e0ca541a5baf75c47174f06f4cd"""," ""osx.amos"""," ""Atomic macOS Stealer"""," ""100""",2026-10-03 17:28:04," """"",ClickFix
"""404c9774f76484e16110e9db27a5e9be8b394b86b13e9163571f6f2f3c2bd247"""," ""elf.mirai"""," ""Katana"""," ""100""",2026-10-03 16:47:07," """"","Mirai"""
"""5439695869e49b0deb3c8de9c07aac99cd32515f5bcdfa5aff546e151911b06b"""," ""elf.mirai"""," ""Katana"""," ""100""",2026-10-03 16:47:06," """"",Mirai
"""2dfb415d1a52ab0e3851c880913729634452ef4433d11ac89a3fb7d95804d046"""," ""elf.mirai"""," ""Katana"""," ""100""",2026-10-03 16:47:05," """"","Mirai"""
"""ad38169c5a747b27bdd39e181fff2a7d49bcfd81ff40bcc58c8fcab16a3109b7"""," ""elf.mirai"""," ""Katana"""," ""100""",2026-10-03 16:47:04," """"","Mirai"""
"""8cee7bb01c81f76621019dbbd1770314a86eb7f8bfd1cbb3504d96bd0e44ef68"""," ""elf.mirai"""," ""Katana"""," ""100""",2026-10-03 16:47:03," """"","Mirai"""
"""f284cfe293e6099a679715bbe01e0078c27ab5c5b178122a4d0961f4dd847d9a"""," ""elf.mirai"""," ""Katana"""," ""100""",2026-10-03 16:47:02," """"","Mirai"""
"""f2c06461f2045df7bb66cf9ffbe1b7352002479955914269e499badfc022aa10"""," ""elf.mirai"""," ""Katana"""," ""100""",2026-10-03 16:47:01," """"","Mirai"""
"""f57b82684a289d70d97901f6629ed609b918cf53723476d1de1640cb04ac03e9"""," ""elf.mirai"""," ""Katana"""," ""100""",2026-10-03 16:47:00," """"",Mirai
"""8dbfb51d784d840bfd4895610e203655b23a0d53ebfea2d8fc18025870c18551"""," ""elf.mirai"""," ""Katana"""," ""100""",2026-10-03 16:46:59," """"",Mirai
"""f1b1b4d3466c1b3662348f0289808928ed000ea684b94811a4d870eba9be35a2"""," ""elf.mirai"""," ""Katana"""," ""100""",2026-10-03 16:46:58," """"","Mirai"""
"""7349831d0b29757a9a3ffb1b11e6a2cecc8427c6e68ee7bc93fa1c0542d31d67"""," ""elf.mirai"""," ""Katana"""," ""100""",2026-10-03 16:46:57," """"",Mirai
"""99c11447a1238a6391b69d113124034bf106cf78b1751dfacaf7181ce803f88e"""," ""elf.mirai"""," ""Katana"""," ""100""",2026-10-03 16:46:56," """"","Mirai"""
"""f52b133cf9dddd23f290363558a876d4bea367f0980b552ce20b9f2c9ccf277a"""," ""elf.mirai"""," ""Katana"""," ""100""",2026-10-03 16:46:56," """"","Mirai"""
"""c7f9cdd6d85285ab85056ce7a49fa087b5f56dab68beae6a3ebb0d6c538080b7"""," ""elf.mirai"""," ""Katana"""," ""100""",2026-10-03 16:46:55," """"","Mirai"""
"""809ea6ebd9a87909a033616519d3c7d596b25136662da8a496ad971dbde62cf2"""," ""elf.mirai"""," ""Katana"""," ""100""",2026-10-03 16:46:53," """"",enthec
"""41b926526a8e19c19b1275861fa6fdd9250cf5667f6c4ed0ef9c719f26aea6ef"""," ""elf.mirai"""," ""Katana"""," ""100""",2026-10-03 16:46:53," """"",Mirai
"""4f62a3aa1521c2e198cd37fafbac3706148116ccba9d897965b0b7c90e12d8eb"""," ""elf.mirai"""," ""Katana"""," ""100""",2026-10-03 16:46:52," """"",enthec
"""0f22655fe8e2d7440449c825caed04a6f5fba86762c26c989cd1ee1cfa50b53e"""," ""elf.mirai"""," ""Katana"""," ""100""",2026-10-03 16:46:51," """"","Mirai"""
"""a0b52c93b606d2c7b5d910b215b8d342f8dafab9afca7014319fd62bad4ca3db"""," ""elf.mirai"""," ""Katana"""," ""100""",2026-10-03 16:46:50," """"",Mirai
"""83f4d888ccb9c2baacb254a22d29ea10c6a2b4ba9d6ad91f4fe7a51943be0f00"""," ""elf.mirai"""," ""Katana"""," ""100""",2026-10-03 16:46:49," """"","Mirai"""
"""cff9a967cf6dc52a77d084965adcb87ebe89385d312ba09a5b04dec1d7fb7bad"""," ""elf.mirai"""," ""Katana"""," ""100""",2026-10-03 16:46:48," """"","Mirai"""
"""d8cfbd61ca459d1728897235be3faa0b29367c71bd405231310febcd5ce7dd81"""," ""elf.mirai"""," ""Katana"""," ""100""",2026-10-03 16:46:47," """"","Mirai"""
"""326c54d6f05d977aeca20c3964de9c9b4f89348c09e7e68acd69494a358bb7a2"""," ""elf.mirai"""," ""Katana"""," ""100""",2026-10-03 16:46:46," """"",Mirai
"""52ed749b679477ced4a8beb7e3e6c5367c22eb9a14e46dd18a35f426f417bbfe"""," ""elf.mirai"""," ""Katana"""," ""100""",2026-10-03 16:46:45," """"",Mirai
"""37a07f7b75f44c949925f52a09e463c6179511a0556a05fc5f30799212aa9a3d"""," ""elf.mirai"""," ""Katana"""," ""100""",2026-10-03 16:46:44," """"",Mirai
"""8a08cb03f4ca157a57a5fe513968397127a6a7104db59c5c8164782247feb1cf"""," ""elf.mirai"""," ""Katana"""," ""100""",2026-10-03 16:46:43," """"",Mirai
"""9e46b2a28eaad61f0f1993365bc757c647bd0fa79150220c3113d7caad30b223"""," ""elf.mirai"""," ""Katana"""," ""100""",2026-10-03 16:46:42," """"","Mirai"""
"""6a156187e79ee55d5dc79b5403602c9812dc9577afb3223994166ea804b6ca27"""," ""elf.mirai"""," ""Katana"""," ""100""",2026-10-03 16:46:41," """"",Mirai
"""2823619d9775c348c53807e986feee0c6862ee7350e2d0e4edc6954b2de73c02"""," ""win.sliver"""," ""None"""," ""95""",2026-10-03 16:46:40," """"","Sliver"""
"""8324043f2352f431d636e8c0f6074ad77f34f9b00ef7c1e780b227c0b5449778"""," ""elf.mirai"""," ""Katana"""," ""100""",2026-10-03 16:46:39," """"","Mirai"""
"""999b2459d4baad086b436e58f1a323f3a36927edaf17184824631ef76fdde393"""," ""elf.mirai"""," ""Katana"""," ""100""",2026-10-03 16:46:38," """"",Mirai
"""c26bbe100f2964e39a4aa49e86eea8d9e8a33840be9588da1694889868656f8f"""," ""elf.mirai"""," ""Katana"""," ""100""",2026-10-03 16:46:37," """"",Mirai
"""9762c237244c0f4ede7b888e30e90e525ce6fa9bbabad2ea39eef78ab81ac22e"""," ""elf.mirai"""," ""Katana"""," ""100""",2026-10-03 16:46:36," """"",Mirai
"""eb137a1e89c75ad2426a58d4bac62266baa486f89305d12a8ecb67146bbc7bb0"""," ""elf.mirai"""," ""Katana"""," ""100""",2026-10-03 16:46:35," """"",Mirai
"""5e13142866240eac5e1ca987bf7557c2ce67f999ac5e60c61abd51ea28b9bf57"""," ""elf.mirai"""," ""Katana"""," ""100""",2026-10-03 16:46:34," """"",Mirai
"""adfefc2614695191b1a6e4050e53784a56204f03da3f1a6c55a90ae08ed16e72"""," ""win.remcos"""," ""RemcosRAT"," ""Remcos""",2026-10-03 16:46:33,"Socmer"""," ""None"""
"""53dbfe9bca8a3c5c582cf0a46ffd37e1d91a6ef34d4eb1823bdf00b7547789f1"""," ""elf.mirai"""," ""Katana"""," ""100""",2026-10-03 16:46:31," """"","Mirai"""
"""8c5380ce6dc983d78932c1473856d8bc20cfb9c1b0cb64487a582e339c95234d"""," ""elf.mirai"""," ""Katana"""," ""100""",2026-10-03 16:46:30," """"","Mirai"""
"""7b2ca049f4624362e939243072e3f732efc9570c2344e4d29f4f83d476f300dc"""," ""elf.mirai"""," ""Katana"""," ""100""",2026-10-03 16:46:29," """"","Mirai"""
"""b3caa2e3d0c88a3872e1102f356fc665678b150e05a511412dc613ae04a118a9"""," ""elf.mirai"""," ""Katana"""," ""100""",2026-10-03 16:46:28," """"","Mirai"""
"""159b2822082e57ea6a745ee386aeb72b3e02570a571c987efa915d03b8832010"""," ""elf.mirai"""," ""Katana"""," ""100""",2026-10-03 16:46:27," """"","Mirai"""
"""79831d5c99e4b529a2f10c8cf335b6cbbc6f0b509981350174c93a87a77285a3"""," ""elf.mirai"""," ""Katana"""," ""100""",2026-10-03 16:46:26," """"","Mirai"""
"""3335c068fa019a01993fab3951642ea6573e86e432b41fe3ca92ac41b2be52e2"""," ""elf.mirai"""," ""Katana"""," ""95""",2026-10-03 15:46:47," """"",exe
"""b304d47c357873c4259a69c82390abdb58e7861e6dfa9770d7742144dcea5dac"""," ""elf.mirai"""," ""Katana"""," ""95""",2026-10-03 15:46:45," """"","Mirai"""
"""e3e5faa2660cd86e4608017e59a1808a5d2491b56b1b87757ba539e19c457c22"""," ""elf.mirai"""," ""Katana"""," ""95""",2026-10-03 15:46:44," """"",exe
"""b9a8f948feb4057aeec015eee181ceb5b5e7286f76d1215df249ce726b5c9077"""," ""elf.mirai"""," ""Katana"""," ""95""",2026-10-03 15:46:43," """"",exe
"""3f352342ff0ad81d66e961b69a4c11e548c2839b0fd8730c73a5be10b6d7f18e"""," ""elf.mirai"""," ""Katana"""," ""95""",2026-10-03 15:46:42," """"",exe
"""fa4a5b7a33aff414c1ed83adbe3088a521545beae7b3ec3c596f392fc7d11c24"""," ""elf.mirai"""," ""Katana"""," ""95""",2026-10-03 15:46:42," """"",exe
"""bb7d7c7f6dd3c346fb58a182fe62e5ff4e34b02efe8b13d686d98bf9adb575ce"""," ""elf.mirai"""," ""Katana"""," ""95""",2026-10-03 15:46:40," """"",exe
"""f076c5f295a7c33a39eea8a5047107c770832b8d6680f8b866795080b76ac853"""," ""elf.mirai"""," ""Katana"""," ""95""",2026-10-03 15:46:40," """"",Mirai
"""07ecd27fdb601292e1ebd8ff88f4c5360bc8c9f3bc1a5ad7d389efa865e58d44"""," ""elf.mirai"""," ""Katana"""," ""95""",2026-10-03 15:46:38," """"",exe
"""8e43add0886d834e856cdbda15be486bfbb368359d21cf8d3550bc854978878a"""," ""elf.mirai"""," ""Katana"""," ""95""",2026-10-03 15:46:38," """"",exe
"""8c02ef44040b74058b6b50e92a70a9931e138204122451a33dc03767e7875942"""," ""elf.mirai"""," ""Katana"""," ""95""",2026-10-03 15:46:37," """"",exe
"""f2006a57f197a51049224e841ace1bb1eed5de15cceabe20353e76ab4c9e4d6b"""," ""elf.mirai"""," ""Katana"""," ""95""",2026-10-03 15:46:35," """"",exe
"""d6c231447093e9cf0591ad9ed769836a2d16c74b1a37305111981a92cabf8d5f"""," ""elf.mirai"""," ""Katana"""," ""95""",2026-10-03 15:46:35," """"",exe
"""036e35da92ee488acf6f5cd245b0f3db72f599e5a8297f5b2c58858d155bbb40"""," ""elf.mirai"""," ""Katana"""," ""95""",2026-10-03 15:46:34," """"",exe
"""1113dc95178023e0a7f26637bc3705a4515e3d6a97057f36d7410f8f6ac60c38"""," ""elf.mirai"""," ""Katana"""," ""95""",2026-10-03 15:46:33," """"",exe
"""963102a75a440d555feeacc3ebc99ff72774ac566553a1d35be15300653f9461"""," ""elf.mirai"""," ""Katana"""," ""95""",2026-10-03 15:46:32," """"",exe
"""d7a5a155ecc2ad396c4a93261a8b78192734cbcd78adec3fd3861ef798dce3ee"""," ""elf.mirai"""," ""Katana"""," ""95""",2026-10-03 15:46:31," """"",exe
"""8239a5b14056d6bced947074cf866dc3ffd14689c4bc47d7a80eb448bffde0ba"""," ""elf.mirai"""," ""Katana"""," ""95""",2026-10-03 15:46:30," """"",exe
"""fd207faa41eb1537790fcc4036c3250c93c5563ec275b36b191c74a90e0a703f"""," ""elf.mirai"""," ""Katana"""," ""95""",2026-10-03 15:46:29," """"",exe
"""a7e2092ea6d8891ad0621f091089910aa1acea040ba7960472e1cbb04e57f6fe"""," ""elf.mirai"""," ""Katana"""," ""95""",2026-10-03 15:46:28," """"",exe
"""43319a6b09128974629756e4029206d12b9e88f1ead9ca4c24d18c1f5f61411e"""," ""elf.mirai"""," ""Katana"""," ""95""",2026-10-03 15:46:27," """"",exe
"""86ba0046b4997b2dcc2e8d4db070202cfe06d91f09b1fcea9550f7ff2bbdcf64"""," ""elf.mirai"""," ""Katana"""," ""95""",2026-10-03 15:46:26," """"",exe
"""a39b08c06b02a547516c3b34449821a4f4e921999e78dc6bfd9718b5469571fe"""," ""elf.mirai"""," ""Katana"""," ""95""",2026-10-03 15:46:25," """"",exe
"""7b254af99efa15b124d9133e32d22244c57076c9bcfdfb01b155d369e0d47aa1"""," ""win.gcleaner"""," ""None"""," ""90""",2026-10-03 15:46:24," """"","GCleaner"""
"""bc0a6b10a5df602b50404ad50f18c13570f8f799ecd2d852e03fed902b0ba76a"""," ""win.coinminer"""," ""None"""," ""95""",2026-10-03 15:46:23," """"","exe"""
"""6462ec1f93e174743cad559a09b5ae59916e4b88a467d968d199b501335bb14f"""," ""elf.mirai"""," ""Katana"""," ""100""",2026-10-03 15:46:22," """"",Mirai
"""aa617e76b418bc0ff1a0a1bb2e0996f1b46781c925d4b1677f0c0c8aa3261dab"""," ""elf.mirai"""," ""Katana"""," ""100""",2026-10-03 15:46:21," """"","Mirai"""
"""32afd08aeb21181150acfecf75576c818fe7e5b29e59b87a32bbaf04de61c87a"""," ""elf.mirai"""," ""Katana"""," ""100""",2026-10-03 15:46:20," """"",Mirai
"""2babd1fc3d1a79ff0d296740c1b833a7f80bf86c483c47defa5910871b7a4d94"""," ""elf.mirai"""," ""Katana"""," ""100""",2026-10-03 15:46:19," """"",Gafgyt
"""73b7ca405b8005fd5d2533f2ac288ec0e37d47c8836c34ddab14c25b4b02927b"""," ""elf.mirai"""," ""Katana"""," ""100""",2026-10-03 15:46:18," """"",Gafgyt
"""1a90d46abe88ae54cbe15fc0202a2eb5dcf885a6bb3a3e84fd87466fae4f4b62"""," ""elf.mirai"""," ""Katana"""," ""100""",2026-10-03 15:46:17," """"","Mirai"""
"""2a21b2ad7e799da1a8bdafbdc2f96f4100ecc4688c6f04b143898481fe359479"""," ""elf.bashlite"""," ""gayfgt",torlus,2026-10-03 15:46:16,qbot," ""100"""
"""6d7a05a732e07fb850e0097395fa87c73287a06b0868e783c29f4f5fbeb3deaa"""," ""elf.mirai"""," ""Katana"""," ""100""",2026-10-03 15:46:15," """"","Mirai"""
"""a574397f2edd591ba6a55abe63323f5022bd26996bd3fbecb36cc946215abce1"""," ""elf.mirai"""," ""Katana"""," ""100""",2026-10-03 15:46:14," """"","Mirai"""
"""80d85d205aba7bdd4abd3fc9b91aed17d16fb5538a78b7241382fc5eb1e3f27f"""," ""elf.mirai"""," ""Katana"""," ""100""",2026-10-03 15:46:13," """"","Mirai"""
"""735f14c236dd7e57e6ca760988694db7911af7b05712f2665875567c7259ddea"""," ""elf.mirai"""," ""Katana"""," ""100""",2026-10-03 15:46:12," """"","Mirai"""
"""2d0eed856bc3d729307f59a79b1db5852d3f04402da1fbbd2321bb698f82bfeb"""," ""elf.mirai"""," ""Katana"""," ""100""",2026-10-03 15:46:11," """"","Mirai"""
"""407f81370bad7fcc8988012886d8a36ac39b5e713b840af0783d9147bab34746"""," ""elf.mirai"""," ""Katana"""," ""100""",2026-10-03 15:46:10," """"",Mirai
"""eb81014b59b5dcb07a41b142b1f9b1989aced22ecb6b82175431e7f24e48cf89"""," ""elf.mirai"""," ""Katana"""," ""100""",2026-10-03 15:46:09," """"","Mirai"""
"""75f5413dcdf4c69f8b49ab6bec5c9a9948c768d5abbbbd0c093c971b39e4398e"""," ""elf.mirai"""," ""Katana"""," ""100""",2026-10-03 15:46:07," """"","Mirai"""
"""7a3e260d7dec64aee8169ab40edacb787462470fb6e1ba47119b022fd8143501"""," ""elf.mirai"""," ""Katana"""," ""100""",2026-10-03 15:46:06," """"","Mirai"""
"""b654a72ef7fae0cd7401e90f2000000716f4dc09ea2dd5bbd13947bf4414a232"""," ""elf.mirai"""," ""Katana"""," ""100""",2026-10-03 15:46:05," """"","Mirai"""
"""d54666088bc7da30f79d3436e7eb8c8753884b4803cb91c9ada58e20cf9e0b0a"""," ""elf.mirai"""," ""Katana"""," ""100""",2026-10-03 14:47:02," """"","Mirai"""
"""27a244d88400086d97da98337e359e52d44f0ee05e21c025a1a263e44ef25fdd"""," ""elf.mirai"""," ""Katana"""," ""100""",2026-10-03 14:47:01," """"","Mirai"""
"""5c9170b6613b56562fb3ca05ee737cfd56343d3d65f751564a4bf3b2bb065d88"""," ""elf.mirai"""," ""Katana"""," ""100""",2026-10-03 14:47:00," """"",Mirai
"""e0c170658dbad6b9415827587bef258dffb3eb723297998332c3c5229a7c47e0"""," ""elf.mirai"""," ""Katana"""," ""100""",2026-10-03 14:46:59," """"","Mirai"""
"""d4446a18ed3cf07b01d414058ef04541a5a150dec285173f944861de99e2102b"""," ""elf.mirai"""," ""Katana"""," ""100""",2026-10-03 14:46:58," """"",Mirai
"""b297dc8f54f612f92c26735ab50e1360057df3909556d85e6439e695aa646148"""," ""elf.mirai"""," ""Katana"""," ""100""",2026-10-03 14:46:57," """"","Mirai"""
"""81051b2e58fe4e4d53b5bea904151af33d44ed72603c2aeffbba6520af40861e"""," ""elf.mirai"""," ""Katana"""," ""100""",2026-10-03 14:46:56," """"","Mirai"""
"""8b7b1c7003fed38c1a82537e6916b1bace5bcca70ebdab5bba107d15fed0697b"""," ""elf.mirai"""," ""Katana"""," ""100""",2026-10-03 14:46:55," """"",Gafgyt
"""fcd0c4676a7b813715aeafd9f5084c166781ea5bc9f618231285055a189e396b"""," ""elf.mirai"""," ""Katana"""," ""100""",2026-10-03 14:46:54," """"","Mirai"""
"""fd5a48693a99cbb7c49f5f4245f3090ffeec58ce3f9d9bcf7f6c7eade62769f1"""," ""elf.mirai"""," ""Katana"""," ""100""",2026-10-03 14:46:53," """"","Mirai"""
"""d41aae1024f7d5f82179f3fae2eeca7e89f07ee94f9877893e1d92ceef0cb582"""," ""elf.mirai"""," ""Katana"""," ""100""",2026-10-03 14:46:52," """"",Mirai
"""00660f4fff4ca116abf4c18312685c38d50f11bc5410a77c87e90ce1ef4cd1cd"""," ""elf.mirai"""," ""Katana"""," ""100""",2026-10-03 14:46:51," """"",Mirai
"""be8947c577699304112a86ec5418586f5993ec17a2c435aa8d1533a62400a806"""," ""elf.mirai"""," ""Katana"""," ""100""",2026-10-03 14:46:51," """"",Mirai
"""6bc5a031131d30d056fd21d268c5e2978667f8cd811f7ed4e726177118778f61"""," ""elf.mirai"""," ""Katana"""," ""100""",2026-10-03 14:46:50," """"","Mirai"""
"""49878557d15cec49fd5c1edd1f62456b9dc325fdced8aeeccf058fc0d879f42e"""," ""elf.mirai"""," ""Katana"""," ""100""",2026-10-03 14:46:49," """"","Mirai"""
"""310ac3902f066cb2f1e5e006847b0f5985f8d418e71dcdb8f012eb65535a7656"""," ""elf.mirai"""," ""Katana"""," ""100""",2026-10-03 14:46:48," """"",Mirai
"""335bf3d222da0b0e4f1493ebc35b68b24e8482a385de4393ac20fe8d1c1ff9f7"""," ""elf.mirai"""," ""Katana"""," ""100""",2026-10-03 14:46:47," """"","Mirai"""
"""6008b72b141eb3af8452450a16c797bb04147530f0f19707df66ec3196b0f14c"""," ""elf.mirai"""," ""Katana"""," ""100""",2026-10-03 14:46:46," """"","Mirai"""
"""4e9729db217b0a9ee61a51c05ff32840503cf6bc86617220352f2f32cfa2aa79"""," ""elf.mirai"""," ""Katana"""," ""100""",2026-10-03 14:46:45," """"",Mirai
"""5c1accc7486fb03bd560c5d9be9ee4d915251344eff01b9a78f9038ac36b74dd"""," ""elf.mirai"""," ""Katana"""," ""100""",2026-10-03 14:46:44," """"",Mirai
"""a798bf2a55ca9c8f273dffc69576bff84ae32eaa13b1037084759beae3100f94"""," ""elf.mirai"""," ""Katana"""," ""100""",2026-10-03 14:46:43," """"","Mirai"""
"""a9c571dbe59b3e5936596b331f762c455913b224d0c962b12f84cf56c321c921"""," ""elf.mirai"""," ""Katana"""," ""100""",2026-10-03 14:46:42," """"","Mirai"""
"""b77142d8fa79f421c402fae649e041589c6e3584e69def5789b704af6b522535"""," ""elf.mirai"""," ""Katana"""," ""100""",2026-10-03 14:46:41," """"","Mirai"""
"""0aee454555fdc788b8741da1663d66521cf3b530df9a34364513ef9af081ed19"""," ""elf.mirai"""," ""Katana"""," ""100""",2026-10-03 14:46:41," """"","Mirai"""
"""fb44541efeb566a4dadf7d84ecc48be839112c7b0bf596e65d026b35845a3432"""," ""elf.mirai"""," ""Katana"""," ""100""",2026-10-03 14:46:40," """"","Mirai"""
"""be66c7df624bd1d76e62c3244369eae66e470eee6d2d75fdc12ad98456e22361"""," ""elf.mirai"""," ""Katana"""," ""100""",2026-10-03 14:46:39," """"",Mirai
"""280ece3234a3dfd3fd033df71d11afcbc08109164f36b8acb6afe8b03b81c1d0"""," ""elf.mirai"""," ""Katana"""," ""100""",2026-10-03 14:46:38," """"",Gafgyt
"""a7fee620e24fadf8042fa7cab43301d0cb3c49fb29d8184c7b2649b565a197d4"""," ""elf.mirai"""," ""Katana"""," ""100""",2026-10-03 14:46:36," """"","Mirai"""
"""333caf31043232e8926dec9583f0791b099c13adef2ac6378d20600806dbfe56"""," ""elf.mirai"""," ""Katana"""," ""100""",2026-10-03 14:46:35," """"",Mirai
"""ddf8521dbe928d6d6e65e93e78cb4489f7c8b3a42c3dd052cba3bbeb47f332c2"""," ""elf.mirai"""," ""Katana"""," ""100""",2026-10-03 14:46:34," """"","Mirai"""
"""ff4fd3e50ef09e350e3b232da1ff54d8c676ed72ddf34d53cd65f4b9296fe866"""," ""elf.mirai"""," ""Katana"""," ""100""",2026-10-03 14:46:33," """"","Mirai"""
"""79e9dcbf77ac811c7cf2a02bc9bc1ddd6c429d3b3aac9ca5c6991332c9e17f81"""," ""elf.mirai"""," ""Katana"""," ""100""",2026-10-03 14:46:32," """"","Mirai"""
"""316d6aea093cb45664b6ee8734eb8c20722b54a4c2ae8624b867b290c979d0a0"""," ""elf.mirai"""," ""Katana"""," ""100""",2026-10-03 14:46:31," """"",Mirai
"""418239951e671967784688d121cd66a63a1c9896633038453be3afff2393ecd0"""," ""elf.mirai"""," ""Katana"""," ""100""",2026-10-03 14:46:30," """"","Mirai"""
"""80cdd1d492acc561d54dad9e8f09c121ba28876c2dd44bf4ceb4a0b1073206ce"""," ""elf.mirai"""," ""Katana"""," ""100""",2026-10-03 14:46:29," """"","Mirai"""
"""dbbeb040a1d260f1a7ab22511382723331afa3d5ecf2c2e6b63112e5f3848c53"""," ""elf.mirai"""," ""Katana"""," ""100""",2026-10-03 14:46:28," """"","Mirai"""
"""e935435d050857463d493b12575e58c21313d71ca5a7d9946d944bac517f9369"""," ""elf.mirai"""," ""Katana"""," ""100""",2026-10-03 14:46:26," """"",Gafgyt
"""18e997dcfec0942bacb3c31725d76a83f824dc5c6b1810c95c53266a6c91c7d3"""," ""elf.mirai"""," ""Katana"""," ""100""",2026-10-03 14:46:25," """"","Mirai"""
"""9f55da59b17b2279c84367b88a25db30de0727ccfccc11535057fb9bcc89d194"""," ""elf.mirai"""," ""Katana"""," ""100""",2026-10-03 14:46:24," """"","Mirai"""
"""f9320908e7cf1f7fb7da438ca953658c219bd09a9f208a8c3b5ef68f8a53aca1"""," ""elf.mirai"""," ""Katana"""," ""100""",2026-10-03 14:46:23," """"","Mirai"""
"""602d1b06bb60e635f2b3568bf6c3296f5e75e101744af9bc960cb4a93055891b"""," ""elf.mirai"""," ""Katana"""," ""100""",2026-10-03 14:46:22," """"",Mirai
"""d1ba4a0f0518577fcfecfd8136cca2b460337022504f442bc8e8351764200a30"""," ""elf.mirai"""," ""Katana"""," ""100""",2026-10-03 14:46:21," """"","Mirai"""
"""157e1d14df0b3f4091cb529d1c1074d9aaa083b70039b728867f55a0970655b6"""," ""elf.mirai"""," ""Katana"""," ""100""",2026-10-03 13:47:05," """"","Mirai"""
"""bfb4fc546e7c80572a85cea5828f27621dcefb05a35c06685e43cc67f8d3a48b"""," ""elf.mirai"""," ""Katana"""," ""100""",2026-10-03 13:47:04," """"",Mirai
"""4e70361a2c27d7da8185766187b3757e1fa966f4e0b1e370886d66481121e5e8"""," ""elf.mirai"""," ""Katana"""," ""100""",2026-10-03 13:47:03," """"",Mirai
"""bb63f72772468d22fde5732730a2606d0f1d69b7051a0e97c12c350432d3885d"""," ""elf.mirai"""," ""Katana"""," ""100""",2026-10-03 13:47:02," """"","Mirai"""
"""88d3fa22d8ad2d7e41b1c4fb04c26d7a3611422976b66a236a6c0a4aa62c4433"""," ""elf.mirai"""," ""Katana"""," ""100""",2026-10-03 13:47:01," """"",Mirai
"""f2d4749b62e6a48efaaf29bfdc2c4dbd701f5138ba53a9f07f0f1ad7fece655b"""," ""elf.mirai"""," ""Katana"""," ""100""",2026-10-03 13:47:00," """"",Mirai
"""378663855be020f0c4bdf6e45c802ad721e6516c0b59fbfef8e5feaff4f42d9b"""," ""elf.mirai"""," ""Katana"""," ""100""",2026-10-03 13:46:59," """"","Mirai"""
"""fb73154cda3bf3442a00bff97d5d291108fb2a1ba4cc4edab80bd721266dcfae"""," ""elf.mirai"""," ""Katana"""," ""100""",2026-10-03 13:46:58," """"",Mirai
"""ea6440b7c24a9747c0d468a87687bce72f85c55591915e3530d504b8d82b534d"""," ""elf.mirai"""," ""Katana"""," ""100""",2026-10-03 13:46:57," """"","Mirai"""
"""3a7891e0813da68033341bf757d307b1b7cc76db3e91f00c8b034be200f4039f"""," ""elf.mirai"""," ""Katana"""," ""100""",2026-10-03 13:46:56," """"","Mirai"""
"""9e2e7f57fa1f117b911b741e29fde7a53c047ed34ceb3ccef354db2bb4c38017"""," ""elf.mirai"""," ""Katana"""," ""100""",2026-10-03 13:46:55," """"",Mirai
"""7c82112529268649005f48216dc9f194ab3429329ee509d283a30e5576b9714c"""," ""elf.mirai"""," ""Katana"""," ""100""",2026-10-03 13:46:54," """"","Mirai"""
"""d1cc87d6f3cc1206ad9b697345fd4df8653d86bf28c56b0271b54b503cb6aa8e"""," ""elf.mirai"""," ""Katana"""," ""100""",2026-10-03 13:46:53," """"","Mirai"""
"""0becdca6e10561565ffa55124050064f5f83220301797aab955a55fab08ad937"""," ""elf.mirai"""," ""Katana"""," ""100""",2026-10-03 13:46:52," """"","Mirai"""
"""c533aeec0e53aca326d421c3d1483e742c8476e4e17125ac6267de6bc8df2dcc"""," ""elf.mirai"""," ""Katana"""," ""100""",2026-10-03 13:46:51," """"","Mirai"""
"""2713443f82e94c2ccb500e851e3dcebd9173a6faf5348e25366c800d45c73825"""," ""elf.mirai"""," ""Katana"""," ""100""",2026-10-03 13:46:50," """"","Mirai"""
"""e3d435c372d0429f39927a9f277cdf0be91360f61e6eb3fdfe3abe6869171f40"""," ""elf.mirai"""," ""Katana"""," ""100""",2026-10-03 13:46:49," """"","Mirai"""
"""29334fafcf2d5cb4010f2b8ac47832f234f2e8e4d94f4f9b9ea5768878c4dd01"""," ""elf.mirai"""," ""Katana"""," ""100""",2026-10-03 13:46:48," """"","Mirai"""
"""e9d62068d5275a0f291fb6706ab1d1d2ca4631a3c45486d342b61de03eb58fcd"""," ""elf.mirai"""," ""Katana"""," ""100""",2026-10-03 13:46:47," """"",Mirai
"""aebb7c62d6a2f548b17be47de0f1e774b07d3185b320dcbd18e380e125ba772e"""," ""elf.mirai"""," ""Katana"""," ""100""",2026-10-03 13:46:46," """"","Mirai"""
"""8794146ebab918bf0da10ccdd843185448ccb83df46a287cc909403ed37c1f8e"""," ""elf.mirai"""," ""Katana"""," ""100""",2026-10-03 13:46:45," """"","Mirai"""
"""e85f8098b358c5eadd8f50545f084adcc9f5d0526d286e4682cdbde078d0145d"""," ""elf.mirai"""," ""Katana"""," ""100""",2026-10-03 13:46:44," """"","Mirai"""
"""9ac01e9af776b1c1a4c50bab9d1b9cadc6a221fbe6ebfeadabea5dfaf4c60666"""," ""elf.mirai"""," ""Katana"""," ""100""",2026-10-03 13:46:43," """"","Mirai"""
"""08ffaa3060aceda41990ab74a6f996b8fced28c3e3065e23e8cdebdb255be0e0"""," ""elf.mirai"""," ""Katana"""," ""100""",2026-10-03 13:46:42," """"","Mirai"""
"""697a9e37941c73e9116a3532ad6dd5627b7c0f4580ecd30960346a72f9d0f646"""," ""elf.mirai"""," ""Katana"""," ""100""",2026-10-03 13:46:42," """"",Mirai
"""7df5e7b61cc18642193b7d6bdc5a512dc4e64af201c00c9ebed80bc90325c956"""," ""elf.mirai"""," ""Katana"""," ""100""",2026-10-03 13:46:40," """"","Mirai"""
"""d7194f37d79c9cab3807f66fbc7d9256aac67760acefb5c326c67215dcaacdbb"""," ""elf.bashlite"""," ""gayfgt",torlus,2026-10-03 13:46:40,qbot," ""100"""
"""d1c5328bff32776e7cfae004e7ebb8fb8cd23e63d9fe78d0ee37d0027582df2e"""," ""elf.mirai"""," ""Katana"""," ""100""",2026-10-03 13:46:38," """"",Mirai
"""514f86fb024fa6f0e5bf4d8aa38041b2d63d8ec5d4832bccd06ec6d4a549bfe8"""," ""elf.mirai"""," ""Katana"""," ""100""",2026-10-03 13:46:37," """"","Mirai"""
"""46f8a4171fe84029634000f10835d0dac1fa2352fa7613d60a3c7e48af9fea8d"""," ""elf.mirai"""," ""Katana"""," ""100""",2026-10-03 13:46:36," """"","Mirai"""
"""45c4d75c175a8e82f68901cb2846ab9efa8ea270739dd58534e25b3cc474251b"""," ""elf.mirai"""," ""Katana"""," ""100""",2026-10-03 13:46:35," """"",Mirai
"""bc283c27ece57310ca9a4194a5ed34b3b393b2aeed5f0d1ace44f77f2b8415da"""," ""elf.mirai"""," ""Katana"""," ""100""",2026-10-03 13:46:34," """"","Mirai"""
"""156ee410363b67810416d16a797225ffbaa01cf80daeaff346dabf199f75cbed"""," ""elf.mirai"""," ""Katana"""," ""100""",2026-10-03 13:46:33," """"",Mirai
"""6cc212883df2861669b9b61feeb9b7735fbadc81093f20feea95612375f87d64"""," ""elf.mirai"""," ""Katana"""," ""100""",2026-10-03 13:46:32," """"","Mirai"""
"""67df70e9753cc21ce84551660c9fe4762af23436b0a7e26b007c93da919fc40b"""," ""elf.mirai"""," ""Katana"""," ""100""",2026-10-03 13:46:31," """"","Mirai"""
"""42320cd1431f7301e6b00c0d30a3caa43622b734b7f5c3787222f76ad05b3c84"""," ""elf.mirai"""," ""Katana"""," ""100""",2026-10-03 13:46:30," """"","Mirai"""
"""91f51fa39579382361b5d4faa0b2da6cb5288f4f33afba2ef85c482a5aad2226"""," ""elf.mirai"""," ""Katana"""," ""100""",2026-10-03 13:46:28," """"",Mirai
"""3844a189b82aac88fb5b186cd19ade909a0a1e86594b2510824cd445b45784a5"""," ""elf.mirai"""," ""Katana"""," ""100""",2026-10-03 13:46:27," """"",Mirai
"""5335d11c6a44dfdbc0ba81db592494e545b6480ec475a2e05c1e096c7d0808d4"""," ""elf.mirai"""," ""Katana"""," ""100""",2026-10-03 13:46:26," """"","Mirai"""
"""68087159a07ff7dcec0c23eade3e7781177a04a7fe7860a9df2a880a39d90df4"""," ""elf.mirai"""," ""Katana"""," ""100""",2026-10-03 13:46:25," """"",Mirai
"""d7d525ea073c80ee42ea93cc24008ec13007d5f7a10d52f30d789a7fa6e625e2"""," ""elf.mirai"""," ""Katana"""," ""100""",2026-10-03 13:46:24," """"","Mirai"""
"""64f38eb83535d5a8af3060091f0f42e70e3dd2899496600fb53ae58df63faf63"""," ""elf.mirai"""," ""Katana"""," ""100""",2026-10-03 13:46:23," """"","Mirai"""
"""b917460b2f8c5ccc99d24bef30b04011618c75ee9563bd3f5fed003ac90be065"""," ""elf.mirai"""," ""Katana"""," ""100""",2026-10-03 12:47:11," """"",Mirai
"""9bc3b56742c90d4d36f4d550488cb19ac5f4be5c6d78c4e5dfc2ca410e2ae718"""," ""elf.mirai"""," ""Katana"""," ""100""",2026-10-03 12:47:10," """"","Mirai"""
"""03a83f75a6b3a58bf840d41a61f82808036dee034d1682fd028ace7e6007bca8"""," ""elf.mirai"""," ""Katana"""," ""100""",2026-10-03 12:47:09," """"","Mirai"""
"""ae0adf8657f3b3f1f54a0d2f83f4eca7281c96cb61eb5d053cf239b1a7ded26a"""," ""elf.mirai"""," ""Katana"""," ""100""",2026-10-03 12:47:08," """"",Mirai
"""b25ecf3369d293c9c66fc28ac4419b8f9d282a50cf3951ad7ed06b822c40f057"""," ""elf.mirai"""," ""Katana"""," ""100""",2026-10-03 12:47:07," """"","Mirai"""
"""2df2cede3890937054e8019fd4f8a8e89b08dff0fc2e9776e4f1aa1a07904700"""," ""elf.mirai"""," ""Katana"""," ""100""",2026-10-03 12:47:06," """"","Mirai"""
"""9ab83660615222c20f58921a3dc1f2e5a5753ac8d169338f93604ce917f5ab29"""," ""elf.mirai"""," ""Katana"""," ""100""",2026-10-03 12:47:06," """"","Mirai"""
"""9a961c65027a2113727e342a605251b2ff1125a30f98852c6d576fef16456545"""," ""win.formbook"""," ""win.xloader"""," ""100""",2026-10-03 12:47:05," """"","ps1"""
"""e5aa0b1c39e9aa62e276ee07b50222f95c7a83fdf67b980534f2f97228d2399a"""," ""win.404keylogger"""," ""404KeyLogger"," """"",2026-10-03 12:47:04," ""404 Keylogger"""," ""404Keylogger"
"""b9af9da60c06a026f04999569bd9ac5f23e119c79c6b44345b41e36ac65f9377"""," ""elf.mirai"""," ""Katana"""," ""95""",2026-10-03 12:47:02," """"","Mirai"""
"""3cfd3c6512de02c73f4a4ce14d9f600fab07f2f7115b88653f5dba49c3e7da98"""," ""win.salatstealer"""," ""None"""," ""95""",2026-10-03 12:47:01," """"",exe
"""0cca6c20b4466d2db1fb8427ca21c85cdd7c1c460554112f0a238a3d594b2a0e"""," ""elf.mirai"""," ""Katana"""," ""100""",2026-10-03 12:47:00," """"",Mirai
"""9017db28c11dea6e2e36633483476f208c26caaaa2ebb7be4c79860ac3df624a"""," ""elf.mirai"""," ""Katana"""," ""100""",2026-10-03 12:46:59," """"",Mirai
"""881ed53187b35c148a2d0af484acb8ef7f69c7c93df2c6676764a085c255a9cb"""," ""elf.mirai"""," ""Katana"""," ""100""",2026-10-03 12:46:58," """"","Mirai"""
"""5f73fd2184ffc262f1bdac74b8f15c589f8d5cf986625ff687ecd32928241f80"""," ""elf.akira"""," ""REDBIKE"""," ""100""",2026-10-03 12:46:57," """"",elf
"""0f93538a340eff2eb2de53e1f27f91656c0864e9d7ab7a03c0aa0bbf4d3f4b51"""," ""elf.mirai"""," ""Katana"""," ""100""",2026-10-03 12:46:56," """"","Mirai"""
"""5790bceae3195fb874d89b25f55d3c3c2dee9fbdc6f52480fe641174f3c6d4e7"""," ""elf.mirai"""," ""Katana"""," ""100""",2026-10-03 12:46:55," """"","Mirai"""
"""c9aedcb8f48886d9aee54d164136220d5d184c65ece58514de6f0fbce071a5b1"""," ""elf.mirai"""," ""Katana"""," ""100""",2026-10-03 12:46:54," """"","Mirai"""
"""c434801de839786c9087692319a8164c626d91d290e29df2c08d450e3936a14f"""," ""elf.mirai"""," ""Katana"""," ""100""",2026-10-03 12:46:53," """"","Mirai"""
"""dc9ff58f9d5a12d90e23ccd29049d8b417f37ab07bb5c9c6157329f259df2a25"""," ""elf.mirai"""," ""Katana"""," ""100""",2026-10-03 12:46:52," """"",Mirai
"""db444503cda9f6734797db51f8b159802634cdace744431867741475203c8755"""," ""elf.mirai"""," ""Katana"""," ""100""",2026-10-03 12:46:51," """"","Mirai"""
"""4f499bf2819c03bfe63916f411a0a6dbb17d8bdf0ac085ecd875661d3b3cb86d"""," ""elf.mirai"""," ""Katana"""," ""100""",2026-10-03 12:46:51," """"","Mirai"""
"""7e54ac3c759bb0464aff021dc430428d08ef001fa311fa5a2707e2d95293d540"""," ""elf.mirai"""," ""Katana"""," ""100""",2026-10-03 12:46:50," """"","Mirai"""
"""e9b252e799ee515217ec51d87aa4c6355fcd030021eb305f0d728bde80f83155"""," ""elf.mirai"""," ""Katana"""," ""100""",2026-10-03 12:46:49," """"",Mirai
"""0e1bd1cf275f029ed286a56cbc56f095cafedb38bc8493a2b8c590173208b722"""," ""elf.mirai"""," ""Katana"""," ""100""",2026-10-03 12:46:47," """"",Mirai
"""41462778f6907b439f1f9667fcfe86381366bf9807bac8cb71badb6d826d80f1"""," ""elf.mirai"""," ""Katana"""," ""100""",2026-10-03 12:46:46," """"",Mirai
"""87c9afc6943fd6dbec0594312c8041068dd70f799bf8597f8f0d76cc6e1130cb"""," ""elf.mirai"""," ""Katana"""," ""100""",2026-10-03 12:46:45," """"","Mirai"""
"""44a6090b72ff9094a862f13a14ff333fcf19b41eb58af9c0bd54f23834c175fa"""," ""elf.mirai"""," ""Katana"""," ""100""",2026-10-03 12:46:45," """"","Mirai"""
"""d17eba397f2feb1aac83499c9b89475b476a586cd4776bb1485c376516c89655"""," ""win.hijackloader"""," ""DOILoader","SHADOWLADDER""",2026-10-03 12:46:43,IDAT Loader," ""False"""
"""a0affe2acd95d7acb4c173c9050328e8e1d6f4fc14c73594fcf97f58001167c1"""," ""elf.mirai"""," ""Katana"""," ""100""",2026-10-03 12:46:42," """"",Mirai
"""fc47c4d1172496ff98213b490f7b01da57493e23dc84277d596c0ca19e60b180"""," ""elf.mirai"""," ""Katana"""," ""100""",2026-10-03 12:46:41," """"",Mirai
"""e08b66a97248aa0c14e5c9acf013ae26bda5ea3f4b7e978db11694530251a92a"""," ""elf.mirai"""," ""Katana"""," ""100""",2026-10-03 12:46:40," """"",Mirai
"""bc75ec68546e6d0bb0bc3b18a60dde1b3c7836db6c23abbd28c7bd908f2059f7"""," ""elf.mirai"""," ""Katana"""," ""100""",2026-10-03 12:46:39," """"",Mirai
"""97c941e1ac351aa3d00bd161b72ff7be619a78a8d763f8076593fea485d776c5"""," ""elf.mirai"""," ""Katana"""," ""100""",2026-10-03 12:46:37," """"",Mirai
"""8287b91e84ee45a596f4345f311c112a6b860d33b419b9d00b7329f4a742849f"""," ""elf.mirai"""," ""Katana"""," ""100""",2026-10-03 12:46:36," """"",Mirai
"""80edfe1aa3f74109f2cb0805125b5b51e897d4d58c87c11d0193c5881a836436"""," ""elf.mirai"""," ""Katana"""," ""100""",2026-10-03 12:46:35," """"","Mirai"""
"""b571ac0a13a864f246d66f55ba310b9df8d0a71caf3c773d8e45e237305d0e6a"""," ""elf.mirai"""," ""Katana"""," ""100""",2026-10-03 12:46:34," """"","Mirai"""
"""a96a70bacff9900918d254ec9b369047a200d51d528be268c9e2155dffb34097"""," ""elf.mirai"""," ""Katana"""," ""95""",2026-10-03 12:46:33," """"",exe
"""baadd46ca9e295ff616dd13825e2405981727ab333d5fde59814ee8f2744969e"""," ""elf.mirai"""," ""Katana"""," ""100""",2026-10-03 12:46:32," """"","Mirai"""
"""bd08f67afdeff78db1fb6421d92e98d75020019e39dbed867a038e0f82d2cc1c"""," ""elf.mirai"""," ""Katana"""," ""100""",2026-10-03 12:46:31," """"","Mirai"""
"""ba4702a586423e508da644eac65f17dc7096fdf97231d571aa81b2915225ffe3"""," ""elf.mirai"""," ""Katana"""," ""100""",2026-10-03 12:46:29," """"","Mirai"""
"""a6e01966f86d7bd03d8b68552ca8051cc3c5e541480ecbf243e6943c99c2b752"""," ""elf.mirai"""," ""Katana"""," ""100""",2026-10-03 12:46:28," """"","Mirai"""
"""d97782cbbe27b84e57e235673707f5914e8c36f8dcb84cea4d817e877828d9a4"""," ""elf.mirai"""," ""Katana"""," ""100""",2026-10-03 11:47:18," """"","Mirai"""
"""dca9512635d165260fe200e5cc8d0644676a6276e1e043766a4777449a8bab67"""," ""elf.mirai"""," ""Katana"""," ""95""",2026-10-03 11:47:17," """"",exe
"""5a18581269a2765d6772d1e483bd5abacc1e3112edf53e0be6432981010c33f6"""," ""win.coinminer"""," ""None"""," ""95""",2026-10-03 11:47:16," """"","exe"""
"""277976fca3a0aec1f4bcd1c283190db2395d5a089b742fd7571fcd55e893f71b"""," ""elf.mirai"""," ""Katana"""," ""95""",2026-10-03 11:47:16," """"",exe
"""30ab825ad65ce8ecdc4c3ffaf0d5eb4515514967b222a7f4432f2b58b937cd28"""," ""elf.mirai"""," ""Katana"""," ""95""",2026-10-03 11:47:14," """"",exe
"""9a8a4a6b3fddb1f9610a62163495293df8f3625bb2b92ed2c43c3f100908fac0"""," ""win.coinminer"""," ""None"""," ""100""",2026-10-03 11:47:13," """"",dropped-by-OffLoader
"""079773c24b5ec1a11017b52b079b0620b475d8c78bc03310f5a94dcf0c97b869"""," ""elf.mirai"""," ""Katana"""," ""95""",2026-10-03 11:47:12," """"",exe
"""d59b4af4b28f7afdf09b74283360075f07d82f56fd91d0f66870e914c06886a6"""," ""elf.mirai"""," ""Katana"""," ""95""",2026-10-03 11:47:11," """"",elf
"""30a54c5d4d00be4db4680023b2da1fb3097166c8877abf6aef1e869fe815cb6b"""," ""elf.mirai"""," ""Katana"""," ""95""",2026-10-03 11:47:10," """"",exe
"""ff796c0acf25b52596e1905b8d4eda4a5023b2e1bc25c6fbd038e27ec3b56bd1"""," ""elf.mirai"""," ""Katana"""," ""95""",2026-10-03 11:47:09," """"",exe
"""f28dafd23533bff77ff9f1efa67b1e26224b4022610b9226c0d6b6045ee30b4d"""," ""elf.mirai"""," ""Katana"""," ""95""",2026-10-03 11:47:08," """"",exe
"""cfe2781d3f48ed81d10f2af8817042f3e91c8613d3cf4a4aa563eb090dbb9d49"""," ""elf.mirai"""," ""Katana"""," ""95""",2026-10-03 11:47:07," """"",exe
"""6acab779f3470dc96c49c5b5ed08f977611c93d65db45b3e806a21ea3a3f5286"""," ""elf.mirai"""," ""Katana"""," ""95""",2026-10-03 11:47:07," """"",exe
"""d20f7f227a0ad614049787f56a978f75ba4346df240e486933d57e14d7117c13"""," ""elf.mirai"""," ""Katana"""," ""95""",2026-10-03 11:47:06," """"",exe
"""c168e445b4e113ba3b06ff469a5006c415f16e9568938358dd4d15583a87b84f"""," ""elf.mirai"""," ""Katana"""," ""95""",2026-10-03 11:47:05," """"",exe
"""30cd9a7ab6c64811b2816d89b28627e70348c7eb2cb488571f70c242221cbd25"""," ""elf.snowlight"""," ""None"""," ""95""",2026-10-03 11:47:04," """"","SNOWLIGHT"""
"""7e9a7d470aaad74302dc7c2f50391c8c420ed91cb2e1e22bba260c12e2f210bf"""," ""elf.mirai"""," ""Katana"""," ""95""",2026-10-03 11:47:03," """"",Mirai
"""bc62edde99bc7786bf8291ac7134adf0519a91ea9ed3c9a6441a3d36931f98aa"""," ""elf.mirai"""," ""Katana"""," ""100""",2026-10-03 11:47:02," """"","Mirai"""
"""255d137f26d17efcd5f9d0185e7bd7f6779226c6b33782951ec90ab644641038"""," ""elf.mirai"""," ""Katana"""," ""100""",2026-10-03 11:47:00," """"",Gafgyt
"""c48b9da4bb3dfb7ac5c3a753b6e0f17529227675e58d01b83296eb2098690c44"""," ""elf.mirai"""," ""Katana"""," ""100""",2026-10-03 11:46:59," """"",Mirai
"""c033b36f096237eabb3a6aab015d8c6e881cbc1921e8cba46a8aba1c5c1ae521"""," ""elf.mirai"""," ""Katana"""," ""100""",2026-10-03 11:46:58," """"","Mirai"""
"""f3a8146a7d063e8895246c1f16c82ab51809cb7d513fc1093ffb12e039666808"""," ""elf.mirai"""," ""Katana"""," ""100""",2026-10-03 11:46:57," """"","Mirai"""
"""9739bc0cc95daeac22e9d9d26180728e1af5594c1eb53e44285a6441b854d3f7"""," ""elf.mirai"""," ""Katana"""," ""100""",2026-10-03 11:46:56," """"","Mirai"""
"""3eb80b208d1f0072ae3c6cad0969d4f0af7e6264b7bc8010332bfa802911473d"""," ""elf.mirai"""," ""Katana"""," ""100""",2026-10-03 11:46:55," """"","Mirai"""
"""be0826d7b02fc8380b8ef9003d2e54c8602c7891c3db7b62fc6616f49244b9da"""," ""elf.mirai"""," ""Katana"""," ""100""",2026-10-03 11:46:54," """"",Mirai
"""b8c508760c9a35304b17ac4156b93ee76b6b57bb05e2426c5f9912b65ffea0bd"""," ""elf.bashlite"""," ""gayfgt",torlus,2026-10-03 11:46:53,qbot," ""100"""
"""d8a8cea14b12aa75047979f929bdf10b9003884580398c3c13d2b4fb04209410"""," ""elf.mirai"""," ""Katana"""," ""100""",2026-10-03 11:46:52," """"","Mirai"""
"""b754fed0b006adb9323a64a198ba2a968aa43712f506ecce0730d23da5765fe6"""," ""elf.mirai"""," ""Katana"""," ""100""",2026-10-03 11:46:51," """"",Mirai
"""5e498ae0150dd08757a7d9252d2a2f0b74f324d6c7b4e46b6794782ba7d8a9f4"""," ""elf.mirai"""," ""Katana"""," ""100""",2026-10-03 11:46:50," """"",Mirai
"""34f8ea48f1404199b7444b4b8feadb77a87513c840ce64aa4cba36f844acd701"""," ""elf.mirai"""," ""Katana"""," ""100""",2026-10-03 11:46:49," """"","Mirai"""
"""154d5729d26ae38ff37e7d1463a019d259da7c0f9a37e4482333e1e686ebe39e"""," ""elf.mirai"""," ""Katana"""," ""100""",2026-10-03 11:46:48," """"","Mirai"""
"""fbd942e212f8788180dffcf461236ea34f69da34f085693e18be7bb8bf3f9694"""," ""elf.mirai"""," ""Katana"""," ""100""",2026-10-03 11:46:46," """"",Mirai
"""9f43b059bc12968b9242c9ee9175f3434f7e5569289877a2198178e572d13665"""," ""elf.mirai"""," ""Katana"""," ""100""",2026-10-03 11:46:45," """"","Mirai"""
"""6acfc0ba1b79c8b1fb5bf42da696453485b069459f9d3de4e80617efbad88200"""," ""elf.mirai"""," ""Katana"""," ""100""",2026-10-03 11:46:45," """"","Mirai"""
"""42632385fc419e7492bc6ea22406b93844261fb7119be9681187fd2c46612192"""," ""elf.mirai"""," ""Katana"""," ""100""",2026-10-03 11:46:43," """"","Mirai"""
"""5c8b631173fb1e60c3435613ac2620aa4e62fd10fb2f95ac07bb753d3355867b"""," ""elf.mirai"""," ""Katana"""," ""100""",2026-10-03 11:46:42," """"","Mirai"""
"""5f8849d726446a436c7d56709246a2981039840a8222b362ff6ad3c55df2f878"""," ""win.purelogs"""," ""None"""," ""100""",2026-10-03 11:46:41," """"",PureLogsStealer
"""b9dbfe6ba4f333c82f877fae8dee2b4dbb9931d90c04adcd67503198a6444ae1"""," ""elf.mirai"""," ""Katana"""," ""100""",2026-10-03 11:46:40," """"","Mirai"""
"""c17d95623feaaa531ffe295b7a6977230bb0546a45e8699230f6db82c729ef78"""," ""elf.mirai"""," ""Katana"""," ""100""",2026-10-03 11:46:39," """"","Mirai"""
"""64b70e287e2f7745b90e94f5b2fe48ddacfaeaa71b4b4db0168327bac9c461f6"""," ""elf.mirai"""," ""Katana"""," ""100""",2026-10-03 11:46:38," """"",Mirai
"""a1200fa2f0d2b3f4fa3fd9625a31b5c8c8613a0d8b9ddb94f0d574a4bef9c0db"""," ""elf.mirai"""," ""Katana"""," ""100""",2026-10-03 11:46:36," """"",Mirai
"""8c4e740dc79ca4c99e67d3ccf030a1ce18803fcc30d49481de27fd27a8f2d983"""," ""elf.mirai"""," ""Katana"""," ""100""",2026-10-03 11:46:35," """"","Mirai"""
"""ccc3cd3605d7c033a1c17030e047bcafd0f33cac1cc9276740c46dc4228f2070"""," ""elf.mirai"""," ""Katana"""," ""100""",2026-10-03 10:46:51," """"","Mirai"""
"""226d5f0493530a890fe642db959232b63ba8b7be48ea94a65cc68f8437b10ae5"""," ""elf.mirai"""," ""Katana"""," ""100""",2026-10-03 10:46:50," """"",Mirai
"""744a5384a8bc1749ec3d656c2a123410b336894c771dcc37d8e744e352f6c647"""," ""elf.mirai"""," ""Katana"""," ""100""",2026-10-03 10:46:49," """"","Mirai"""
"""d835a7b69e2a5554b9390fbc03fe175f47e0c47b64dcce8b1bf5ca6fc6d9c134"""," ""elf.mirai"""," ""Katana"""," ""100""",2026-10-03 10:46:48," """"","Mirai"""
"""78a57de8eb7d70af3d44dda3ea3fc11ed44879d34db45fb8c22211b852398763"""," ""elf.mirai"""," ""Katana"""," ""100""",2026-10-03 10:46:47," """"","Mirai"""
"""580ffce9b7b58f51cc4db2973f83300e79ee67583f59a96ebdbb4cc0c65710fb"""," ""elf.mirai"""," ""Katana"""," ""100""",2026-10-03 10:46:46," """"","Mirai"""
"""1494e1fbe094a19ccf07ed68425128e124e48852c496ef1f9c2e380c06140c35"""," ""elf.mirai"""," ""Katana"""," ""100""",2026-10-03 10:46:46," """"","Mirai"""
"""81ea2a392b6d71c7cd381f48ebffb992457a1d3897d1484a3fd7823f2e9f69a3"""," ""elf.mirai"""," ""Katana"""," ""100""",2026-10-03 10:46:45," """"","Mirai"""
"""ab434585775518b79d589ee36a56eafc9a83c81e9bd4fb5c8b5cb9939220ecd4"""," ""elf.mirai"""," ""Katana"""," ""100""",2026-10-03 10:46:44," """"","Mirai"""
"""02c7c8ec40b82738e76147ce4491ccaa6486899797384e07420269e7d69cbc10"""," ""elf.mirai"""," ""Katana"""," ""100""",2026-10-03 10:46:43," """"","Mirai"""
"""de83746bf75a7dbdad061ec4b82e9c403eec44b1441cc4b207ddbe21cd787575"""," ""elf.mirai"""," ""Katana"""," ""100""",2026-10-03 10:46:42," """"","Mirai"""
"""286fe92a07c436d799a411a447e519ef53b557f5819dabde14bf7774780ea7a6"""," ""elf.mirai"""," ""Katana"""," ""100""",2026-10-03 10:46:41," """"","Mirai"""
"""ef42e6fd238baa990731f2ab20d130c489c1689588c5842713f28b4e90724019"""," ""elf.mirai"""," ""Katana"""," ""100""",2026-10-03 10:46:40," """"",Mirai
"""f46e36db293f62f037e5442b11868018c2d82ee028b8c8b63cbf4bcad977fea3"""," ""elf.mirai"""," ""Katana"""," ""100""",2026-10-03 10:46:39," """"",Mirai
"""f7912f131a404a0339630246ba5070594d5271e3153f3dc9afe6a8a685c9020e"""," ""elf.mirai"""," ""Katana"""," ""100""",2026-10-03 10:46:38," """"","Mirai"""
"""459aeb312e7e083130ad6983dfd27cedcc0e73a46d55383a6bddbd1dbb2bec9a"""," ""elf.mirai"""," ""Katana"""," ""100""",2026-10-03 10:46:37," """"",Mirai
"""a72bef426080975468dc686c7bc44cc99d3574ab626382632921dc48366cf107"""," ""elf.mirai"""," ""Katana"""," ""100""",2026-10-03 10:46:36," """"","Mirai"""
"""cc7bcbeed4c561774c6f2a8f38fcdbe465ac8a6c3670001d8286dd290ed0ece0"""," ""elf.mirai"""," ""Katana"""," ""100""",2026-10-03 10:46:35," """"",Mirai
"""256d9258446c2210d6778eb0a9f50b755b9af1cc33c8ad060376ca5a6e679582"""," ""elf.mirai"""," ""Katana"""," ""100""",2026-10-03 10:46:34," """"","Mirai"""
"""7780fb81a5342b747a9796b6ba6a401c0259faad077cf9ca739ef70e14e75c7c"""," ""elf.mirai"""," ""Katana"""," ""100""",2026-10-03 10:46:33," """"",Mirai
"""e0f7f947bcbb8290bf676d0d8a8b9be4dc2821c3ab31c1badfb34501421948ed"""," ""elf.mirai"""," ""Katana"""," ""100""",2026-10-03 10:46:32," """"",Mirai
"""4d35ad8f8b1efe08c0b1a30acae6cd66bcad1cb83d107d903492b36d1137f055"""," ""elf.mirai"""," ""Katana"""," ""100""",2026-10-03 10:46:31," """"",Mirai
"""fadfccf7b3fe8a8fce5680981323c3fd6125526d3ebbcaeccbd13879ace0111c"""," ""elf.mirai"""," ""Katana"""," ""100""",2026-10-03 10:46:30," """"","Mirai"""
"""e30b557c9621436b70441106311009ffc2e3939798253ee2f0d137048e21cc36"""," ""elf.mirai"""," ""Katana"""," ""100""",2026-10-03 10:46:30," """"",Mirai
"""77538963181372af124b31b06ff05a449aadadbacf93d22f9dad46e1abf7018b"""," ""elf.mirai"""," ""Katana"""," ""100""",2026-10-03 10:46:28," """"","Mirai"""
"""319d22bb12c6f7100524cd4ec6ed25b8ed89b64e166fbac10023c81c627ec008"""," ""elf.mirai"""," ""Katana"""," ""100""",2026-10-03 10:46:28," """"",Mirai
"""ac270f9906aed56329dd280021bd209068a3bc97f3a2c255b3f71d208a7b576c"""," ""elf.mirai"""," ""Katana"""," ""100""",2026-10-03 10:46:27," """"","Mirai"""
"""76fc3352f925411aaed817a6e00d4e3c467d2765f533966560693bc7dc3f8e11"""," ""elf.mirai"""," ""Katana"""," ""100""",2026-10-03 10:46:25," """"","Mirai"""
"""21fb6adbb5cd5708c4f3f1ade78ae08b7754e31f2952386fe1f5fabd53be458a"""," ""elf.mirai"""," ""Katana"""," ""100""",2026-10-03 10:46:24," """"",Mirai
"""27f06e0d5c08b66a9c3ae1ca7c0629d8e20f9489bf4e1463481b6c9d5fdb27ee"""," ""elf.mirai"""," ""Katana"""," ""100""",2026-10-03 10:46:23," """"",Mirai
"""f0e2a26621a6489c2bbdeebf30a87f96464bfd5e953b52710ba4e9285d79d004"""," ""elf.mirai"""," ""Katana"""," ""100""",2026-10-03 10:46:23," """"","Mirai"""
"""96f7c5a4774691e2397617d90eeb27eddb0dd5b2b5b5ab44167ac948d135bbc9"""," ""elf.mirai"""," ""Katana"""," ""100""",2026-10-03 10:46:21," """"",Mirai
"""43c1e711ee342b8e299e534a693a78bc794f69e7c9fac8bb922b83ddf1e70714"""," ""elf.mirai"""," ""Katana"""," ""100""",2026-10-03 10:46:20," """"","Mirai"""
"""e7f5644ab6c3fe20eb4d70cb35e99848480e99cd3ef9fe9275ef1cd68def15ae"""," ""elf.mirai"""," ""Katana"""," ""100""",2026-10-03 10:46:19," """"",elf
"""93ad001ca5182100bbfca7140863fad0e18e8022c9f162d2c7aeaf524c59871e"""," ""elf.mirai"""," ""Katana"""," ""100""",2026-10-03 10:46:18," """"","Mirai"""
"""896f63d1435cd22055e0e9c1d240fb51291d8e870ce4e1df89c2922ffdd713ff"""," ""elf.mirai"""," ""Katana"""," ""100""",2026-10-03 10:46:17," """"",Mirai
"""9d7b93ba19385d888464df216ccaaf0155efbba4ebbc119167d1a13b9e1eaf0b"""," ""elf.mirai"""," ""Katana"""," ""100""",2026-10-03 10:46:16," """"",Mirai
"""8bbb53d655eb35aa458ad114ba407ebced834a4ce99ad1160901c3dc427bfb77"""," ""elf.mirai"""," ""Katana"""," ""100""",2026-10-03 10:46:15," """"",Mirai
"""69a491b3693ffef078bb4f0683e2291a15185b349316b15c6f3d532b19ba1fa8"""," ""elf.mirai"""," ""Katana"""," ""100""",2026-10-03 10:46:14," """"",Mirai
"""769e41dc93924d70598cca568ef47b041d1c2dbc3050816c65b9f9dc436544de"""," ""elf.mirai"""," ""Katana"""," ""100""",2026-10-03 10:46:13," """"","Mirai"""
"""01a12e473d3e700644aa0a808f5d655033db4c4cbcbdadb839741c7aafab9042"""," ""elf.mirai"""," ""Katana"""," ""100""",2026-10-03 10:46:11," """"","Mirai"""
"""18dadd1b55c9e3220baa3935092f7ce53dc65f6040656428654bb3e32dc8e59e"""," ""elf.mirai"""," ""Katana"""," ""100""",2026-10-03 10:46:10," """"","Mirai"""
"""0570441fac0187878def0a69f20ca5a03c4717d9a303cc9a73dbf03772387024"""," ""osx.amos"""," ""Atomic macOS Stealer"""," ""100""",2026-10-03 10:41:37," """"",ClickFix
"""b29e05e2b67f61eef7c626fbaa74feca8aeea9e452c4e1d78bab6c87640d2599"""," ""osx.amos"""," ""Atomic macOS Stealer"""," ""100""",2026-10-03 10:41:36," """"",ClickFix
"""2cd616cd81250a1a91d2072f4e8d231030192ec66f6e96b06b654596852990cc"""," ""elf.mirai"""," ""Katana"""," ""100""",2026-10-03 09:46:45," """"",Mirai
"""78971ceff2cb381ab57eb47dcee72fb4d4932b875f6817d52c356c2db72aaa7f"""," ""elf.mirai"""," ""Katana"""," ""100""",2026-10-03 09:46:44," """"","Mirai"""
"""c2cf2c3930067406b2dbf45b6c7ea112c5d47f8234ca4d498cee13f1c115a35e"""," ""elf.mirai"""," ""Katana"""," ""100""",2026-10-03 09:46:43," """"","Mirai"""
"""b3e8b3356fcef5ddcc8d17201929fb417a4a3a74bd242ab8bd19dfea2fc3e616"""," ""elf.mirai"""," ""Katana"""," ""100""",2026-10-03 09:46:42," """"","Mirai"""
"""db8339ec6c48fc10bce1f6422f348e51a5d1159c4a9eacc38ba75bb411e38426"""," ""elf.mirai"""," ""Katana"""," ""100""",2026-10-03 09:46:42," """"","Mirai"""
"""d6d6faee4d69370ea3332915fb028fa1f40ac4dc04efacd5ca7ba632b709b8c0"""," ""elf.mirai"""," ""Katana"""," ""100""",2026-10-03 09:46:41," """"",Mirai
"""6dd4c220510b1bd8294bb1fc9f1ab1255de175c9abaf6e5ebb5dc6eff86b5e0f"""," ""elf.mirai"""," ""Katana"""," ""100""",2026-10-03 09:46:40," """"","Mirai"""
"""abbeaa41254ac515bb1c2218485f5f6339cdfc83796ca31e260935e81373fd06"""," ""elf.mirai"""," ""Katana"""," ""100""",2026-10-03 09:46:39," """"","Mirai"""
"""1050eb1b82a86a483cb9a671ea92978f3faef1e0b9977255a39aa84b91746fab"""," ""elf.mirai"""," ""Katana"""," ""100""",2026-10-03 09:46:38," """"",Mirai
"""5e4e09d652f233e7d7054dc338f26029bc920e199534c23006ec341015e01e61"""," ""elf.mirai"""," ""Katana"""," ""100""",2026-10-03 09:46:37," """"","Mirai"""
"""477c66e0e4a9353c29d5aa3b5d750ffabee1a65496401f4303b9b874c13e6ce5"""," ""elf.mirai"""," ""Katana"""," ""100""",2026-10-03 09:46:36," """"","Mirai"""
"""abb35bba1a8a5e7ce0d05ebf670c2cee43b6716bea4681eef6103a6add9727a8"""," ""elf.mirai"""," ""Katana"""," ""100""",2026-10-03 09:46:35," """"","Mirai"""
"""40de327ef1175afe1591123ffc9a245aa4a4d75af8a743b117fc73c7a1d1891f"""," ""elf.mirai"""," ""Katana"""," ""100""",2026-10-03 09:46:34," """"",Mirai
"""0dd39fd5a0b389fc05abe442df584bf14a80bc6c52d8e27312c4237f120fd4f6"""," ""elf.mirai"""," ""Katana"""," ""100""",2026-10-03 09:46:33," """"",Gafgyt
"""dc64ab788960a45efdf4d0db302f7824e6d35c0f28f68ad6142d1a149da5779c"""," ""elf.mirai"""," ""Katana"""," ""100""",2026-10-03 09:46:32," """"",Mirai
"""5a30c83ed08e30dc731903c569853e8666e4f454b1a52273b03efa1eca7788a6"""," ""elf.mirai"""," ""Katana"""," ""100""",2026-10-03 09:46:31," """"","Mirai"""
"""3424504bf416e75370e746568ea1ee15636f5008c4d8044b2bc4d9846fbdb2b0"""," ""elf.mirai"""," ""Katana"""," ""100""",2026-10-03 09:46:30," """"","Mirai"""
"""4ad494ac04aa0969ab8deb6ff8bbe936f9471ff38f505e2c2808a0b5e8af848c"""," ""elf.mirai"""," ""Katana"""," ""100""",2026-10-03 09:46:28," """"","Mirai"""
"""d1cac82f44b54b0fd244a9e4122811e9ae108a197c7a65a20fd2e7552683e68e"""," ""elf.prometei"""," ""None"""," ""100""",2026-10-03 09:46:28," """"",Prometei
"""e5c80f6c934aca119a13b328b9cc6785be1e5e786b23a135eebf0acbf5ba2d78"""," ""elf.mirai"""," ""Katana"""," ""100""",2026-10-03 09:46:27," """"",Mirai
"""b1d28add138e87822668e24e78f67dab743c06d87fe4a9754f28e18ffc0031e1"""," ""elf.mirai"""," ""Katana"""," ""100""",2026-10-03 09:46:26," """"","Mirai"""
"""59035939cbb1988d8530155c6a6ee108e0296b620fa3a5edbb9cf898d0859d08"""," ""elf.mirai"""," ""Katana"""," ""100""",2026-10-03 09:46:25," """"","Mirai"""
"""d3397f855bdea91e684190e63bd42404a8d13ff69a6c0cce32877b68a9b5afe6"""," ""elf.mirai"""," ""Katana"""," ""100""",2026-10-03 09:46:24," """"",Mirai
"""95f5156abcddb7fba0f4adb0915769fbad23256ac6344c791f10fdf08a1057ba"""," ""elf.mirai"""," ""Katana"""," ""100""",2026-10-03 09:46:23," """"",Mirai
"""05eff5d8b0c88a93df28112cbf7f0d94b09f81161bc58f07f4f7804110f45a8a"""," ""elf.mirai"""," ""Katana"""," ""100""",2026-10-03 09:46:22," """"",Mirai
"""80a855cd0a2a5c9f04cf067f451981aff6cea3f3cc3e3a5377e183fa9d4b73c6"""," ""elf.mirai"""," ""Katana"""," ""100""",2026-10-03 09:46:21," """"","Mirai"""
"""407167ab7f785761b7a80175c787947a2e4faeb2b673354c9f27c2dc55f96ec2"""," ""elf.mirai"""," ""Katana"""," ""100""",2026-10-03 09:46:20," """"",Mirai
"""39e632ae0014657c8a3934da83be6e3a4466536f0463bcae6c10fde37ff1ff8a"""," ""elf.mirai"""," ""Katana"""," ""100""",2026-10-03 09:46:19," """"",Mirai
"""76c69eeb500f8652bcf82269e7415a10c9f2e3206e1ebecfdadd478fd6b527b6"""," ""elf.mirai"""," ""Katana"""," ""100""",2026-10-03 09:46:18," """"",Mirai
"""344bbdca6cc3f80f2d996398fa443c3dd7c98575b85cebc26df684ba04aa9369"""," ""elf.mirai"""," ""Katana"""," ""100""",2026-10-03 09:46:17," """"",Mirai
"""eb45cdd7b561b560f44e125299935faba28d678cdcea848f12400de975fe15b0"""," ""elf.mirai"""," ""Katana"""," ""100""",2026-10-03 09:46:16," """"",Mirai
"""f035a83212aa502e31e705f27d7a5426081a038fcf27e7d9081a739f75c44d02"""," ""elf.mirai"""," ""Katana"""," ""100""",2026-10-03 09:46:15," """"","Mirai"""
"""362ee8b988dff0f5e587091d824ae982d50634118873ac485113fe1733f517a1"""," ""elf.mirai"""," ""Katana"""," ""100""",2026-10-03 09:46:13," """"","Mirai"""
"""1f594b2a7c786c8e21781427863df63f35a5524c878ccbe34e7d33e12dd4d410"""," ""elf.mirai"""," ""Katana"""," ""90""",2026-10-03 09:46:12," """"","Mirai"""
"""904e49f31e210ade789e3cfad4ad2d3e0c20b990fb7f57001cbad8071bea6cbe"""," ""elf.mirai"""," ""Katana"""," ""100""",2026-10-03 09:46:11," """"",Mirai
"""1cd11fb93af5d77a5959b409a4f61da0575f991b0b440e63057b21a66828fd9a"""," ""elf.mirai"""," ""Katana"""," ""100""",2026-10-03 09:46:10," """"",Mirai
"""ab849c8883fdfa4fab650d3f1ae76db47d4facbaca1a5a97d1e6d6d0512961d2"""," ""elf.mirai"""," ""Katana"""," ""100""",2026-10-03 09:46:09," """"",Mirai
"""68d89ae2eeae98080cf9e643ed5f5827860bc19caac80be924c5b909a979160e"""," ""elf.mirai"""," ""Katana"""," ""100""",2026-10-03 09:46:08," """"",Mirai
"""14ffbb78059c2a98bf5d2bb1ce4b5d4949e047997a304c0dbc0e9b4f5d93f68f"""," ""elf.mirai"""," ""Katana"""," ""100""",2026-10-03 09:46:07," """"",Mirai
"""66a101aa8bcc7766a7524486594e3f0c4181ca920bee3c489384b4f9f0df88b8"""," ""elf.mirai"""," ""Katana"""," ""100""",2026-10-03 09:46:06," """"","Mirai"""
"""5ed7ca74c12e3b05eda94baa5992276b8491a305b620a6938b618447f7ffb007"""," ""elf.mirai"""," ""Katana"""," ""100""",2026-10-03 09:46:05," """"","Mirai"""
"""01804de69a8f45a6379fb5b276a89318cbda04a2f1c375cb1c247292c53d087c"""," ""elf.mirai"""," ""Katana"""," ""100""",2026-10-03 09:46:03," """"","Mirai"""
"""7fdc95667509af11c36a822e483b759007a814af3f5793f266ec33922d4ca52f"""," ""unknown_loader"""," ""None"""," ""100""",2026-10-03 09:09:10," """"",DEU
"""5548487cc85f38d863c8c68aba3f654ebb9b4d9cbad1404a0d037c0826c4d864"""," ""unknown_loader"""," ""None"""," ""100""",2026-10-03 09:09:10," """"",DEU
"""546ece6b756923c0d2a9cf21896b1fe6ce4a41ddfab3315b46a73e388f06f795"""," ""unknown_loader"""," ""None"""," ""100""",2026-10-03 09:09:10," """"",DEU
"""995b08fe31af98a54f378a77572d319ab9f0164f70d299ff2dff64ecf14f0d2f"""," ""unknown_loader"""," ""None"""," ""100""",2026-10-03 09:09:08," """"",DEU
"""5db583f496b2b77c1129d331a7701440b86e25ce701ba65f2ef5eb98615a1026"""," ""unknown_loader"""," ""None"""," ""100""",2026-10-03 09:09:08," """"",DEU
"""c5f820b23e952ca74f1224941d6e2df39a8ee059f1808c7ed580ec8603710582"""," ""unknown_loader"""," ""None"""," ""100""",2026-10-03 09:09:07," """"",DEU
"""59a9a3911aba2a37c0259523760644acde1497fb2449f8707bf9db0b4805150a"""," ""unknown_loader"""," ""None"""," ""100""",2026-10-03 09:09:06," """"",DEU
"""cc9d4b4248a8c8df6ce23831e4649908df062f4456b8e594b4c5f7ea2a9d9ebb"""," ""unknown_loader"""," ""None"""," ""100""",2026-10-03 09:09:06," """"",DEU
"""7ef7a243eab48f63583c72128ed0358c0634488f8b12a353aaa9dfb05bbb30f8"""," ""unknown_loader"""," ""None"""," ""100""",2026-10-03 09:09:05," """"",DEU
"""826d37fbdea41e57f92f22b120c77ec3892a376997f8387a6d1570cd27a63d41"""," ""unknown_loader"""," ""None"""," ""100""",2026-10-03 09:09:05," """"",DEU
"""3934e228c7afa47c26c656e0b503fb0838c275002d322b0641c20ef9fbcd00fd"""," ""unknown_loader"""," ""None"""," ""100""",2026-10-03 09:09:03," """"",DEU
"""98d4384e580b531e59db9d17d7317b1a977bb2aa2ead013ec28489f7d27a051a"""," ""elf.mirai"""," ""Katana"""," ""100""",2026-10-03 08:46:43," """"","Mirai"""
"""6eb9386b0b6c2a75fc265317b697c1d16861020edc7f8cf68b1663b361633772"""," ""elf.mirai"""," ""Katana"""," ""100""",2026-10-03 08:46:42," """"","Mirai"""
"""052a12ef967c6e69a7c2ac58dc870f157f13ef2d64a6b6e49e8c6f7100997a65"""," ""elf.mirai"""," ""Katana"""," ""100""",2026-10-03 08:46:41," """"",Mirai
"""8a2cae89d201a88f1e4a32184967328120d2c1b23e8446fba921401da052fa58"""," ""elf.mirai"""," ""Katana"""," ""100""",2026-10-03 08:46:40," """"",Mirai
"""0ee66c33554d0d449267c746ad9e7b719577e424a6e508b75d8019ca366f1118"""," ""elf.mirai"""," ""Katana"""," ""100""",2026-10-03 08:46:39," """"","Mirai"""
"""0585ac1996c03e4fc9a711e5f75df010514b058ddefdd0c6628da6a956c55273"""," ""elf.mirai"""," ""Katana"""," ""100""",2026-10-03 08:46:38," """"",Mirai
"""0ddc4406efdb5d702c8f808ce599547b1f48f0c106a126dd09f1ed2929f4cc44"""," ""elf.mirai"""," ""Katana"""," ""100""",2026-10-03 08:46:37," """"","Mirai"""
"""62c714d0d27f831abc0e68235318ddf6bfc0c2232a688869b7645381c45ade7d"""," ""elf.mirai"""," ""Katana"""," ""100""",2026-10-03 08:46:36," """"",Mirai
"""3c97579c6efeebf9516c882f8634a498573c8871eb6fa29cf8b2e5ff7f42bff9"""," ""elf.mirai"""," ""Katana"""," ""100""",2026-10-03 08:46:35," """"",Mirai
"""399ef79f1146f1f96c589d061b4c6d7b1b5bdba9b7bd679abd9b5a2653e52abf"""," ""win.vshell"""," ""None"""," ""95""",2026-10-03 08:46:34," """"","VShell"""
"""cb938eeafd41a95adefbe4711e0ed136cca6f5704b5d4727ecaf6a0933bcde42"""," ""elf.mirai"""," ""Katana"""," ""100""",2026-10-03 08:46:34," """"",Mirai
"""7269dd279c45b76a2954ade27ded8bd782cd40ca1e9229f531e7d011c143be6d"""," ""elf.mirai"""," ""Katana"""," ""100""",2026-10-03 08:46:33," """"","Mirai"""
"""a9c00f9cba415a2cd86137d9664dd37a319704588aa99d5594273bb564f31839"""," ""elf.mirai"""," ""Katana"""," ""100""",2026-10-03 08:46:32," """"","Mirai"""
"""fe0f3d4950ed27a4eb7d61555c11e5c07766b975ea834a59b2476b69b8ee9a76"""," ""elf.mirai"""," ""Katana"""," ""100""",2026-10-03 08:46:31," """"","Mirai"""
"""8ce9edf74cedf977fa6e22c2811fd5b8299ecd27fc0d80c7e15272d9b2fbba69"""," ""elf.mirai"""," ""Katana"""," ""100""",2026-10-03 08:46:30," """"","Mirai"""
"""66cd0fd624d086ab2e383eae1f97c14565e16de3d184a7e7555fe35b1d9c5d1b"""," ""elf.mirai"""," ""Katana"""," ""100""",2026-10-03 08:46:29," """"","Mirai"""
"""a53cc53df68d595bb5ceea183fc7befc25a400af4bb99d2d4eec418e6054b289"""," ""elf.mirai"""," ""Katana"""," ""100""",2026-10-03 08:46:28," """"","Mirai"""
"""1fda08c75ae792e0c5dd76761a07c3e8e939dc29ee05c72327fb8f9a26ab2b08"""," ""elf.mirai"""," ""Katana"""," ""100""",2026-10-03 08:46:27," """"","Mirai"""
"""9306bedaba887d94f7c1af4036f350a6ad4cf1228449fdb52a158691e33788b8"""," ""elf.mirai"""," ""Katana"""," ""100""",2026-10-03 08:46:26," """"","Mirai"""
"""bd18229fffc839a2b3676b3b9db3d45594ce5e38819feccab8ddf673179a4f23"""," ""elf.mirai"""," ""Katana"""," ""100""",2026-10-03 08:46:25," """"","Mirai"""
"""ab255563fc16bccc67d6773bccf431c0bdc63058d2f0dedef184b9b1c21ecd84"""," ""elf.mirai"""," ""Katana"""," ""100""",2026-10-03 08:46:24," """"","Mirai"""
"""70dce1cfed01b0cbaa7a50d2d23f44cd80621947a082c424a0c55a2e3fe48d61"""," ""elf.mirai"""," ""Katana"""," ""100""",2026-10-03 08:46:23," """"","Mirai"""
"""f8a45723a8bcd8f0858b958a9d61f38a7b657949ffe3d43038be0e7f562c24d0"""," ""elf.mirai"""," ""Katana"""," ""100""",2026-10-03 08:46:22," """"","Mirai"""
"""4c1df8578967cb249ebb3ab7998f8cb754638002e22d2bcb95bb80f7b090c437"""," ""elf.mirai"""," ""Katana"""," ""100""",2026-10-03 08:46:21," """"","Mirai"""
"""1aae60e2f9d392eb86ebd55e766e8b2eb05691b3ef4dcce4aefa47fd342e08d4"""," ""elf.mirai"""," ""Katana"""," ""95""",2026-10-03 08:46:20," """"",exe
"""7aa4efe57da57809d1ed2eab48d4def41165af50e4f1576a11ce867b237cfea8"""," ""elf.mirai"""," ""Katana"""," ""100""",2026-10-03 08:46:19," """"","Mirai"""
"""fe0d475e8a709571e0a0b3ef34850fda83ba4f12a30822e8981f31e5743356fc"""," ""elf.mirai"""," ""Katana"""," ""100""",2026-10-03 08:46:18," """"","Mirai"""
"""ed3c607d6ff72b98b54e3ddd6c2c3bd83f7ee7c432d515638b4f62773e239c1a"""," ""elf.mirai"""," ""Katana"""," ""95""",2026-10-03 08:46:17," """"","Mirai"""
"""f12d0c508734fef6f4b8076010d87ea18bb044c518633c7925dde54ae48ca018"""," ""elf.mirai"""," ""Katana"""," ""100""",2026-10-03 08:46:16," """"",Gafgyt
"""7a3399fff5242165f9b79eeb2aa859777ed77c591b3fa89569270bd7454dfa3c"""," ""elf.mirai"""," ""Katana"""," ""100""",2026-10-03 08:46:15," """"","Mirai"""
"""e33b8a648a3dc069e06a58f9fcef6da8b0aa931814576ca48eb4c7974e845b1f"""," ""elf.mirai"""," ""Katana"""," ""100""",2026-10-03 08:46:14," """"","Mirai"""
"""4892824a9316779d423c3190df9bcaa9cdbde0756eb225b7a7ad5746dc04f654"""," ""elf.mirai"""," ""Katana"""," ""95""",2026-10-03 08:46:13," """"",exe
"""33ed07b11daba8c2cbabf9fcc16c2f68b571af4a76fef6d2375e6a6bdc358e4e"""," ""elf.mirai"""," ""Katana"""," ""95""",2026-10-03 08:46:12," """"",exe
"""76ca6d3e31f366df9f45330c9129d22d1a6a09ec4d9d555fd0d840babf22f31b"""," ""elf.mirai"""," ""Katana"""," ""95""",2026-10-03 08:46:11," """"",exe
"""c8f7add1d87764c6c06d98e3235c1e0e9fb4ad27dcbf2ba14713b0e76da42862"""," ""elf.mirai"""," ""Katana"""," ""95""",2026-10-03 08:46:10," """"",exe
"""9941c63cb9c6f9ef5ef2e0496830f15d2b7b71c52146b6758397690580f05c7e"""," ""elf.mirai"""," ""Katana"""," ""95""",2026-10-03 08:46:08," """"","Mirai"""
"""800ef9ebbc5539c68e9db97b0fdc3859bb39206045a38e11768e8e7b6ce4e4c8"""," ""elf.mirai"""," ""Katana"""," ""95""",2026-10-03 08:46:07," """"",exe
"""463fc326a7815493a49ee2cf410d03d2c1695526c4754f57a89d084e06b33dd0"""," ""elf.mirai"""," ""Katana"""," ""95""",2026-10-03 08:46:06," """"",exe
"""06b771e6be6221ca2f40f3099917d9caacb8245c27d512a60fa3d5e7dc817175"""," ""elf.mirai"""," ""Katana"""," ""95""",2026-10-03 08:46:05," """"",exe
"""4bb8b380fa4377b7baddc6fee6ed312e2e3c1489825aad487f5b9c3a11919e78"""," ""elf.mirai"""," ""Katana"""," ""95""",2026-10-03 08:46:03," """"",exe
"""a2232cd0627028b5dceb4deb513f885d9dfef0fe5ef52ed9a006e9c69834031d"""," ""elf.mirai"""," ""Katana"""," ""95""",2026-10-03 08:46:02," """"",exe
"""04883181702d26da9308d3168ae679c8db60d0a7eff1fffed3b91e4e8b0301d4"""," ""elf.mirai"""," ""Katana"""," ""95""",2026-10-03 08:46:01," """"",exe
"""4b7a336edbd43624e55ac2e48829e7544f4f33cc79fdc44cde56d82feb6b36af"""," ""osx.amos"""," ""Atomic macOS Stealer"""," ""100""",2026-10-03 08:32:31," """"",ClickFix
"""4453988952adb25eb10050cd363c8c2652f49e91d7bed9505033ed1076aab354"""," ""osx.amos"""," ""Atomic macOS Stealer"""," ""100""",2026-10-03 08:32:31," """"",ClickFix
"""5981eeb3cacfbd2e50b63c7f1db9c839b4f7f1c89099fd7c910d338afb06708a"""," ""unknown"""," ""None"""," ""75""",2026-10-03 08:32:31," ""2026-10-03 08:19:26""",ClickFix
"""1f32bc74b1f8285595d0ac7ae6f531b0a6cfb23a36d709b5f2639e547691f422"""," ""unknown"""," ""None"""," ""75""",2026-10-03 08:32:30," ""2026-10-03 08:19:27""",ClickFix
"""c485a0568220d74661573f03f4cb4dff591499b9fbcbf67778d0f9844ea12b02"""," ""unknown"""," ""None"""," ""75""",2026-10-03 08:32:30," ""2026-10-03 08:19:27""",ClickFix
"""56fb75646647776747bdcb1218c72e773b8deac7f1de24a0781351b2c67815ce"""," ""unknown"""," ""None"""," ""75""",2026-10-03 08:32:30," ""2026-10-03 08:19:27""",ClickFix
"""3b8324910141d13f41c1569ba0c8628fc51776ee0e8d03ed7dd03dc5d2bb9915"""," ""unknown"""," ""None"""," ""75""",2026-10-03 08:32:29," ""2026-10-03 08:19:27""",ClickFix
"""2d65275fc450ee85d46cc235ecade6f50b40244185b612726f5b5b3ab35d2583"""," ""unknown"""," ""None"""," ""75""",2026-10-03 08:32:28," ""2026-10-03 08:19:27""",ClickFix
"""beb8d114a0c2207b22a3d2e79159d1ac4de277cbea66b0a1a238cfef647957cb"""," ""unknown"""," ""None"""," ""75""",2026-10-03 08:32:28," ""2026-10-03 08:19:28""",ClickFix
"""c33a437526a565103fe8148160130546fc73896148be7726d35795914395d6bf"""," ""osx.amos"""," ""Atomic macOS Stealer"""," ""100""",2026-10-03 08:32:27," """"",ClickFix
"""947a1689994744cc4166559895431bc60423dad6624062c97032cc7b67ba9f49"""," ""elf.mirai"""," ""Katana"""," ""95""",2026-10-03 07:46:53," """"",exe
"""0e3f4c846181031a64b8d820e8b163d2b5acc982ab6290f062baa2a955ddeaaa"""," ""elf.mirai"""," ""Katana"""," ""95""",2026-10-03 07:46:52," """"",exe
"""dfcfa81660a11bccc54d1c53adf025795e7473d51df00f38d42a635d04a29cfc"""," ""elf.mirai"""," ""Katana"""," ""95""",2026-10-03 07:46:51," """"",exe
"""dbe81fa3a95ba2f6f882d673695f0b6d1ed6b26bd6dfdbd3126bdb3d0fd258aa"""," ""elf.mirai"""," ""Katana"""," ""95""",2026-10-03 07:46:50," """"",exe
"""c5ea4ebdb8d91b1971eae240a23de81e73ec11b8a0740cda6797e978fdacd685"""," ""elf.mirai"""," ""Katana"""," ""95""",2026-10-03 07:46:49," """"",Gafgyt
"""52eab3b8a7fc2f62dd67068419b87b871fc2d77b947ab3228fc4f016a4543d11"""," ""elf.mirai"""," ""Katana"""," ""95""",2026-10-03 07:46:48," """"",exe
"""481f06563e0e63e5046ccb4549624e0df00ad8d80eb9a2b59d4af97bf6cd1412"""," ""elf.mirai"""," ""Katana"""," ""95""",2026-10-03 07:46:47," """"",exe
"""2aaccd0b1543ca0f72a3f676fd4ae4bbb517dcd5a7296537cab16ec74207fc30"""," ""elf.mirai"""," ""Katana"""," ""95""",2026-10-03 07:46:46," """"",exe
"""d5c2f5793b58bd164b7ea76e71f18808cd554d77bb404c5012eea65276d8dabb"""," ""elf.mirai"""," ""Katana"""," ""95""",2026-10-03 07:46:45," """"",exe
"""b8b002ca4cd94868e1500ba1730fcb4be4d270672545c28c340decf0e088af89"""," ""elf.mirai"""," ""Katana"""," ""95""",2026-10-03 07:46:44," """"",exe
"""8fe44ef4b92a710ebdea792a18a060230d85f8b010f2b26dba972515f5bc407f"""," ""elf.mirai"""," ""Katana"""," ""95""",2026-10-03 07:46:43," """"",exe
"""1c7df6430643164ca8a0b2f36ff5cc2b27ee88ef4132b0f62160fe523c91c383"""," ""elf.mirai"""," ""Katana"""," ""95""",2026-10-03 07:46:42," """"","Mirai"""
"""04dde07efaec2e504ef093bbd1592c651881ce52089543e0f24e2a529a1e01ef"""," ""elf.mirai"""," ""Katana"""," ""95""",2026-10-03 07:46:41," """"",exe
"""10475cf18318aac4e15a3482872c9ed131d6c0ce144975602d5052781bb925a7"""," ""elf.mirai"""," ""Katana"""," ""95""",2026-10-03 07:46:40," """"",Mirai
"""f0765c67ba0cd814034113bce666ec27034afd6c66ee8ca559116b74232554f6"""," ""win.santa_stealer"""," ""None"""," ""90""",2026-10-03 07:46:40," """"",SantaStealer
"""e5f9cf89459a82e09b351021a182b41463feed3439cf775e76a988970c98b937"""," ""elf.mirai"""," ""Katana"""," ""95""",2026-10-03 07:46:39," """"","Mirai"""
"""29345fe5b761f6f878007d92e89ebe6f4e2ff393325fa737176b322236be5d90"""," ""elf.mirai"""," ""Katana"""," ""100""",2026-10-03 07:46:38," """"",Mirai
"""868f488e14977501dfaa44e04905b3f49dd7f6ae9fa8467ba15b29226ef382d0"""," ""elf.mirai"""," ""Katana"""," ""95""",2026-10-03 07:46:37," """"","Mirai"""
"""57fc8376fbece59eb4cafb600c724f5eb882c283d887e1aa079792dbb6f86587"""," ""elf.mirai"""," ""Katana"""," ""100""",2026-10-03 07:46:36," """"","Mirai"""
"""17376fb3abc1b6d956cb83c7392d96c8fd086a45951f52364eb510c3b3bfb7f4"""," ""elf.mirai"""," ""Katana"""," ""100""",2026-10-03 07:46:35," """"","Mirai"""
"""5436672ff7a22fe7c7f83348206a92828b1b33e5c89bcb884a727a7d32aee040"""," ""elf.mirai"""," ""Katana"""," ""100""",2026-10-03 07:46:34," """"","Mirai"""
"""9cd29e23b1fb86289fa26b6bd471f11f2d414df52be1ad6f630c657e99c75e11"""," ""elf.mirai"""," ""Katana"""," ""100""",2026-10-03 07:46:33," """"","Mirai"""
"""974962f131e5971d729a166d93f7b720b47724eef1bb6ab20b1145b35f9d4b93"""," ""elf.mirai"""," ""Katana"""," ""100""",2026-10-03 07:46:32," """"","Mirai"""
"""2eaa6f14174679b1b58fec69cde64c1c8b5fdde0478b5d5e9535ae3450943eca"""," ""elf.mirai"""," ""Katana"""," ""100""",2026-10-03 07:46:31," """"","Mirai"""
"""28b0bd59072f8fbd9c9c460dcf066921b6e228d64fd1d0aea78d51a931edf719"""," ""elf.bashlite"""," ""gayfgt",torlus,2026-10-03 07:46:30,qbot," ""100"""
"""194a7312e15bcb554afd95892718789be4012efd7cfb8d00b24882a910a2a9a5"""," ""elf.bashlite"""," ""gayfgt",torlus,2026-10-03 07:46:29,qbot," ""100"""
"""4fc97f256de9e479b9befc4de3afa6a9236672605f3215e37869ae173fb6b281"""," ""elf.bashlite"""," ""gayfgt",torlus,2026-10-03 07:46:28,qbot," ""100"""
"""05c3bbb7cadedbfb94a6b3f8f3ead70b341e29c9e49e9ec3733761141051f447"""," ""elf.mirai"""," ""Katana"""," ""100""",2026-10-03 07:46:27," """"","Mirai"""
"""9ce6baace15dff75745ab8028f5d49dcc18082e7110dc035fa20328a4d2c935c"""," ""elf.mirai"""," ""Katana"""," ""100""",2026-10-03 07:46:25," """"",Mirai
"""c27cc06efd48dc2d6bcbe8153f5ee23574a85f0a87878f579929c50dcbd32f2a"""," ""elf.mirai"""," ""Katana"""," ""100""",2026-10-03 07:46:24," """"",Mirai
"""acf2825edd91314e55eab3806067b61a6f3a952aaf6f62d61d994ac94da78ea7"""," ""elf.mirai"""," ""Katana"""," ""100""",2026-10-03 07:46:23," """"","Mirai"""
"""f4af27bb0f0bcc102b0596a909c738fc5aa0956fed74010c0e314cac01d86323"""," ""elf.mirai"""," ""Katana"""," ""100""",2026-10-03 07:46:22," """"",Mirai
"""7b651e4f66c0bcc2befa5a981caaf7ea1180b8bb530bb1e384ba42e70f097db1"""," ""elf.mirai"""," ""Katana"""," ""100""",2026-10-03 07:46:21," """"",Mirai
"""131c71f16cb132c6258ddae86b6e21aca7c07b3cf50b1d2efb66ecb55af78fee"""," ""elf.mirai"""," ""Katana"""," ""100""",2026-10-03 07:46:20," """"",Mirai
"""e0b4452d124b20af7860b9e27fadc279c331a1641db652ad9dff5237a0c53f6b"""," ""elf.mirai"""," ""Katana"""," ""100""",2026-10-03 07:46:18," """"","Mirai"""
"""33a3d1d5027cf7c784a484b9f6aa53b008311af7a5c9a9878bfd93981b9068c5"""," ""elf.mirai"""," ""Katana"""," ""100""",2026-10-03 07:46:18," """"","Mirai"""
"""786548118dbe1d7e1eac6a7a8bb2e66426b379152d161025c3546b11c761cbe5"""," ""elf.mirai"""," ""Katana"""," ""100""",2026-10-03 07:46:16," """"",Gafgyt
"""861782bd78b9ff5dedc79d8c6c6f03f8abb1fc9a8b81e0291073637cface272b"""," ""elf.bashlite"""," ""gayfgt",torlus,2026-10-03 07:46:15,qbot," ""100"""
"""6327eb7f0e774b2be50bcc9665bfcb4a35f120c101368d4800de7e0b94827b0d"""," ""elf.mirai"""," ""Katana"""," ""100""",2026-10-03 07:46:14," """"","Mirai"""
"""34fd137b30eb3c6e9983e6d229b6ac7a5700a29f2a62a9114622ccb773fc94ef"""," ""elf.bashlite"""," ""gayfgt",torlus,2026-10-03 07:46:13,qbot," ""100"""
"""976e3772ffea7499f7c119e956a5a71806f8f054caf174978fa888b254dd22a0"""," ""elf.p2pinfect"""," ""None"""," ""100""",2026-10-03 07:46:11," """"",P2Pinfect
"""07fe77bfc9a7471d905aa46794dea97ecde0f3b1c167fce78eb79700245d0010"""," ""win.asyncrat"""," ""None"""," ""100""",2026-10-03 07:46:10," """"","exe"""
"""6730eb04edf45d590939d7ba36ca0d4f1d2f28a2692151e3c631e9f2d3612893"""," ""elf.tsunami"""," ""Muhstik"," ""Tsunami""",2026-10-03 06:47:04,"Amnesia"""," ""None"""
"""c70f20a8d2dec9cb679631b40d9f86cf050b7bef46c7f3fab67bd4db4b8dbe9b"""," ""elf.mirai"""," ""Katana"""," ""100""",2026-10-03 06:47:03," """"","Mirai"""
"""fca74b77494968bc93fff695cde2810dfeb36b4af74aaa12b46299bb48c84474"""," ""elf.mirai"""," ""Katana"""," ""100""",2026-10-03 06:47:02," """"","Mirai"""
"""68e3aa7b88fad3573778720be2f771d24b82bb5f67e92bc33be81e3811108357"""," ""elf.mirai"""," ""Katana"""," ""100""",2026-10-03 06:47:01," """"","Mirai"""
"""125d6afadc1a03bac3247c0f2a8e713ca98e3658cd5614433ecc0e61df99ae51"""," ""elf.mirai"""," ""Katana"""," ""100""",2026-10-03 06:47:00," """"","Mirai"""
"""3eddc12d4ba25b88cb0959661c4e90ffe89179c9f5cac591bdd00505536d378f"""," ""elf.mirai"""," ""Katana"""," ""100""",2026-10-03 06:46:59," """"",Mirai
"""0d2d323daed7016259c277018bd66b059e3da73fdd939d79ce7854840629b006"""," ""elf.mirai"""," ""Katana"""," ""100""",2026-10-03 06:46:58," """"",Gafgyt
"""c426a53c573f96f4c509fca91a1802890c96caa6b25c3bbc6e11869d16ffc8ec"""," ""elf.mirai"""," ""Katana"""," ""100""",2026-10-03 06:46:57," """"",Mirai
"""187d24b47fcbbd162f7d9fd79ec13aca1a61125e942382c25364d2d8823df721"""," ""elf.mirai"""," ""Katana"""," ""100""",2026-10-03 06:46:56," """"","Mirai"""
"""6ec5efb339a2245d1f851077a603fea742bddf17fb88072a6ba0281cf43b392f"""," ""elf.mirai"""," ""Katana"""," ""100""",2026-10-03 06:46:55," """"","Mirai"""
"""eb18799c60c7673c3dffef1c45f35afb8c65439490bf4086e11fba5687ec967d"""," ""elf.mirai"""," ""Katana"""," ""100""",2026-10-03 06:46:55," """"","Mirai"""
"""76750b809eeafa56c877a2b31af1fd62c05244a0cd6438aedfbc9c385c771abc"""," ""elf.mirai"""," ""Katana"""," ""100""",2026-10-03 06:46:54," """"","Mirai"""
"""1e688435e004462b2c4291ca3e691f7543d59bb83a665b6d85e3a9cecab92249"""," ""elf.mirai"""," ""Katana"""," ""100""",2026-10-03 06:46:53," """"","Mirai"""
"""d6d1c5cf52e565ce153fa23a121ef7cc242935152b9ee8ba9202aa648a6aba1c"""," ""elf.mirai"""," ""Katana"""," ""100""",2026-10-03 06:46:52," """"","Mirai"""
"""f1535de595a347a7d23b51a10cae0de73df37d8324a2200651ad36da8ff4d736"""," ""elf.mirai"""," ""Katana"""," ""100""",2026-10-03 06:46:51," """"","Mirai"""
"""92335867c2c1df7e6e032332a4250eb64e16ac54c1db0b865ce122a9f5295c06"""," ""elf.mirai"""," ""Katana"""," ""100""",2026-10-03 06:46:50," """"",Mirai
"""7873a2d6270b9eb4b775d3a95a2b358d36ce2021fb09dc50ee538ff0782b8b2b"""," ""elf.mirai"""," ""Katana"""," ""100""",2026-10-03 06:46:49," """"","Mirai"""
"""2c8dd9bd42b7a7db6fb53db2377e9b519d8f5fc144a68850b0db0c792ba08dbe"""," ""elf.mirai"""," ""Katana"""," ""100""",2026-10-03 06:46:48," """"","Mirai"""
"""84e390ae883546deeaa7c033450f93dc027502f5e50851b1642bd5c16a04586a"""," ""elf.mirai"""," ""Katana"""," ""100""",2026-10-03 06:46:47," """"","Mirai"""
"""723deb8e80ee38b5c7004f410ecc764f23382b0cd2b9e86cc87b2e013eaa8bb7"""," ""elf.mirai"""," ""Katana"""," ""100""",2026-10-03 06:46:46," """"","Mirai"""
"""1adc329ffe430f779c837756f022eb5130d540db5a3f3b1c1527c30e18fe4142"""," ""elf.mirai"""," ""Katana"""," ""100""",2026-10-03 06:46:45," """"",Mirai
"""2a9f90236cce5398627aeee81f008c36023c314ec6e213869f518f2433a76300"""," ""elf.mirai"""," ""Katana"""," ""100""",2026-10-03 06:46:43," """"","Mirai"""
"""8d56d5ba6ccafc435f5390b9c7a9fd742324011eae2d7ab2d866c1b3934f3f5f"""," ""elf.mirai"""," ""Katana"""," ""100""",2026-10-03 06:46:42," """"",Mirai
"""63fab27fb5d2ad3c62f63892d93283957ba9772a85ce8c032140ce7e3c141921"""," ""elf.mirai"""," ""Katana"""," ""100""",2026-10-03 06:46:41," """"",Mirai
"""e434a3abb158788ce59dbbddbdf463c9e33b8f2a7be1fc93374af7870b2cc309"""," ""elf.mirai"""," ""Katana"""," ""100""",2026-10-03 06:46:40," """"","Mirai"""
"""a9ba51f0fde56b9fe59dbaee6a3812631471a8d45b9f90b6aee06db927b86fb7"""," ""elf.mirai"""," ""Katana"""," ""100""",2026-10-03 06:46:39," """"","Mirai"""
"""94e2c0f81f4831a6a1eeb60b2174bec1d51039debc8e0e440cff8853551a399e"""," ""elf.mirai"""," ""Katana"""," ""100""",2026-10-03 06:46:38," """"",Mirai
"""0f731dea0d5ade4a346204d58d650eb8833a2d5958078320e4035e4d06bf4045"""," ""elf.mirai"""," ""Katana"""," ""100""",2026-10-03 06:46:37," """"","Mirai"""
"""bf54f361748f9caf7a74d68251350fa70c079cb1093ffc7704b05d9a24f185a4"""," ""elf.mirai"""," ""Katana"""," ""100""",2026-10-03 06:46:36," """"","Mirai"""
"""f2a57f46f45d9b3d98e5e76ee3c5265b53a628ee16af3654b6283a962d7ce02d"""," ""elf.mirai"""," ""Katana"""," ""100""",2026-10-03 06:46:35," """"","Mirai"""
"""75bd4df859d2767ade269c6aca4367be71e21bd0edf8c1d7f23681de09fc4112"""," ""elf.mirai"""," ""Katana"""," ""100""",2026-10-03 06:46:34," """"",Mirai
"""c150892bb38fe2a88cb73f862c5b572099949bd5cb08ce6731e419c2779f5fec"""," ""elf.mirai"""," ""Katana"""," ""100""",2026-10-03 06:46:33," """"",Mirai
"""d5c7ca1a23c1f09a7789b0962bc19c2103a5dbd18b9f4df6b6d68eb22f44d261"""," ""elf.mirai"""," ""Katana"""," ""100""",2026-10-03 06:46:32," """"",Mirai
"""32e2817aa7f00288db24e2641e32ef8fb30aa5557c6391c89c64d18629a7f653"""," ""elf.mirai"""," ""Katana"""," ""100""",2026-10-03 06:46:31," """"",Mirai
"""197790c50f16bf6b5e372ae0e406a0496c50174caf0fa3ccaebcad4c8d71d8b1"""," ""elf.mirai"""," ""Katana"""," ""100""",2026-10-03 06:46:30," """"","Mirai"""
"""65333b96309698779dd6b78fab972e9754bbef701f19d70e899353421d2be738"""," ""elf.mirai"""," ""Katana"""," ""100""",2026-10-03 06:46:29," """"","Mirai"""
"""7b46bce6515f1189593f7fbd7edb24ce2e152e0fbb6b57808515db882b331060"""," ""elf.mirai"""," ""Katana"""," ""100""",2026-10-03 06:46:28," """"","Mirai"""
"""4c67c6488798d8b18e082cd87def1f2513ecf7248167a12700bd79afdfbde8c0"""," ""elf.mirai"""," ""Katana"""," ""100""",2026-10-03 06:46:26," """"",Mirai
"""f05be81ef3b3bd033eddcadd88985efe1f441c579e3723a155cc5be3866e70b9"""," ""elf.mirai"""," ""Katana"""," ""100""",2026-10-03 06:46:26," """"",Mirai
"""0e00b13f87a3c827111e339a8389f4d84417c8e9205807d55672bf030e5d0756"""," ""elf.mirai"""," ""Katana"""," ""100""",2026-10-03 06:46:24," """"","Mirai"""
"""0e8bb412e1556aade8266d990c840a45b282c53e25da22c10693cd113781b9b1"""," ""elf.mirai"""," ""Katana"""," ""100""",2026-10-03 06:46:23," """"","Mirai"""
"""4441a3dc0d374d429465add007d13258841c8879eaf125cac2b2d1b800182142"""," ""elf.mirai"""," ""Katana"""," ""100""",2026-10-03 06:46:22," """"",Mirai
"""07283c6791efd28cba1a3b67d3741488099fdd08e0afd6a1f185cf6157a18b02"""," ""win.overlord"""," ""None"""," ""95""",2026-10-03 06:30:35," """""," ""0"""
"""d15f8b15696bf2118bf81cf9656f28a6bc6992731956f2e070ce0f033fdd2ef3"""," ""win.xworm"""," ""None"""," ""95""",2026-10-03 06:30:11," """""," ""0"""
"""049b268f6fe7dee81651ff0d3ddc72b205f465c9aba3e57e9222fe9c5eadff88"""," ""py.venus_stealer"""," ""None"""," ""95""",2026-10-03 06:30:07," """""," ""0"""
"""4d8efc4528dd2088d72c68fa693ea22a2fc5946820aab9745ed77f85fa9265d4"""," ""py.venus_stealer"""," ""None"""," ""95""",2026-10-03 06:30:05," """""," ""0"""
"""383f6b988e0571e090ae3ec4fac8ec2a35e781fb0312086d66a0900400952cd9"""," ""win.wannacryptor"""," ""Wana Decrypt0r","Wcry""",2026-10-03 06:30:04,WannaCrypt," ""False"""
"""a15002c3a3e03145f920c609116f53bbb6648348f037ce93b5abfcf88ecd1b47"""," ""osx.amos"""," ""Atomic macOS Stealer"""," ""100""",2026-10-03 06:23:13," """"",ClickFix
"""53a4760da094c67d4c1131452a8c50e619d8c9f1573904df118681b3638fece8"""," ""osx.amos"""," ""Atomic macOS Stealer"""," ""100""",2026-10-03 06:14:36," """"",ClickFix
"""e46343d8d655ef167dc73c4b78b9b52d522f4d07b5558271b0097ff4fdc80502"""," ""osx.amos"""," ""Atomic macOS Stealer"""," ""100""",2026-10-03 06:14:36," """"",ClickFix
"""752e72d6e61bfa4dcd55c6e82d429e09e798f96ca2415e2b852321edf7807b52"""," ""osx.amos"""," ""Atomic macOS Stealer"""," ""100""",2026-10-03 06:04:06," """"",ClickFix
"""b824e8f5fbd6b2875daeea68036c712fad754d3ff38d3fe62223022c066ab568"""," ""osx.amos"""," ""Atomic macOS Stealer"""," ""100""",2026-10-03 06:04:06," """"",ClickFix
"""4458ab2eb26c8c155cf530136e0a7cf1ddee41f26547a56bc093d61a83c0a382"""," ""osx.amos"""," ""Atomic macOS Stealer"""," ""100""",2026-10-03 06:04:03," """"",ClickFix
"""dc4f2d231061b28e24d4c7a85ea4904f6704059d271587f0f0c1951993be7775"""," ""osx.amos"""," ""Atomic macOS Stealer"""," ""100""",2026-10-03 06:04:02," """"",ClickFix
"""1b602dfba0ae028d6917c4ca7d66a9d3f3a56efca4f4551501ffa40bdf9aad5a"""," ""osx.amos"""," ""Atomic macOS Stealer"""," ""100""",2026-10-03 06:04:02," """"",ClickFix
"""630a1981d41c83fb56574730ca7f45b60170f34d01503136c8e52a32fb4433d5"""," ""osx.amos"""," ""Atomic macOS Stealer"""," ""100""",2026-10-03 06:04:01," """"",ClickFix
"""87628449837f593339b85a759140b7de5a37310ed6053b2b0fcb109b422644d3"""," ""osx.amos"""," ""Atomic macOS Stealer"""," ""100""",2026-10-03 06:03:56," """"",ClickFix
"""01cbe5441aa7fee7009781ab466048d25dafd085a7846bd935d15ccc9f5da574"""," ""osx.amos"""," ""Atomic macOS Stealer"""," ""100""",2026-10-03 06:03:56," """"",ClickFix
"""071479208b99692697fcf44218bd87a2571f16778b77742adce761a252d289da"""," ""osx.amos"""," ""Atomic macOS Stealer"""," ""100""",2026-10-03 06:03:55," """"",ClickFix
"""98abe82e5d5720b518f3b066dd6d4116520827ae5c3c2c853ced5c3373e63e0c"""," ""osx.amos"""," ""Atomic macOS Stealer"""," ""100""",2026-10-03 06:03:51," ""2026-10-03 04:02:45""",ClickFix
"""9e2e68af47145f57f9b82c5cc5ca3e2ecde647283e010850d8bf33613391c7c9"""," ""osx.amos"""," ""Atomic macOS Stealer"""," ""100""",2026-10-03 06:03:48," """"",ClickFix
"""d102ef1443c555253b71de42d001251da9b364ed6017850f3dba07db33800037"""," ""osx.amos"""," ""Atomic macOS Stealer"""," ""100""",2026-10-03 06:03:48," ""2026-10-03 04:43:17""",ClickFix
"""420d17c3144f5a177d5d0e2603c49cf8678185e35d12eedcb71b1c3d4e82f38e"""," ""elf.mirai"""," ""Katana"""," ""100""",2026-10-03 05:46:56," """"",Mirai
"""2865abd41c17e7c2ca709d3eb1379c1f0d131aad747f7a5ca35d1577aaa8d51e"""," ""elf.mirai"""," ""Katana"""," ""100""",2026-10-03 05:46:55," """"","Mirai"""
"""bb4aef5ae29c1af02f6461b5c6a3306168c88086a38d80c90c4f6053d44a9c21"""," ""elf.mirai"""," ""Katana"""," ""100""",2026-10-03 05:46:54," """"","Mirai"""
"""29d80f1c5ad6c643b9cd7ced479e5b581326c5e60e7a2a457de4287eebdd8aa4"""," ""elf.mirai"""," ""Katana"""," ""100""",2026-10-03 05:46:53," """"","Mirai"""
"""d0140b03aab00b5747c7bb38c3c93a760835ae54e1a4f3fe56f46e826b100e19"""," ""elf.mirai"""," ""Katana"""," ""100""",2026-10-03 05:46:52," """"","Mirai"""
"""96fea7d005d9c9bc69db0b2e9cfa63904f1010995d0aa44d2aba4a9c07d4b5cb"""," ""elf.mirai"""," ""Katana"""," ""100""",2026-10-03 05:46:51," """"",Mirai
"""fd7cc3808de64a00bd5b6d6c78d6a0355647193b1b92814a5f235bfd7ee0a8db"""," ""elf.mirai"""," ""Katana"""," ""100""",2026-10-03 05:46:50," """"","Mirai"""
"""3b841f3073ae24f2a1eb1bcb26691fb611e24ff0a362e6359cfbc6dd72293f90"""," ""elf.mirai"""," ""Katana"""," ""100""",2026-10-03 05:46:49," """"","Mirai"""
"""4936edbb482a107f8b64e4b8f1d98e83f8f422364728897b7d676eb5a9fdb383"""," ""elf.mirai"""," ""Katana"""," ""100""",2026-10-03 05:46:48," """"",Mirai
"""ce3b811ccd6e61f95475b63e7dbed1e78c5bc1835a55908c41ad67a37443fa2b"""," ""elf.mirai"""," ""Katana"""," ""100""",2026-10-03 05:46:47," """"",Mirai
"""1ab7ad748f7523ae7cfbc7ee3d535f461213edcbaf9faea0db34921a86574270"""," ""elf.mirai"""," ""Katana"""," ""100""",2026-10-03 05:46:46," """"",Mirai
"""9a69962df2b20e0686144c308a62a2a7b017e5e144e14a3b51b90751e242ced1"""," ""elf.mirai"""," ""Katana"""," ""100""",2026-10-03 05:46:45," """"","Mirai"""
"""cc29f42cbbbafc70d98d5438d9d6ade3e3a16c4c1023b521dc8443ff7c16087e"""," ""elf.mirai"""," ""Katana"""," ""100""",2026-10-03 05:46:44," """"",Mirai
"""f819a2a054b85e6d4d85cd5df2fa6682630f6afd4b7abeac159980b0e98452d4"""," ""elf.mirai"""," ""Katana"""," ""100""",2026-10-03 05:46:43," """"",elf
"""306a43e268d005d7491b1c472d3f13e66ca5551cb5714b5a48f54830f15ad0d9"""," ""elf.mirai"""," ""Katana"""," ""100""",2026-10-03 05:46:42," """"","Mirai"""
"""358853b9a5dc5fd36ffdc7cd399834888450805bfdcb6a1059302d2fcaf87bf1"""," ""elf.mirai"""," ""Katana"""," ""100""",2026-10-03 05:46:41," """"",Mirai
"""505efd801cb4b1845436a2a2e35b88ecb6933afa2703c88b6db018fa4cebb930"""," ""elf.mirai"""," ""Katana"""," ""100""",2026-10-03 05:46:40," """"","Mirai"""
"""9542c9bda95eda4878b2e1d87b6cfdca56968e496efba5a2b64eaf08f2038902"""," ""elf.mirai"""," ""Katana"""," ""100""",2026-10-03 05:46:39," """"","Mirai"""
"""dcd749a49fa92bb61be707bd0b85861dcada43a122af31be2cc10eba41920296"""," ""elf.mirai"""," ""Katana"""," ""100""",2026-10-03 05:46:38," """"","Mirai"""
"""23be3461b480e547fbdc90e5013d7538a28e7c332ce198782bd1aa57614ce1d0"""," ""elf.mirai"""," ""Katana"""," ""100""",2026-10-03 05:46:37," """"","Mirai"""
"""51e25237d9b05007d1687a8a1687507579300fef256adfbf1aeecb18d8f8ec4a"""," ""elf.mirai"""," ""Katana"""," ""100""",2026-10-03 05:46:36," """"","Mirai"""
"""de8fcf8fb26e6fffe21211674362ffdd3d92b139dc4693b00bd7d3bdb8999218"""," ""elf.mirai"""," ""Katana"""," ""100""",2026-10-03 05:46:35," """"","Mirai"""
"""a7fab01edafa0f77a756909101c915d0600f040ffb8a5f34873ad698d6f6a570"""," ""elf.mirai"""," ""Katana"""," ""100""",2026-10-03 05:46:34," """"",Mirai
"""bbae91684a013e43a0c5864ebcf6a7386abcbf381d4d2171ef02418108efe38d"""," ""elf.mirai"""," ""Katana"""," ""100""",2026-10-03 05:46:33," """"",Mirai
"""790287667ab5d0903da7bd8c66db0a62b52a9658ac55fc84a9a7210340e11829"""," ""elf.mirai"""," ""Katana"""," ""100""",2026-10-03 05:46:31," """"",Mirai
"""f0e3b2e3a2a378243c41babd98c009cca9a0b44b4f7cb4d11901589840ed19c0"""," ""elf.mirai"""," ""Katana"""," ""100""",2026-10-03 05:46:31," """"",Mirai
"""4a0ace4387ba9e7fcf894e7502d254c9a7706295d762f42e8b634497c528ec66"""," ""elf.mirai"""," ""Katana"""," ""100""",2026-10-03 05:46:29," """"",Mirai
"""50f5a60fde028cddc2eb1f64c741da00426bb4c4dfa791ffdd156b7957c81c05"""," ""elf.mirai"""," ""Katana"""," ""100""",2026-10-03 05:46:28," """"","Mirai"""
"""32a74358c369070ce49f4cf4235d2fd484f9c555b97113febc4043abe8c60683"""," ""elf.mirai"""," ""Katana"""," ""100""",2026-10-03 05:46:27," """"","Mirai"""
"""afb214847f6f45aa107e9e43e1a5ffd0ae33596e96afc829f8fde6c301f3805d"""," ""elf.mirai"""," ""Katana"""," ""100""",2026-10-03 05:46:26," """"","Mirai"""
"""d5e3b5b272e76ec71e09e8e41940d06dfa09c01a6d1ab8edab6b4c0d8257760c"""," ""elf.mirai"""," ""Katana"""," ""100""",2026-10-03 05:46:26," """"","Mirai"""
"""b57122deeb0d9a4a2d8cbff684303254b039a6dabe3e9bcb1b077378376a73cc"""," ""elf.mirai"""," ""Katana"""," ""100""",2026-10-03 05:46:25," """"",Mirai
"""30d0f4479b7223afa3e6679b6261e68685f25ef5127e00f596b946fc9518bc78"""," ""elf.mirai"""," ""Katana"""," ""100""",2026-10-03 05:46:23," """"","Mirai"""
"""0cbb3c51e6f9c2c032962a20908092831cf88be5919c3aac9ae9604b79df15aa"""," ""elf.mirai"""," ""Katana"""," ""100""",2026-10-03 05:46:22," """"",Mirai
"""b1470175f41831eca5b864dbf40f19316ba4830094c735b56328090dd4ce049d"""," ""elf.mirai"""," ""Katana"""," ""100""",2026-10-03 05:46:21," """"","Mirai"""
"""e03bb769bc46dffd140e11f4147e5dd55223da406e711197c6eb41099db8a16f"""," ""elf.mirai"""," ""Katana"""," ""100""",2026-10-03 05:46:20," """"",Mirai
"""22e34369b9be31540abc0393f57c92950452af26454c75413481efe65b84dc71"""," ""elf.mirai"""," ""Katana"""," ""100""",2026-10-03 05:46:19," """"",Mirai
"""7ed4b9e2df2ad352ac3daa5d6439beca77d5180eca901e579242b33fbcb82cd2"""," ""elf.mirai"""," ""Katana"""," ""100""",2026-10-03 05:46:17," """"",Mirai
"""fd76dc535baa6306eed8c25524dcd19b27d4b453278d4b0d3c100b2ba71a5589"""," ""elf.mirai"""," ""Katana"""," ""100""",2026-10-03 05:46:16," """"","Mirai"""
"""91bbb53706f8b4d4142e22e1ca06b8ee2078e9409d1ba23c89a5baa738150019"""," ""elf.mirai"""," ""Katana"""," ""100""",2026-10-03 05:46:15," """"","Mirai"""
"""4a604b39bfe0e8d39f57b35cbe8c208cd70c6d5d8c55381121158932593b7870"""," ""elf.mirai"""," ""Katana"""," ""100""",2026-10-03 05:46:13," """"","Mirai"""
"""8f83a9fc4806677c6e503a0eb7c2ba8a39732924234add9dc67882ccddb02831"""," ""elf.mirai"""," ""Katana"""," ""100""",2026-10-03 05:46:12," """"","Mirai"""
"""4f49e6e001ac5d606022adb8f26232894cbf970844848a9d8e7ed55231e1a8b4"""," ""elf.mirai"""," ""Katana"""," ""100""",2026-10-03 04:46:46," """"","Mirai"""
"""cd35793fbff5443d082b29e31971d9e83574a47c9b59e83591e43ca4ba38b096"""," ""elf.mirai"""," ""Katana"""," ""100""",2026-10-03 04:46:45," """"","Mirai"""
"""1826e0936569471daf6ba525700dde03a260dcb87a44e2e345d5bd6b8e828fb8"""," ""elf.mirai"""," ""Katana"""," ""100""",2026-10-03 04:46:44," """"","Mirai"""
"""b7a36c8f320a0987fc7ebb6d5bfe4276e23b3de549c48378879cac3680697aa8"""," ""elf.mirai"""," ""Katana"""," ""100""",2026-10-03 04:46:43," """"","Mirai"""
"""8cfb041f9b62afb4cca68925a58506c5dc0b8484be0cf5abed8e2403d38f1aac"""," ""elf.mirai"""," ""Katana"""," ""100""",2026-10-03 04:46:42," """"",Mirai
"""736caa657455a5880359e814570eaa55259b6db3d8ffbb2787296a01ea24771d"""," ""elf.mirai"""," ""Katana"""," ""100""",2026-10-03 04:46:41," """"",Mirai
"""03575d35449cf5637a1d2208a991d3282d5d99ac4b3dca8b4ece54e8da9320b9"""," ""elf.mirai"""," ""Katana"""," ""100""",2026-10-03 04:46:40," """"","Mirai"""
"""f400fb73a6cefe697679fcde42d1a1bbbedd9bb8f487300aa595d867aeb5216c"""," ""elf.mirai"""," ""Katana"""," ""100""",2026-10-03 04:46:39," """"",Mirai
"""6d10e468b2d515ac2a5a9113c4feb3ad06b3cd7f1df92fd94acf056c35836996"""," ""elf.mirai"""," ""Katana"""," ""100""",2026-10-03 04:46:38," """"",Mirai
"""76bbc4ad7e9fe86cc9543029e90ba78c8228a5615f2df52e3a86ce452e8eeabf"""," ""elf.mirai"""," ""Katana"""," ""100""",2026-10-03 04:46:37," """"","Mirai"""
"""dd7f432fbbfa00134e4c5e3cf29590465f9f1851a9522f364550dc21c21e2b24"""," ""elf.mirai"""," ""Katana"""," ""95""",2026-10-03 04:46:36," """"","Mirai"""
"""0ded6946467593ea48959fdb78acdbecbab61b8e19d66eef6c244e827d69286b"""," ""elf.mirai"""," ""Katana"""," ""100""",2026-10-03 04:46:35," """"","Mirai"""
"""bbbe8f578cb150ea93dc8dae245a626f9adcdabef7f10d766f8c4d69ed88c619"""," ""elf.mirai"""," ""Katana"""," ""100""",2026-10-03 04:46:35," """"","Mirai"""
"""fd3c29bffdaeeec7e462e75fcd06093f3c8a7a46e5eafc9358e82e604647d259"""," ""elf.mirai"""," ""Katana"""," ""100""",2026-10-03 04:46:34," """"","Mirai"""
"""260c68f899d55de1ca2acec4608a098e2333149c26cc40d099e8f59cdfc8420e"""," ""elf.mirai"""," ""Katana"""," ""100""",2026-10-03 04:46:32," """"",Mirai
"""f296e02a0dfe36bcd6170fb1840bbba13c8d4de61fa7140f228cc46e5c7c8287"""," ""elf.mirai"""," ""Katana"""," ""100""",2026-10-03 04:46:31," """"","Mirai"""
"""998850744eb4a74083dace47cdd3ee7c9a9e849f20b59764f8ce554db487667f"""," ""elf.mirai"""," ""Katana"""," ""100""",2026-10-03 04:46:30," """"","Mirai"""
"""5c2b1e96a3e4131e6d6b7c06d7c2ab49b4e80e4b8146442e8b7a96087c1debc0"""," ""elf.mirai"""," ""Katana"""," ""100""",2026-10-03 04:46:30," """"",Mirai
"""18b815b7fc95dc03cc978ed3bdfc52aa18c8613bbd92643310350acfed044ac1"""," ""elf.mirai"""," ""Katana"""," ""100""",2026-10-03 04:46:29," """"","Mirai"""
"""fc7325f2b827d5eae8c8efbacca7665953b0aa1bee591dd36a3d9068393344b1"""," ""elf.mirai"""," ""Katana"""," ""100""",2026-10-03 04:46:28," """"",Mirai
"""b89466bdce836e75804beb65996517aa8b4cf2dd1251eeede50a955380a6f5b7"""," ""elf.mirai"""," ""Katana"""," ""100""",2026-10-03 04:46:27," """"","Mirai"""
"""52cddeab331e78ae9afb57aa525fdba03ded8d8ef58a58f0265e4dc3a3d1c042"""," ""elf.bashlite"""," ""gayfgt",torlus,2026-10-03 04:46:26,qbot," ""100"""
"""10ce480551ee8dc865e74d5d7c9f8493c6ea2c2c178e109f98d6df468f0e7239"""," ""elf.mirai"""," ""Katana"""," ""100""",2026-10-03 04:46:24," """"",Mirai
"""0e30a1984cd4782a536abdfa12ff29def05a43a2fed7239b6ebf0f6912a13063"""," ""elf.mirai"""," ""Katana"""," ""100""",2026-10-03 04:46:23," """"",Mirai
"""71a63d77d43cb490b1a9bee381319fee5468c4337830158e698acd5d133681eb"""," ""elf.mirai"""," ""Katana"""," ""100""",2026-10-03 04:46:23," """"",Mirai
"""94eb3e7e60a010665022d1d8cd9fd38a3c9e4d08a535f4384b63b95441de2630"""," ""elf.snowlight"""," ""None"""," ""95""",2026-10-03 04:46:22," """"","SNOWLIGHT"""
"""19f929bc44a2c6adce76771cb94ea0d75e35b4c522b1f101052f8171a56c6f73"""," ""elf.mirai"""," ""Katana"""," ""100""",2026-10-03 04:46:20," """"","Mirai"""
"""2ed6eab26dc78ccccbbed93d4bbf83a53c63466031c48976ca53968eab7c4694"""," ""elf.mirai"""," ""Katana"""," ""100""",2026-10-03 04:46:19," """"","Mirai"""
"""454dfd58580a8c033c373a49efe2214eb367171ff874d9d309ba3f586789a21c"""," ""elf.mirai"""," ""Katana"""," ""100""",2026-10-03 04:46:18," """"","Mirai"""
"""149eb0387f2e80fe2ce3dd8ae5e8ff7d9609615f7758d72a84281b9877b3e7d0"""," ""elf.mirai"""," ""Katana"""," ""100""",2026-10-03 04:46:17," """"","Mirai"""
"""3f36db0edd3ef78b7c0b5025463e26fb7d7924fab5df47ef8c12839c71d061a0"""," ""elf.mirai"""," ""Katana"""," ""100""",2026-10-03 04:46:16," """"","Mirai"""
"""315b7d57c8ebcc6fb29aca562ce7c5ea7d0565556f84d35454e65a84bbe50ace"""," ""elf.mirai"""," ""Katana"""," ""100""",2026-10-03 04:46:15," """"","Mirai"""
"""0ac87fefeb4125a6b31237cae2fd98756fa5bd69d913b2fb0e5a253364a0aae8"""," ""elf.mirai"""," ""Katana"""," ""100""",2026-10-03 04:46:14," """"","Mirai"""
"""6dea295dace414dcecb4580a7882b707364cd31ea7708e4ec0643a022091b152"""," ""elf.mirai"""," ""Katana"""," ""100""",2026-10-03 04:46:12," """"","Mirai"""
"""93e279476d1e3a133a971782adca8704ae6cd7ccf8f46c1028cd172e73f75844"""," ""elf.mirai"""," ""Katana"""," ""100""",2026-10-03 04:46:12," """"","Mirai"""
"""37ead5a16a9a8630b74a38a740b71789a3c6d1a3205c4e21675cadd2af90b472"""," ""elf.mirai"""," ""Katana"""," ""100""",2026-10-03 04:46:10," """"","Mirai"""
"""84517daa21bfe24dba266bf96d17d9f6bf5ab1b8bc449a89fd77518dddbcccd8"""," ""elf.mirai"""," ""Katana"""," ""100""",2026-10-03 04:46:09," """"","Mirai"""
"""20e0b568507ba65e67672f860905880e5fea56654285f9b258675b5eae473b01"""," ""elf.mirai"""," ""Katana"""," ""95""",2026-10-03 04:46:08," """"",exe
"""392d8799aadcfd17312b892e4475aae00276a9c28607a1b7721ee0b057812d22"""," ""elf.mirai"""," ""Katana"""," ""95""",2026-10-03 04:46:07," """"",exe
"""61eb79221be15dc4fbf87e876973ee3a25f6e995e73e7cd46bbafa0293b64b2b"""," ""elf.mirai"""," ""Katana"""," ""95""",2026-10-03 04:46:06," """"",exe
"""8d0e82dc4ffc6012fb6f6513feb7324672b5b26436ccdf2fd237fc03084ae109"""," ""elf.mirai"""," ""Katana"""," ""95""",2026-10-03 04:46:05," """"","Mirai"""
"""744edbb821ff43c1ca358da8a488f97185d7178f987314a054abd9984aea121d"""," ""elf.mirai"""," ""Katana"""," ""100""",2026-10-03 04:46:04," """"","Mirai"""
"""5f1d13fa9437bbc6692afeeb6d35406c5855d53dab851e49ccd37e4436f3b2e9"""," ""win.asyncrat"""," ""None"""," ""50""",2026-10-03 04:01:01," """"","rat"""
"""5ed664e59239f2bc96b4ac1a07cf1af18834d467b1868c79d960d3122e0c9547"""," ""win.asyncrat"""," ""None"""," ""50""",2026-10-03 04:01:00," """"","rat"""
"""5ed754d7d451fe8b9f6be1c8e8f8fc9402c25630317cf9d98d9f4aa1a4f74e31"""," ""win.asyncrat"""," ""None"""," ""50""",2026-10-03 04:01:00," """"","rat"""
"""5ed89783780c9a25de013fc5aa1914f49be251e34895a72eb4eb17369bc5b723"""," ""win.asyncrat"""," ""None"""," ""50""",2026-10-03 04:01:00," """"","rat"""
"""5edab639e92f02d7a8037b70b057b3a672c2b417647f2c88c1390cf29f99f30c"""," ""win.asyncrat"""," ""None"""," ""50""",2026-10-03 04:01:00," """"","rat"""
"""5edf7cb9422a1b24892a23b207c9d5c18040963c5577b80ecef7e84c46abac63"""," ""win.asyncrat"""," ""None"""," ""50""",2026-10-03 04:01:00," """"","rat"""
"""5ee56307c6fc01f08cf1c73c8770f137d9e91d993e8fab9a66463c411d1b3523"""," ""win.asyncrat"""," ""None"""," ""50""",2026-10-03 04:01:00," """"","rat"""
"""5ee8f2830c23f5bc7d821c21674d2c70864be576de95fa905fab4d8897fbc768"""," ""win.asyncrat"""," ""None"""," ""50""",2026-10-03 04:01:00," """"","rat"""
"""5eee0891b75cd7e9ea065b5eed6c35477a838a59909adfc9c92519f2d2a1028a"""," ""win.asyncrat"""," ""None"""," ""50""",2026-10-03 04:01:00," """"","rat"""
"""5ef1f0f21b354d1906d0839041fc53a5fd7daa4427bff2289bfe0967bfb777f6"""," ""win.asyncrat"""," ""None"""," ""50""",2026-10-03 04:01:00," """"","rat"""
"""5ef95b38828c6d99c6cc41f377373c7b1c6d5b48c6f63ceeb2b103daec226716"""," ""win.asyncrat"""," ""None"""," ""50""",2026-10-03 04:01:00," """"","rat"""
"""5effc80d5f389747bd27654eba317d8287f5f35ee6aaffc434ae24fdca702cee"""," ""win.asyncrat"""," ""None"""," ""50""",2026-10-03 04:01:00," """"","rat"""
"""5f037d9a6d3232b001d501328a679dd7966b61e70de6a89ca03ede1818fc120e"""," ""win.asyncrat"""," ""None"""," ""50""",2026-10-03 04:01:00," """"","rat"""
"""5f071ffd17515eae90fc2ab18035cd9ab4f2ffb9c4b67e96221170d857eb3ef7"""," ""win.asyncrat"""," ""None"""," ""50""",2026-10-03 04:01:00," """"","rat"""
"""5f092c5f535d23534ab492c5dcf9ea7b5d1a37f9c202bea64a1f817e2f544c08"""," ""win.asyncrat"""," ""None"""," ""50""",2026-10-03 04:01:00," """"","rat"""
"""5f0bee7a4d9d935b22ddfdfa7e2d637c96f251aba60c9feee2967241b18bedd3"""," ""win.asyncrat"""," ""None"""," ""50""",2026-10-03 04:01:00," """"","rat"""
"""5f106bf6a105b2febc08dbc9885420f6341eae88eb5570d5b5454a3bee0c2a08"""," ""win.asyncrat"""," ""None"""," ""50""",2026-10-03 04:01:00," """"","rat"""
"""5f10849ac0cf2bd4a6c6566492ff34da93cf6a430d9452359e1c6b43f7557320"""," ""win.asyncrat"""," ""None"""," ""50""",2026-10-03 04:01:00," """"","rat"""
"""5f134bb1a56316bc3ab22c1a22daa38335b93569fdb327a4e252c7dd6594d494"""," ""win.asyncrat"""," ""None"""," ""50""",2026-10-03 04:01:00," """"","rat"""
"""5f19a9226fad05ac74b065bf8691daf121a04c33469e712e684dc9162e67b2fb"""," ""win.asyncrat"""," ""None"""," ""50""",2026-10-03 04:01:00," """"","rat"""
"""5f19b4d0dda51a43fcf5f7d7f45378a65ef5c0545e668092d4cfb5a6dbc93105"""," ""win.asyncrat"""," ""None"""," ""50""",2026-10-03 04:01:00," """"","rat"""
"""5e87f6f16f48fdf7516ee2e1f7fbc8f9b03ebe84bb9733312e47bb5c3da66aaa"""," ""win.asyncrat"""," ""None"""," ""50""",2026-10-03 04:00:59," """"","rat"""
"""5e8a676a5b37f85a09339873a139a73268662b1c0bfe94d764bbfffec60ea196"""," ""win.asyncrat"""," ""None"""," ""50""",2026-10-03 04:00:59," """"","rat"""
"""5e8c61b17135bc249ad576d94d4ab70f0c8e4b87fb13181d2ba6b56750d897f4"""," ""win.asyncrat"""," ""None"""," ""50""",2026-10-03 04:00:59," """"","rat"""
"""5e953d408d9ca9051771deb643f4db7b521ce134e7034a99036fdfffcd85f28e"""," ""win.asyncrat"""," ""None"""," ""50""",2026-10-03 04:00:59," """"","rat"""
"""5e95c0f77455a87b7882954fb0b9c2f32a4ff249f381ca30df2d2bcd6bd07158"""," ""win.asyncrat"""," ""None"""," ""50""",2026-10-03 04:00:59," """"","rat"""
"""5e97eb12f4a568d81523bbaa04751f07de01af9760047a2a30f2f0693db1a285"""," ""win.asyncrat"""," ""None"""," ""50""",2026-10-03 04:00:59," """"","rat"""
"""5e9e17de1d5865d1811704f0b6de7ac45fcb3b3070fdc186536e347f99a6ced8"""," ""win.asyncrat"""," ""None"""," ""50""",2026-10-03 04:00:59," """"","rat"""
"""5ea2e0e5450f0ac01aa2288a4f1a60e16965a47b32814dea6d5b308db4171b01"""," ""win.asyncrat"""," ""None"""," ""50""",2026-10-03 04:00:59," """"","rat"""
"""5ea4f69cf97e7f012dc6345a301e290cb471653c814ec64fd0557ef612bad744"""," ""win.asyncrat"""," ""None"""," ""50""",2026-10-03 04:00:59," """"","rat"""
"""5ea974646ebed5780f4d58458337ce4053eb6bbc87c95d8dae0fa9c6b3892e41"""," ""win.asyncrat"""," ""None"""," ""50""",2026-10-03 04:00:59," """"","rat"""
"""5eb8a737f23f1a61cc1b1d18a205e5dc509bdd9ba1cb0a94a5985bb1e460e01e"""," ""win.asyncrat"""," ""None"""," ""50""",2026-10-03 04:00:59," """"","rat"""
"""5ebbd694579e9a9ed240dee662d1b33954ed2f7533a3dbe9a37cffd7fc90250d"""," ""win.asyncrat"""," ""None"""," ""50""",2026-10-03 04:00:59," """"","rat"""
"""5ebd4ba15a5040a404c98fc481c390cb44d75ff3b6a587c81ef0d50d098e2874"""," ""win.asyncrat"""," ""None"""," ""50""",2026-10-03 04:00:59," """"","rat"""
"""5ebe300b988e639553ca959d30399e129a42fffed54f1199a6175acf5ba249b2"""," ""win.asyncrat"""," ""None"""," ""50""",2026-10-03 04:00:59," """"","rat"""
"""5ec2aa18a80f8793673f7893ed4de8c6e2ebef7b91c88071960b9d761f6cc2a3"""," ""win.asyncrat"""," ""None"""," ""50""",2026-10-03 04:00:59," """"","rat"""
"""5ec8c036626f3ead06457a79a7bc60822be938a3354aade6f317b14998510718"""," ""win.asyncrat"""," ""None"""," ""50""",2026-10-03 04:00:59," """"","rat"""
"""5ecc27efab5b743099f8410fe22557915fb6c28f201692077c7abd3676130587"""," ""win.asyncrat"""," ""None"""," ""50""",2026-10-03 04:00:59," """"","rat"""
"""5ecc7f700bde0ab833e9a955d8ad371fab96e5a8c52d148488201e7815973725"""," ""win.asyncrat"""," ""None"""," ""50""",2026-10-03 04:00:59," """"","rat"""
"""5ed0863debc9d9bd28d1e1e168781e7febc48fd09603fe12a70babcd7dd3a9fd"""," ""win.asyncrat"""," ""None"""," ""50""",2026-10-03 04:00:59," """"","rat"""
"""5e3d8720591a2b8cceb4f33223a349019fe080d7311081b3cd58cca53d461993"""," ""win.asyncrat"""," ""None"""," ""50""",2026-10-03 04:00:58," """"","rat"""
"""5e4273fc2b1d76d9108111efe6ecd02facf077ce187cd9c0dbfc19b921c4f8fc"""," ""win.asyncrat"""," ""None"""," ""50""",2026-10-03 04:00:58," """"","rat"""
"""5e4450dd8d590694026bf3d81392b022dbdaa06d7a75a0bbfb85ac56df07a00c"""," ""win.asyncrat"""," ""None"""," ""50""",2026-10-03 04:00:58," """"","rat"""
"""5e44f769aa9a745ade82589bbbd17c3687f2fb7c08b1043d8c5c44d28eaa20a9"""," ""win.asyncrat"""," ""None"""," ""50""",2026-10-03 04:00:58," """"","rat"""
"""5e45cbde37511cd66b1bf64c9df347444e05474fc28234fa2a5ebe096371839c"""," ""win.asyncrat"""," ""None"""," ""50""",2026-10-03 04:00:58," """"","rat"""
"""5e4bbf19a6e055cc6c2c98ef38288f3465c30e25542b735fbfca921fdb8b95f9"""," ""win.asyncrat"""," ""None"""," ""50""",2026-10-03 04:00:58," """"","rat"""
"""5e4c459a764e7818f84feb12014666a102747b8243b7395dbcdfd557e8437014"""," ""win.asyncrat"""," ""None"""," ""50""",2026-10-03 04:00:58," """"","rat"""
"""5e617c943f70f8f032b6bd70f4d8e0bac7d729400a4e2c49bedc96168f47a37f"""," ""win.asyncrat"""," ""None"""," ""50""",2026-10-03 04:00:58," """"","rat"""
"""5e6239bd4eb9b79fa56b321de3d53eccba2e9d61ab38c8d4005bee46337c8296"""," ""win.asyncrat"""," ""None"""," ""50""",2026-10-03 04:00:58," """"","rat"""
"""5e62ea0ca7cd5cda02ccecb56acc9d98365aedaecd5267e0bcbaa98481705a54"""," ""win.asyncrat"""," ""None"""," ""50""",2026-10-03 04:00:58," """"","rat"""
"""5e65138918aedbca17a7cba779c62546001fadddc5da0f643b9c19c9653d54d2"""," ""win.asyncrat"""," ""None"""," ""50""",2026-10-03 04:00:58," """"","rat"""
"""5e6530a15b76be2a098544d35ec388e89578430b8702c37624e13086e1a63aa4"""," ""win.asyncrat"""," ""None"""," ""50""",2026-10-03 04:00:58," """"","rat"""
"""5e65499db2d75b02970c983fe594de240b57c283587cb8af9769aeb777604fce"""," ""win.asyncrat"""," ""None"""," ""50""",2026-10-03 04:00:58," """"","rat"""
"""5e67327b0efc704eaaea45773ecd89b694ea26c0e6e6951d7f839562708de89e"""," ""win.asyncrat"""," ""None"""," ""50""",2026-10-03 04:00:58," """"","rat"""
"""5e6bd1b03148962cff91b0f6a1d4e915bafd1049931d5d4ff2bda151bd761e28"""," ""win.asyncrat"""," ""None"""," ""50""",2026-10-03 04:00:58," """"","rat"""
"""5e7442ad9eb7078499e1b16b731bb5a48b995233fcbbd7f4a64d935fbd58b5f7"""," ""win.asyncrat"""," ""None"""," ""50""",2026-10-03 04:00:58," """"","rat"""
"""5e78479d3cd1ab3cab53d350583137bd4927900d4bbbbf44a2c57cc80b2bab68"""," ""win.asyncrat"""," ""None"""," ""50""",2026-10-03 04:00:58," """"","rat"""
"""5e7d3a1bd3c5d7ef64712823747b750983a6a67b7ded712700c9852c84fe2257"""," ""win.asyncrat"""," ""None"""," ""50""",2026-10-03 04:00:58," """"","rat"""
"""5e7e694998fed28369fdcc8aaa3ca2fccc981f9ec3598e40937ddc3cc633408f"""," ""win.asyncrat"""," ""None"""," ""50""",2026-10-03 04:00:58," """"","rat"""
"""5e813cfc31585419f06f79ddd60a16acba9ec6e00c9ea8d26b62cf1c96f24d4a"""," ""win.asyncrat"""," ""None"""," ""50""",2026-10-03 04:00:58," """"","rat"""
"""5e840076dd200bff8e6a9f2abb94ea13196564c6d60e436d0c84cc148bce1b9a"""," ""win.asyncrat"""," ""None"""," ""50""",2026-10-03 04:00:58," """"","rat"""
"""5de219d7aaea03ea7e31a2b68144c9e6637f2c0ae1866243308698d6bb93c808"""," ""win.asyncrat"""," ""None"""," ""50""",2026-10-03 04:00:57," """"","rat"""
"""5de87165cf9371bc66de6ce7c67c0cbe7637d8c2d0d69414fbbfe94d9c3799e0"""," ""win.asyncrat"""," ""None"""," ""50""",2026-10-03 04:00:57," """"","rat"""
"""5deb8c21c15aa3ef2d65c0f10115264b2239d41ff654d35858c4da7ad03488db"""," ""win.asyncrat"""," ""None"""," ""50""",2026-10-03 04:00:57," """"","rat"""
"""5debf94ec93ab454e27bb671d3b14e399fe9a3c966ed609f2ca3f25ea8b81aeb"""," ""win.asyncrat"""," ""None"""," ""50""",2026-10-03 04:00:57," """"","rat"""
"""5decff88697b1f551394704137c8ad7d06df41898c4e093d7de89e38a39a2df5"""," ""win.asyncrat"""," ""None"""," ""50""",2026-10-03 04:00:57," """"","rat"""
"""5dee2d0dd4d3eee97c372b6a8dbd3d3042d24b9483addfa9f8786617a88e268b"""," ""win.asyncrat"""," ""None"""," ""50""",2026-10-03 04:00:57," """"","rat"""
"""5dee4356ac787ee4f83cfe7268df01b8b6c77ef42cfcd98ed3773745780fcdd2"""," ""win.asyncrat"""," ""None"""," ""50""",2026-10-03 04:00:57," """"","rat"""
"""5df3592e9a8ea5cb18ae7cc448d968ae253b39f0e712e5b745f661f60d7f842c"""," ""win.asyncrat"""," ""None"""," ""50""",2026-10-03 04:00:57," """"","rat"""
"""5df83d1fdce08183b262097bc79a207a589d9484b26efd2b2b23cd9dc291f0ef"""," ""win.asyncrat"""," ""None"""," ""50""",2026-10-03 04:00:57," """"","rat"""
"""5e005ae3ad498f03e3b291b80d0755505381bd7751d1261b04d9b874cd5400d3"""," ""win.asyncrat"""," ""None"""," ""50""",2026-10-03 04:00:57," """"","rat"""
"""5e060e22d846c2c4281101df22ac2097a05df6182ddaba973052ad18053e4574"""," ""win.asyncrat"""," ""None"""," ""50""",2026-10-03 04:00:57," """"","rat"""
"""5e06c4a5affdbe948ad2a924e652f195b3c5e423eb82a7a542a8036cce8d7723"""," ""win.asyncrat"""," ""None"""," ""50""",2026-10-03 04:00:57," """"","rat"""
"""5e081978e4947c24713bbd2969544121801b5c12aa49e5e30a58c7376b2ff260"""," ""win.asyncrat"""," ""None"""," ""50""",2026-10-03 04:00:57," """"","rat"""
"""5e082d1c85e591aebb380d7d7af56000ac0ef5fc32e216cb5fe7027bb9861743"""," ""win.asyncrat"""," ""None"""," ""50""",2026-10-03 04:00:57," """"","rat"""
"""5e0bb71d8b20adb1d6e0ca500c3a6d33cf74b529a784ec0c45a65565f86d9465"""," ""win.asyncrat"""," ""None"""," ""50""",2026-10-03 04:00:57," """"","rat"""
"""5e105fb353b598d58b1a1d0674d1c15f35064f4a84f3300361b2dcd32682acb3"""," ""win.asyncrat"""," ""None"""," ""50""",2026-10-03 04:00:57," """"","rat"""
"""5e14bffd2cf16a8f73ab6fed49d55954d2c1579b676d5568ae84b04a9add5156"""," ""win.asyncrat"""," ""None"""," ""50""",2026-10-03 04:00:57," """"","rat"""
"""5e1526ff008fb0bac26c27ae1260d723d3200351f84f9a7b9a3c5b50a05bc5fa"""," ""win.asyncrat"""," ""None"""," ""50""",2026-10-03 04:00:57," """"","rat"""
"""5e1927efa5893ea03dedbcbfd93bd55e502e842ab8f0f868377838b9ae200ee5"""," ""win.asyncrat"""," ""None"""," ""50""",2026-10-03 04:00:57," """"","rat"""
"""5e34ea7fbf3080fe5b5ad6fb5a1a3f9b11e783dc8cda28985e048970256831c3"""," ""win.asyncrat"""," ""None"""," ""50""",2026-10-03 04:00:57," """"","rat"""
"""5e3758c19d761560431f8fd8302aa6d2061568cbed3dc0a20ad3d4f5da93a956"""," ""win.asyncrat"""," ""None"""," ""50""",2026-10-03 04:00:57," """"","rat"""
"""5e39ec87eb191e2c82689da4b6b3efe68a33601f1c14def81004d66893d582df"""," ""win.asyncrat"""," ""None"""," ""50""",2026-10-03 04:00:57," """"","rat"""
"""5e3be4e26631a3ab35572e6f8e6529e98d340a6a3858ba8592b52cf2cac33b78"""," ""win.asyncrat"""," ""None"""," ""50""",2026-10-03 04:00:57," """"","rat"""
"""5d787e95e846b54244fd851845f8ec879b157692fd4df1e52d702f8d7e08d659"""," ""win.asyncrat"""," ""None"""," ""50""",2026-10-03 04:00:56," """"","rat"""
"""5d7c4fd868e99334df95874c2c97f7e4ec2899e50fc482e637f5540d63032087"""," ""win.asyncrat"""," ""None"""," ""50""",2026-10-03 04:00:56," """"","rat"""
"""5d7db849d6d3c526a164b9278d0e6a6dbd1a646d4ce75afc27c21c8cd3f051ca"""," ""win.asyncrat"""," ""None"""," ""50""",2026-10-03 04:00:56," """"","rat"""
"""5d8b55532cda3855a8211e70366648a22ef5193dd36931fa61e3393290c2ada9"""," ""win.asyncrat"""," ""None"""," ""50""",2026-10-03 04:00:56," """"","rat"""
"""5d8ef3a9dce532e2f1553f0bd47c1e3123b21d12b10562940980b24d3501294e"""," ""win.asyncrat"""," ""None"""," ""50""",2026-10-03 04:00:56," """"","rat"""
"""5d94f6135a6e5597f8299b40e8e2acde2f332c4179da28b0aade314918fc36c6"""," ""win.asyncrat"""," ""None"""," ""50""",2026-10-03 04:00:56," """"","rat"""
"""5d98beb3367a1314922c8d3e41b8321a311aaaabf90ee2cbbdb53ef83672bb26"""," ""win.asyncrat"""," ""None"""," ""50""",2026-10-03 04:00:56," """"","rat"""
"""5daa9778dfb519ba90dad3efee459411b7c7c1abbd7f9c4b4f2eff69e1099e85"""," ""win.asyncrat"""," ""None"""," ""50""",2026-10-03 04:00:56," """"","rat"""
"""5db9eb464e86d85d27248818d7041c3f3a646df5c4896d37f8e561f657441765"""," ""win.asyncrat"""," ""None"""," ""50""",2026-10-03 04:00:56," """"","rat"""
"""5dbaad480c5811b7e5953adede497aa6cc401c0c6ae5c60695037448c5f17f2a"""," ""win.asyncrat"""," ""None"""," ""50""",2026-10-03 04:00:56," """"","rat"""
"""5dbd0331888e0ebb32973f77a94a26e68b8563e68a0c66062b96eab5fdd1a35e"""," ""win.asyncrat"""," ""None"""," ""50""",2026-10-03 04:00:56," """"","rat"""
"""5dbeddb14fd159a91dee0d3c75cead0ea004be9993d2ac818df828f6542cf471"""," ""win.asyncrat"""," ""None"""," ""50""",2026-10-03 04:00:56," """"","rat"""
"""5dc0a9bc4d4a576c1b977c30b13637c6f96943773dc9a942d362d4a100ba1f80"""," ""win.asyncrat"""," ""None"""," ""50""",2026-10-03 04:00:56," """"","rat"""
"""5dc2ce07de3c245780f4018e6c5a2a844b52bffe7464f1717d12cf8e3d848f87"""," ""win.asyncrat"""," ""None"""," ""50""",2026-10-03 04:00:56," """"","rat"""
"""5dc7c78773f8da9ae20096d51ead4b4a79007252010215120522bec5118ef1aa"""," ""win.asyncrat"""," ""None"""," ""50""",2026-10-03 04:00:56," """"","rat"""
"""5dca6fc45cc2e4c4ff978fa2de059f689d4de9704c0c5d1b5bde8764fa14fe68"""," ""win.asyncrat"""," ""None"""," ""50""",2026-10-03 04:00:56," """"","rat"""
"""5dd21df5af434350115cded1000bf604116e1eacbb1aceb2f181de7d983fd682"""," ""win.asyncrat"""," ""None"""," ""50""",2026-10-03 04:00:56," """"","rat"""
"""5dd5699d2c2fbf3d3f5b876bf9fdcfddc91233b9bf47303363ba778e210dd344"""," ""win.asyncrat"""," ""None"""," ""50""",2026-10-03 04:00:56," """"","rat"""
"""5dd6aff63ab2b506ca50eacbb830f9776b152c4a9ea2a83d010d45e33b7f3066"""," ""win.asyncrat"""," ""None"""," ""50""",2026-10-03 04:00:56," """"","rat"""
"""5dd9cfc17acc9bbbf3b5d24d2ce7044f1b57d712ddb6ecf88eab5da516d972a8"""," ""win.asyncrat"""," ""None"""," ""50""",2026-10-03 04:00:56," """"","rat"""
"""5ddbfa6323462c207f8a4526c4c5b7fe72faaff96d97f731c01f2c8603e70c1e"""," ""win.asyncrat"""," ""None"""," ""50""",2026-10-03 04:00:56," """"","rat"""
"""5d3360346004169d1fcfad2db002e61c5b61b6a4f61f86adb01e234212d433c7"""," ""win.asyncrat"""," ""None"""," ""50""",2026-10-03 04:00:55," """"","rat"""
"""5d355666219db06acc93d01c0973c0c0a5db514b5af2c43dd7d97075d7b78914"""," ""win.asyncrat"""," ""None"""," ""50""",2026-10-03 04:00:55," """"","rat"""
"""5d35be6140189e0ecf1e3b45117184a8eed402055aff5bb6eafa84b7540ea930"""," ""win.asyncrat"""," ""None"""," ""50""",2026-10-03 04:00:55," """"","rat"""
"""5d3621f84a694394a77e7480b57dd429f297ac4eacef0380d8b94bbf1da4e08a"""," ""win.asyncrat"""," ""None"""," ""50""",2026-10-03 04:00:55," """"","rat"""
"""5d3e1ec332b5f64b4fed0d5f4dae21008ae05ec7f754f804f813925c4573e12c"""," ""win.asyncrat"""," ""None"""," ""50""",2026-10-03 04:00:55," """"","rat"""
"""5d40e9cf5b368ce798d8443a132c9b04da5e61118efbcb35d24efad348734017"""," ""win.asyncrat"""," ""None"""," ""50""",2026-10-03 04:00:55," """"","rat"""
"""5d43cccfcc070455c651c06bd61cbd0a67ebfa8326c2749a3d3fa5f2840a218e"""," ""win.asyncrat"""," ""None"""," ""50""",2026-10-03 04:00:55," """"","rat"""
"""5d4f9544cfb17f43d2e5c28e7695d223001ef4e67c64a5ec1aad22ff87623fb5"""," ""win.asyncrat"""," ""None"""," ""50""",2026-10-03 04:00:55," """"","rat"""
"""5d53b48c9e3765333ccb30178a44c09189dbe6d4ba890993793e7bdec6a76e83"""," ""win.asyncrat"""," ""None"""," ""50""",2026-10-03 04:00:55," """"","rat"""
"""5d566167cc5b79084c6cb5be44a1345986896a582a49ae6fa72d04b63f0f1b7b"""," ""win.asyncrat"""," ""None"""," ""50""",2026-10-03 04:00:55," """"","rat"""
"""5d57789938b87559a33da11657259e143209d9931e7d99dc8a6d28825a7faceb"""," ""win.asyncrat"""," ""None"""," ""50""",2026-10-03 04:00:55," """"","rat"""
"""5d58c5fa7aa0f5a8c4d2448b0f5fbb8ffb835228bcb3e4b6fa53f5593a2166bb"""," ""win.asyncrat"""," ""None"""," ""50""",2026-10-03 04:00:55," """"","rat"""
"""5d61b20cbae93d23437ff54d9b0cf4e1a4e106b39ecfe8dbaa1765761c4b8331"""," ""win.asyncrat"""," ""None"""," ""50""",2026-10-03 04:00:55," """"","rat"""
"""5d631facfbecf6ee8326f745c5a1b602d8225f64b733c57f4e0f72d8a1bb6ee8"""," ""win.asyncrat"""," ""None"""," ""50""",2026-10-03 04:00:55," """"","rat"""
"""5d64029232b139b7dd503f3c1d47f5b05265d023d6390c770c15011b1d0a51d1"""," ""win.asyncrat"""," ""None"""," ""50""",2026-10-03 04:00:55," """"","rat"""
"""5d649da0bf2622c66fcb4d784e0b1275df2dc566e265b8a462a7da61e2453d00"""," ""win.asyncrat"""," ""None"""," ""50""",2026-10-03 04:00:55," """"","rat"""
"""5d6cc4d7e7ce998cf1d7bc8b78f787f9b034ab3dbdf8c91a33ad0233ddef2ac4"""," ""win.asyncrat"""," ""None"""," ""50""",2026-10-03 04:00:55," """"","rat"""
"""5d73c2e7efef4bb8ba29edda65f858d51b4a95c553801d92e349fccc525357ba"""," ""win.asyncrat"""," ""None"""," ""50""",2026-10-03 04:00:55," """"","rat"""
"""5d77fcbee204c6b9fea6ec4bda5216714e2e46f4247f673956e64e36a9c3424d"""," ""win.asyncrat"""," ""None"""," ""50""",2026-10-03 04:00:55," """"","rat"""
"""5d781ca196bde78f79fc302ddcf953b698969980fe7317f6db65a6641ff870a1"""," ""win.asyncrat"""," ""None"""," ""50""",2026-10-03 04:00:55," """"","rat"""
"""5cdb7749ab92f641e1e1c77bb1c98f13035d85390e1b8f7a051f5d766a98eb38"""," ""win.asyncrat"""," ""None"""," ""50""",2026-10-03 04:00:54," """"","rat"""
"""5cdbdd323154f2b9d326ba16c9ca37d6d3178ef625b72e7180e9789da5e67063"""," ""win.asyncrat"""," ""None"""," ""50""",2026-10-03 04:00:54," """"","rat"""
"""5cdc52c95c1bd415cb817c3a075c8d0de69af4bfed2809cfd0f47179800e2352"""," ""win.asyncrat"""," ""None"""," ""50""",2026-10-03 04:00:54," """"","rat"""
"""5cdc6ad4ef4e82c8926e74345d5feb5e6bc509917531c8f1a4e9846742d429bf"""," ""win.asyncrat"""," ""None"""," ""50""",2026-10-03 04:00:54," """"","rat"""
"""5ce48e0a279b4497675a807b0aed3c3cc11acc68507bdcdce2577280d42131a8"""," ""win.asyncrat"""," ""None"""," ""50""",2026-10-03 04:00:54," """"","rat"""
"""5ce6add68e1e373c4ad4d8b5e3a1b13da3fdca5904cee09f2fcb0171eb200766"""," ""win.asyncrat"""," ""None"""," ""50""",2026-10-03 04:00:54," """"","rat"""
"""5cf0a6a12733a4e70c5d374a27293da7263545f30f6d1273eefe32ec527dddfc"""," ""win.asyncrat"""," ""None"""," ""50""",2026-10-03 04:00:54," """"","rat"""
"""5cf115ef0b61a8df0fcee3944bb15135f0ba36da808bbdb5bf8fea604ef6d987"""," ""win.asyncrat"""," ""None"""," ""50""",2026-10-03 04:00:54," """"","rat"""
"""5cf1dd4e1137cbdf404266cf62fae5fd1eb59d07afa69a7bfb02c2243fa5ddfc"""," ""win.asyncrat"""," ""None"""," ""50""",2026-10-03 04:00:54," """"","rat"""
"""5cf263079a4b839244985caa05ac2a3736b28fd23e300a45492fb068c626905b"""," ""win.asyncrat"""," ""None"""," ""50""",2026-10-03 04:00:54," """"","rat"""
"""5cf5c3adee933f0b544fe33cb253fb827d935a0c258332e9737f59dceeb71036"""," ""win.asyncrat"""," ""None"""," ""50""",2026-10-03 04:00:54," """"","rat"""
"""5cff50d46542eacf6124894fe998602b0a5df2eefeca574fddbc8546282f92de"""," ""win.asyncrat"""," ""None"""," ""50""",2026-10-03 04:00:54," """"","rat"""
"""5d07ad572a6a37d07d0b7ca990087960ad8850d7cfc56b8c7270c826c70fb56b"""," ""win.asyncrat"""," ""None"""," ""50""",2026-10-03 04:00:54," """"","rat"""
"""5d10b2092243b20d350ccea14c58f00b196891948f6172550f615206506fb2b6"""," ""win.asyncrat"""," ""None"""," ""50""",2026-10-03 04:00:54," """"","rat"""
"""5d1a262a1c5d483cf161cb10d1aa66f5ba9e797beea820a55f7c1f9bc0aa5ae3"""," ""win.asyncrat"""," ""None"""," ""50""",2026-10-03 04:00:54," """"","rat"""
"""5d1cb8ef0509dc00fb09516e19457658a5b731061808bb09205c7e17ec96f2cf"""," ""win.asyncrat"""," ""None"""," ""50""",2026-10-03 04:00:54," """"","rat"""
"""5d20294c3e8bd86a439cac8179a8aa613efb7cabcdd7f1e5dd10f16cc94cd8f6"""," ""win.asyncrat"""," ""None"""," ""50""",2026-10-03 04:00:54," """"","rat"""
"""5d22de6eb0a93b5b3165fe1c1ba16bada67e46763280a3ed89b9a24b14ab51eb"""," ""win.asyncrat"""," ""None"""," ""50""",2026-10-03 04:00:54," """"","rat"""
"""5d23bb56ae025619efa102acbaf07801ceb76f457ca12edd3cbc89151e4339d0"""," ""win.asyncrat"""," ""None"""," ""50""",2026-10-03 04:00:54," """"","rat"""
"""5d25a3c88dc9cc7bda7750c83100a6bf90904703e254a89077d48b50c3330e0f"""," ""win.asyncrat"""," ""None"""," ""50""",2026-10-03 04:00:54," """"","rat"""
"""5d2a0ca22f2f9cee131a709def23b84fabf3bd18f0bad68ab9560b6c29becd1a"""," ""win.asyncrat"""," ""None"""," ""50""",2026-10-03 04:00:54," """"","rat"""
"""5d318ad1fa11ca3660fe35faff0e0aaef8acd820e01cdd5ee7305c30314f5303"""," ""win.asyncrat"""," ""None"""," ""50""",2026-10-03 04:00:54," """"","rat"""
"""5d319c98b3450e3d1390dc83c014fcbce7066739e3975d352482ba254fb7b1ec"""," ""win.asyncrat"""," ""None"""," ""50""",2026-10-03 04:00:54," """"","rat"""
"""5c7b79df1223aea969064597eacdfe3585fc5b346e619cc59d5ed84320fe8892"""," ""win.asyncrat"""," ""None"""," ""50""",2026-10-03 04:00:53," """"","rat"""
"""5c8323d192417ed6cddba730fe2aa5e4de8d583e47dd6f93811732b0b924026a"""," ""win.asyncrat"""," ""None"""," ""50""",2026-10-03 04:00:53," """"","rat"""
"""5c85b25b5b4f277770b21a77796e7e1672eb046eabb76077c703a993e237a3a7"""," ""win.asyncrat"""," ""None"""," ""50""",2026-10-03 04:00:53," """"","rat"""
"""5c91021642651fee0fc933b97c808faf850ae617463cdffe281a4fb64a6b614e"""," ""win.asyncrat"""," ""None"""," ""50""",2026-10-03 04:00:53," """"","rat"""
"""5c987467fbf4baf3f7d11da54c8d0350784067e6e07813fc9b54387f13fbb798"""," ""win.asyncrat"""," ""None"""," ""50""",2026-10-03 04:00:53," """"","rat"""
"""5ca12788e41f318c0ce21ad6a83020fe303f9219811451651335e51e8b891b63"""," ""win.asyncrat"""," ""None"""," ""50""",2026-10-03 04:00:53," """"","rat"""
"""5ca30580c35326615fe92019036ec4882f54f8fe9ce3bd9d5e0df59d5f17f5b4"""," ""win.asyncrat"""," ""None"""," ""50""",2026-10-03 04:00:53," """"","rat"""
"""5ca36203dcf4de2fb898308d50cb01aa4bbe3810a398a1f5e14b3aff1de16f65"""," ""win.asyncrat"""," ""None"""," ""50""",2026-10-03 04:00:53," """"","rat"""
"""5ca824c76505cc013355aa19b587a0123636f191a427cb264203858382d04b16"""," ""win.asyncrat"""," ""None"""," ""50""",2026-10-03 04:00:53," """"","rat"""
"""5ca9158eb3b478a1a9a30ad4c19fa4a9136e1b06ec24332bde843903d06db67d"""," ""win.asyncrat"""," ""None"""," ""50""",2026-10-03 04:00:53," """"","rat"""
"""5cb19d4ad617cdb09aeacf5e400d617e72245e4596aa7117ff7eecd28a9463be"""," ""win.asyncrat"""," ""None"""," ""50""",2026-10-03 04:00:53," """"","rat"""
"""5cb37a79743fc8707bc5dc44d718033919430d1830fa829a1de3a09cae151a96"""," ""win.asyncrat"""," ""None"""," ""50""",2026-10-03 04:00:53," """"","rat"""
"""5cb6a179c780062b0c79a9dd8ae26af21452758395305ff396c89759dfc68463"""," ""win.asyncrat"""," ""None"""," ""50""",2026-10-03 04:00:53," """"","rat"""
"""5cbaa64507b6d52ff0341c16d38daf2ab391ae3681fcfbc85f39998c926ca749"""," ""win.asyncrat"""," ""None"""," ""50""",2026-10-03 04:00:53," """"","rat"""
"""5cc0900c9ec86120d00632b859c3ff0d03bff355db901ba7a1d87672fa096707"""," ""win.asyncrat"""," ""None"""," ""50""",2026-10-03 04:00:53," """"","rat"""
"""5cc0cffceb79026d7de9159a99ae8cb9967ee8b3e6eed86ba5a33e69dc9d2290"""," ""win.asyncrat"""," ""None"""," ""50""",2026-10-03 04:00:53," """"","rat"""
"""5cc2629af63fe5cda370a8a087af9a01027ff4ae22d1410e88d85deae29e89cc"""," ""win.asyncrat"""," ""None"""," ""50""",2026-10-03 04:00:53," """"","rat"""
"""5cc9dfb0172bf01da6b14d43521673e2250cdae8edee6ce5089ebe2838defda2"""," ""win.asyncrat"""," ""None"""," ""50""",2026-10-03 04:00:53," """"","rat"""
"""5ccce819fccec6ff9981f705e998508f618695ac77753d9ca1e76a95e3b76ea8"""," ""win.asyncrat"""," ""None"""," ""50""",2026-10-03 04:00:53," """"","rat"""
"""5ccd3daa0ca52d19e0d1d2c9cc8756e3a491076e2f592b2ceedd37ab59d70a02"""," ""win.asyncrat"""," ""None"""," ""50""",2026-10-03 04:00:53," """"","rat"""
"""5ccd9ffc7816ab61d788ea00ae0db035cd84e5410a8ac9bb26d21008666e4bcb"""," ""win.asyncrat"""," ""None"""," ""50""",2026-10-03 04:00:53," """"","rat"""
"""5cd0fac28bd745ce5fd1d7f1510b0be171daf41cb11ac8bf2a4a470b99ae46cf"""," ""win.asyncrat"""," ""None"""," ""50""",2026-10-03 04:00:53," """"","rat"""
"""5cd5530ea7aea507cb7faf6f9049448252aebd2cd4a4ecd7f040a1c44274dbaf"""," ""win.asyncrat"""," ""None"""," ""50""",2026-10-03 04:00:53," """"","rat"""
"""5c3794ebbf18a66dce6ab873a77bf8bcc263649f3854e6efcfeb414176628de4"""," ""win.asyncrat"""," ""None"""," ""50""",2026-10-03 04:00:52," """"","rat"""
"""5c3fba4cddfd2b0e2ad0996f20ddb8d93f5c4d4e16612fde1a9ff36c396dcb22"""," ""win.asyncrat"""," ""None"""," ""50""",2026-10-03 04:00:52," """"","rat"""
"""5c4161f919c5a202455b801b0859e3f54619d6fa2c00d7463d96ef7b5743410d"""," ""win.asyncrat"""," ""None"""," ""50""",2026-10-03 04:00:52," """"","rat"""
"""5c416c3e68e89ae3a9c9b65b8414747fa6214f9eadc1ca9062b02a157f785345"""," ""win.asyncrat"""," ""None"""," ""50""",2026-10-03 04:00:52," """"","rat"""
"""5c43677f344e5f1bfaf29aeba0e69a020eef92b8555d6637f74de0e404a640f2"""," ""win.asyncrat"""," ""None"""," ""50""",2026-10-03 04:00:52," """"","rat"""
"""5c43f5785bbf9e097c80dc3e027f278117777da501602899bf3ab3359bb74d1f"""," ""win.asyncrat"""," ""None"""," ""50""",2026-10-03 04:00:52," """"","rat"""
"""5c4c30380a175ff69fcb63e99ad1b14eb76a85d7a4326233c3dc73c1d5170b08"""," ""win.asyncrat"""," ""None"""," ""50""",2026-10-03 04:00:52," """"","rat"""
"""5c5119bbf3f3b2af7e3f68b2a3248e30a03e477a412db28946fb1d88e260023a"""," ""win.asyncrat"""," ""None"""," ""50""",2026-10-03 04:00:52," """"","rat"""
"""5c528739f519b4cff6d1863671dedc6e61a10c9f7860c7b5c86d99dd6213a668"""," ""win.asyncrat"""," ""None"""," ""50""",2026-10-03 04:00:52," """"","rat"""
"""5c571eab4831d78279edf3ed574a10e42b877b430815b08b83bc2f18141d3ad0"""," ""win.asyncrat"""," ""None"""," ""50""",2026-10-03 04:00:52," """"","rat"""
"""5c5771b778449d01e3cc445f51a16ec1b2cb8d7aab502387af2878bdec5332d3"""," ""win.asyncrat"""," ""None"""," ""50""",2026-10-03 04:00:52," """"","rat"""
"""5c5894b293a7ea612ffea6f5705fcee4f1e337693c908a36b8c0d523e5cae05d"""," ""win.asyncrat"""," ""None"""," ""50""",2026-10-03 04:00:52," """"","rat"""
"""5c5bb9f96d7d00b7fe52755eb758ac61b0e59cfbaf53ee2345511837436d9249"""," ""win.asyncrat"""," ""None"""," ""50""",2026-10-03 04:00:52," """"","rat"""
"""5c5c5bc4ca2e0155fd16336a31d07217e9e14e408ac20a08449b1695749c89c4"""," ""win.asyncrat"""," ""None"""," ""50""",2026-10-03 04:00:52," """"","rat"""
"""5c5d8d971390df1fd3b86c7208ec035f5a6e991876ed19eb35292c28f4e5e2eb"""," ""win.asyncrat"""," ""None"""," ""50""",2026-10-03 04:00:52," """"","rat"""
"""5c62c4d6d511d2c9cddd9d22762bc6ad0f44d3e3d28648566a333b8790919722"""," ""win.asyncrat"""," ""None"""," ""50""",2026-10-03 04:00:52," """"","rat"""
"""5c634691571a03be4307dea8acfaf734664ac50b881a1578294bdb25e4bfb8c2"""," ""win.asyncrat"""," ""None"""," ""50""",2026-10-03 04:00:52," """"","rat"""
"""5c6457b1c5d9a5669d01a39aeabd18d08a8de3027e2667cc9418c5072341c931"""," ""win.asyncrat"""," ""None"""," ""50""",2026-10-03 04:00:52," """"","rat"""
"""5c6aaf44f42abb4f4f96425ffdfb91c9a70b041d7071447521f0a522a1266486"""," ""win.asyncrat"""," ""None"""," ""50""",2026-10-03 04:00:52," """"","rat"""
"""5c710e344c1fd45c2a68f3d9621306de0ea88f931baff33e99665559034b3b2e"""," ""win.asyncrat"""," ""None"""," ""50""",2026-10-03 04:00:52," """"","rat"""
"""5c7630fbc4fce5f65a5b6fbc39c5d1234667db27ceb416ed5a71bdf4ab567093"""," ""win.asyncrat"""," ""None"""," ""50""",2026-10-03 04:00:52," """"","rat"""
"""5bf4fc2c4d3115229d60511cad1af48019a4c291ad6144e73393e88e319f80a5"""," ""win.asyncrat"""," ""None"""," ""50""",2026-10-03 04:00:51," """"","rat"""
"""5bf79a3e7909fe0b13206d6f8d6cbc9580c4d79ed900f8bcf8684388697b1c45"""," ""win.asyncrat"""," ""None"""," ""50""",2026-10-03 04:00:51," """"","rat"""
"""5bf8102edefe3e55a0e33207fdbf359f71477f70856745bc4e626cc72d498cd6"""," ""win.asyncrat"""," ""None"""," ""50""",2026-10-03 04:00:51," """"","rat"""
"""5bfb66d35d5f423d65fc751d8a37bddc94f7103eb963ba83c505254f139f6452"""," ""win.asyncrat"""," ""None"""," ""50""",2026-10-03 04:00:51," """"","rat"""
"""5bfc74267eeb9ff68aaf7faba1fa78d1b4a96b7b8382b7f6d790fbcf9d22c45d"""," ""win.asyncrat"""," ""None"""," ""50""",2026-10-03 04:00:51," """"","rat"""
"""5bfdb3c2a9763232dde5f3fce4646d7688fe1f70598ca94fa13c29a1c7273510"""," ""win.asyncrat"""," ""None"""," ""50""",2026-10-03 04:00:51," """"","rat"""
"""5c01cf6ee05f569b759b2a8d29a8205a7a7a0aa4f43cb2f7c018468a0e7c416d"""," ""win.asyncrat"""," ""None"""," ""50""",2026-10-03 04:00:51," """"","rat"""
"""5c023edc2053e7c5d51e392f409b77aa421d36772e785c6107ff36df79ad8916"""," ""win.asyncrat"""," ""None"""," ""50""",2026-10-03 04:00:51," """"","rat"""
"""5c06318e1614eed017bf727ddaf46ee6cb90a2115199b35e408bea8152298e1e"""," ""win.asyncrat"""," ""None"""," ""50""",2026-10-03 04:00:51," """"","rat"""
"""5c06feb446bfb3ba4455d92b452a153c44ed0e272453892796d1d8ee96341e3f"""," ""win.asyncrat"""," ""None"""," ""50""",2026-10-03 04:00:51," """"","rat"""
"""5c073a5227edc04473add8cd5f52e260f91475a622509d909d286ebce20f9b8f"""," ""win.asyncrat"""," ""None"""," ""50""",2026-10-03 04:00:51," """"","rat"""
"""5c0ddd543e3a92dddd3ab8720523498f373c34df9cec0af7443fe880727b775c"""," ""win.asyncrat"""," ""None"""," ""50""",2026-10-03 04:00:51," """"","rat"""
"""5c18f9aa60c1a29d83aca8e63e471ee51e1236f1bef34c0b5d81f027551cf045"""," ""win.asyncrat"""," ""None"""," ""50""",2026-10-03 04:00:51," """"","rat"""
"""5c206519b44d99681aa637386f513175572ec510e83ef24590f5310fd41f373c"""," ""win.asyncrat"""," ""None"""," ""50""",2026-10-03 04:00:51," """"","rat"""
"""5c2565583b234b5aa14ad8fd5a11833921c259ea2501492732816592454c8c81"""," ""win.asyncrat"""," ""None"""," ""50""",2026-10-03 04:00:51," """"","rat"""
"""5c2795b3a222a57032e445832f63e0bd05c800e04ac190061a08530f1ca900c9"""," ""win.asyncrat"""," ""None"""," ""50""",2026-10-03 04:00:51," """"","rat"""
"""5c2e9058fe49f3581203de4f335fdfd6314f5680692dbccf290d6ef594db9847"""," ""win.asyncrat"""," ""None"""," ""50""",2026-10-03 04:00:51," """"","rat"""
"""5c343c1afe9f50ce8100b3bfc2424ed195ad34f6b64e1fd389a5daf2d0444079"""," ""win.asyncrat"""," ""None"""," ""50""",2026-10-03 04:00:51," """"","rat"""
"""5c3603c16f14470925cb27d1448e3e74f73041ddb767378da24fe196e9289551"""," ""win.asyncrat"""," ""None"""," ""50""",2026-10-03 04:00:51," """"","rat"""
"""5b94549310fa83f8e670f5941c37891555f4e2e9881d84845ee0b06b69699e12"""," ""win.asyncrat"""," ""None"""," ""50""",2026-10-03 04:00:50," """"","rat"""
"""5b96147c14536eac1dcda2350dd908fedcbdef86c99060fd86c41dc45981fd1a"""," ""win.asyncrat"""," ""None"""," ""50""",2026-10-03 04:00:50," """"","rat"""
"""5b964100a3c07dd46abb2af8e71b7715d707ed2b1f7767e761eaae50f84a588b"""," ""win.asyncrat"""," ""None"""," ""50""",2026-10-03 04:00:50," """"","rat"""
"""5b9b04f74fa973bbf35807b2a4c4e6853242ae1f4ac52d807557573a66ef8d62"""," ""win.asyncrat"""," ""None"""," ""50""",2026-10-03 04:00:50," """"","rat"""
"""5ba481948a737029dd882fe64681ea3bec48454cdd55fd30d012bf45ccb1ea3e"""," ""win.asyncrat"""," ""None"""," ""50""",2026-10-03 04:00:50," """"","rat"""
"""5bac7b2cfe8310cf823d5e504203c290e35d8e8309f04edb99d4800ad230fe0d"""," ""win.asyncrat"""," ""None"""," ""50""",2026-10-03 04:00:50," """"","rat"""
"""5bbb7a91ebfa925b0765103006bdde91f19c648ae792fab9dbc73832f3b2423c"""," ""win.asyncrat"""," ""None"""," ""50""",2026-10-03 04:00:50," """"","rat"""
"""5bc4fab9549fbee01dc9077fdf359a547a0f422f9acce8c6f782750f0783705f"""," ""win.asyncrat"""," ""None"""," ""50""",2026-10-03 04:00:50," """"","rat"""
"""5bce523cf8c5dd90f1165b5ec962ce2a888e73982ebfef2b61c1c1eb4343ebec"""," ""win.asyncrat"""," ""None"""," ""50""",2026-10-03 04:00:50," """"","rat"""
"""5bcebf01c55b24ba2097f86c5074898ff8f04aca40064903d3afc2ca0593dde2"""," ""win.asyncrat"""," ""None"""," ""50""",2026-10-03 04:00:50," """"","rat"""
"""5bd07877dfc90482632cc43e3bee0c51d1afd52202e862f22e3d4af4b08dc8f6"""," ""win.asyncrat"""," ""None"""," ""50""",2026-10-03 04:00:50," """"","rat"""
"""5bd409633d70d716dab38c05880c4b486cfeb251666b791bdceab759804efc95"""," ""win.asyncrat"""," ""None"""," ""50""",2026-10-03 04:00:50," """"","rat"""
"""5bd9aaa69e589fb507060f12a8e225322f2591417af66542c7e5948bacf3cbd7"""," ""win.asyncrat"""," ""None"""," ""50""",2026-10-03 04:00:50," """"","rat"""
"""5bdb74786b829bfe02d42406c012b71e7077cb05c817cf5cbf6cea5ced810c54"""," ""win.asyncrat"""," ""None"""," ""50""",2026-10-03 04:00:50," """"","rat"""
"""5bdeba507b66a24f44dcb59ed19b2547801a73d3fa08796dc98f9881f2b3485d"""," ""win.asyncrat"""," ""None"""," ""50""",2026-10-03 04:00:50," """"","rat"""
"""5be39967ba90f3766fa81f354a61102a7ddf6bc19ec282e56727abb6dafb973c"""," ""win.asyncrat"""," ""None"""," ""50""",2026-10-03 04:00:50," """"","rat"""
"""5be3d59d690e83027cd5c516da2a0c6a2a0684f9bcf3179377d6eecf655faddb"""," ""win.asyncrat"""," ""None"""," ""50""",2026-10-03 04:00:50," """"","rat"""
"""5be5dbcf6753c5607b5c95bf93e71f1d71fcb2c6ff691f949e237bc6df77a34a"""," ""win.asyncrat"""," ""None"""," ""50""",2026-10-03 04:00:50," """"","rat"""
"""5be7483945953a8b8ffd55749ab84dec1a13b69427b3cb7694445ed8ffc834cb"""," ""win.asyncrat"""," ""None"""," ""50""",2026-10-03 04:00:50," """"","rat"""
"""5bf07292f02cddebbd5b44907367f946809042d12567e236fe551dca71c0547e"""," ""win.asyncrat"""," ""None"""," ""50""",2026-10-03 04:00:50," """"","rat"""
"""5bf244e2df8231c698d72fd008da45c9006de6a5fd2b6a94ba413bfcc3e59efb"""," ""win.asyncrat"""," ""None"""," ""50""",2026-10-03 04:00:50," """"","rat"""
"""5b4b7ee3ed81ea6e75c4ee134cce259605ac1afa38229ca6f34e8d5329f33dd6"""," ""win.asyncrat"""," ""None"""," ""50""",2026-10-03 04:00:49," """"","rat"""
"""5b50184ed66019791462d7387421bd70e6602eb4304ddab4bdba94cda6428410"""," ""win.asyncrat"""," ""None"""," ""50""",2026-10-03 04:00:49," """"","rat"""
"""5b54400c84e105e86ed26276feb2906f9d26f6a0730479183480d1e34e9c34e0"""," ""win.asyncrat"""," ""None"""," ""50""",2026-10-03 04:00:49," """"","rat"""
"""5b5e2552d691212b83ad41eaa420583b68cf57e83362fbdb754ecc84f8dd3fa4"""," ""win.asyncrat"""," ""None"""," ""50""",2026-10-03 04:00:49," """"","rat"""
"""5b60f3dc0e0e96085cdddb8d8135eede32ccc9f0981996261a8cf27d4be2dbfb"""," ""win.asyncrat"""," ""None"""," ""50""",2026-10-03 04:00:49," """"","rat"""
"""5b680101384ad90a8f101357914ff008624d14e46faf97960276cdda8428335d"""," ""win.asyncrat"""," ""None"""," ""50""",2026-10-03 04:00:49," """"","rat"""
"""5b682f3038aea6c3db35ba85a82712a1920adddd5587777742ca711dcd729757"""," ""win.asyncrat"""," ""None"""," ""50""",2026-10-03 04:00:49," """"","rat"""
"""5b68d29d1f99009dac38774dd8d9182fc40cc9163516bd3bf2c8024f5478aee2"""," ""win.asyncrat"""," ""None"""," ""50""",2026-10-03 04:00:49," """"","rat"""
"""5b6b2d78188488ad2ca577191b05169a07eb77de5dc03b1dadb9bcb98f55b543"""," ""win.asyncrat"""," ""None"""," ""50""",2026-10-03 04:00:49," """"","rat"""
"""5b733896f186b7083716a3a5902e9d2af0f8dd2252f47bdb019ceaab18e1873e"""," ""win.asyncrat"""," ""None"""," ""50""",2026-10-03 04:00:49," """"","rat"""
"""5b78497b44ac464a526f275de8b5e0404fcad3e5e469a1a533700482b9ddae7d"""," ""win.asyncrat"""," ""None"""," ""50""",2026-10-03 04:00:49," """"","rat"""
"""5b7bb08f80b3744aa909856ee6c7219781bb1e3fa218d6bb1ced7a8222da9bcf"""," ""win.asyncrat"""," ""None"""," ""50""",2026-10-03 04:00:49," """"","rat"""
"""5b7d74743d1c531440bf1613fe166f92e6e049771817a81c0fbb990a541f5af0"""," ""win.asyncrat"""," ""None"""," ""50""",2026-10-03 04:00:49," """"","rat"""
"""5b7feeacff6d72522fc4ef7845556385bca0801c5c957ce531fbce82d5e81bfc"""," ""win.asyncrat"""," ""None"""," ""50""",2026-10-03 04:00:49," """"","rat"""
"""5b8018039f69001517f67671b8f4421642b982151275c984f4e87a026ce8ff84"""," ""win.asyncrat"""," ""None"""," ""50""",2026-10-03 04:00:49," """"","rat"""
"""5b85e8c3a111fa974d3a497f58e28dc2be93ec6db391547746076d8e0b4ad1a1"""," ""win.asyncrat"""," ""None"""," ""50""",2026-10-03 04:00:49," """"","rat"""
"""5b8dee6c6dc56ebbe0c3bd3841f8a9787b782ea0eb7ccbec5ced6bc6471ea3ff"""," ""win.asyncrat"""," ""None"""," ""50""",2026-10-03 04:00:49," """"","rat"""
"""5b92c0a0aa9d10ab77c04faf26284bd52acfd32c7fc25920e3f97356355a7aa7"""," ""win.asyncrat"""," ""None"""," ""50""",2026-10-03 04:00:49," """"","rat"""
"""5b22ebf013bd25d7814be5260f94babfeca0ba3a86d76637e4d3906705aef8fb"""," ""win.asyncrat"""," ""None"""," ""50""",2026-10-03 04:00:48," """"","rat"""
"""5b23cda7e61a7e54331995b5eab48efd59ff50455881027ea8bd5cd70a6833a0"""," ""win.asyncrat"""," ""None"""," ""50""",2026-10-03 04:00:48," """"","rat"""
"""5b2a4357ad1133c780fc4d77bfe6a3413b8db40384d4e3c25ea0471b1cf58e48"""," ""win.asyncrat"""," ""None"""," ""50""",2026-10-03 04:00:48," """"","rat"""
"""5b2b7e6010558d159d708f833b664c69150b6a61e8e51c169e507a396622d809"""," ""win.asyncrat"""," ""None"""," ""50""",2026-10-03 04:00:48," """"","rat"""
"""5b2dc2be60ce4e2b45f56c7e948d4cbf992bf03b491f88e9b38ba59451e94e91"""," ""win.asyncrat"""," ""None"""," ""50""",2026-10-03 04:00:48," """"","rat"""
"""5b2e00e8f3569f86049e7faa79f3acad55e64df08322fae94a19ce33dbe3313a"""," ""win.asyncrat"""," ""None"""," ""50""",2026-10-03 04:00:48," """"","rat"""
"""5b2f579987154494f3b803562e7b01528603d49c39e139acacc5b4787814b4c6"""," ""win.asyncrat"""," ""None"""," ""50""",2026-10-03 04:00:48," """"","rat"""
"""5b30c27eaca00c51aa594df7273f8e24d84d08a6c085147697e21b082e3e7812"""," ""win.asyncrat"""," ""None"""," ""50""",2026-10-03 04:00:48," """"","rat"""
"""5b31819f4c487d4ef319928cfbb3b05e84ce2f495fcd8108673a531e735198e5"""," ""win.asyncrat"""," ""None"""," ""50""",2026-10-03 04:00:48," """"","rat"""
"""5b33e729c1b06179513baa7af574be4e43fab620da2eb35727dfde4626400070"""," ""win.asyncrat"""," ""None"""," ""50""",2026-10-03 04:00:48," """"","rat"""
"""5b387270f6c1cf7c8e799f372acace6708379b3a263d23b6811e1d5ecab11513"""," ""win.asyncrat"""," ""None"""," ""50""",2026-10-03 04:00:48," """"","rat"""
"""5b3af8e442e66694d6aaba48bd26b4e52cc20e95beec609e9153adc4120b6c0d"""," ""win.asyncrat"""," ""None"""," ""50""",2026-10-03 04:00:48," """"","rat"""
"""5b3b2740f8a955d06964950090d76c73f0af25282b1c43df47f147156c770706"""," ""win.asyncrat"""," ""None"""," ""50""",2026-10-03 04:00:48," """"","rat"""
"""5b3b4149268ec936dad0be21248521fcf760e6701ac2d1a2aaed24699b39f873"""," ""win.asyncrat"""," ""None"""," ""50""",2026-10-03 04:00:48," """"","rat"""
"""5b4370b25fe72d6c42fb44edec85bd01d173d12c2811eaabe636f653c2bda63e"""," ""win.asyncrat"""," ""None"""," ""50""",2026-10-03 04:00:48," """"","rat"""
"""5b476b935cae4bf02299f7dee135b0bb091fd7716b2973d7172e04f4f2985d72"""," ""win.asyncrat"""," ""None"""," ""50""",2026-10-03 04:00:48," """"","rat"""
"""5b47ffff0cfebfd81a988d6531fd076e356051b3fa55f25afd4bc13de8c7b6c6"""," ""win.asyncrat"""," ""None"""," ""50""",2026-10-03 04:00:48," """"","rat"""
"""5b4b64fdfdb9d9b8ae37dbd291deb4d7669983ac9e5cba0abe9df4702f08e0b8"""," ""win.asyncrat"""," ""None"""," ""50""",2026-10-03 04:00:48," """"","rat"""
"""5abfcce47f72506584b1a2388d62634a0fb45d632d276ce543fb380128b59168"""," ""win.asyncrat"""," ""None"""," ""50""",2026-10-03 04:00:47," """"","rat"""
"""5ac69c8e54fb08fdc85586c8abf0ba19ebd2fecfab9007c6a6434ae47c513ff8"""," ""win.asyncrat"""," ""None"""," ""50""",2026-10-03 04:00:47," """"","rat"""
"""5acd74cdab616fc71cee23a87568e746c6aeb45c0a9645c98fa507119781ba5e"""," ""win.asyncrat"""," ""None"""," ""50""",2026-10-03 04:00:47," """"","rat"""
"""5acf19bc4f149128aa1cdf3230a3f750589ce465ee4ece2d0bc8fcbc7c2d89fa"""," ""win.asyncrat"""," ""None"""," ""50""",2026-10-03 04:00:47," """"","rat"""
"""5ad065f1c6a074daa4db9b8af2795bd2bece8d9d5ca5f88a76e96896f688ad2d"""," ""win.asyncrat"""," ""None"""," ""50""",2026-10-03 04:00:47," """"","rat"""
"""5ad73a02b37b04f6c0b245582a1dad17888d3c340626b1a094d6237a37ced49b"""," ""win.asyncrat"""," ""None"""," ""50""",2026-10-03 04:00:47," """"","rat"""
"""5ad7a9c59c7ee2d74b531256a735d43ff5d5647b0a9cd7e768206501e0260930"""," ""win.asyncrat"""," ""None"""," ""50""",2026-10-03 04:00:47," """"","rat"""
"""5ad8d722bea32527addef8a9a21e9514541eb3a005243f6be11d51a1473c9035"""," ""win.asyncrat"""," ""None"""," ""50""",2026-10-03 04:00:47," """"","rat"""
"""5ae57d3bd7358105dd7d2c360c93a52e9dd0e9201b2c51ebf14cabcb51e9cb7c"""," ""win.asyncrat"""," ""None"""," ""50""",2026-10-03 04:00:47," """"","rat"""
"""5ae62f030ffa1d99c0e3f1797bfefb99594d52e959d7c7ff8686725ce3c434be"""," ""win.asyncrat"""," ""None"""," ""50""",2026-10-03 04:00:47," """"","rat"""
"""5aecfd145020845cb448e25cc896ce62b5359c01d1ebd68cfedb7385374a9cef"""," ""win.asyncrat"""," ""None"""," ""50""",2026-10-03 04:00:47," """"","rat"""
"""5af7cfae0ad82f0e1d210bacf1fb6bbc9a15f0b62f88af71dbf9abf3a436ddd8"""," ""win.asyncrat"""," ""None"""," ""50""",2026-10-03 04:00:47," """"","rat"""
"""5af88b2d9a192241b2b0e52aed733bdeb190a4af07eacc6940520f7441c04953"""," ""win.asyncrat"""," ""None"""," ""50""",2026-10-03 04:00:47," """"","rat"""
"""5afdc4f45d0d4f4f7ea1995a0153ffa6c1eeef97ca4a6963ed04b67b24dc953a"""," ""win.asyncrat"""," ""None"""," ""50""",2026-10-03 04:00:47," """"","rat"""
"""5aff1bf85f40c7a911ef8143b36f2d63ed72e82bf73b1a315fcf04bb893c21fd"""," ""win.asyncrat"""," ""None"""," ""50""",2026-10-03 04:00:47," """"","rat"""
"""5b054b368eda8d148383e6a64d890b885d9a0b1898493e1008ffe1a531118b6b"""," ""win.asyncrat"""," ""None"""," ""50""",2026-10-03 04:00:47," """"","rat"""
"""5b0a3e7a54417c206be93da0f4f4be8aa344b1895292418946cea2bc85239d10"""," ""win.asyncrat"""," ""None"""," ""50""",2026-10-03 04:00:47," """"","rat"""
"""5b0e0a85f3fe4edb1c5b46152a2b3b0088623dc9b70e6d117d7d9d51ae1a852c"""," ""win.asyncrat"""," ""None"""," ""50""",2026-10-03 04:00:47," """"","rat"""
"""5b13fc03000a30791610849ba3ae9b2e6e1a25f4f961b989a660ca18f5f9046a"""," ""win.asyncrat"""," ""None"""," ""50""",2026-10-03 04:00:47," """"","rat"""
"""5b1a78f71cc67ecccd1af1d550c4c42a16fec4b6328eeda5d595fe654ff9c453"""," ""win.asyncrat"""," ""None"""," ""50""",2026-10-03 04:00:47," """"","rat"""
"""5b1d62f753c07f02223c7901e1f088c028b6f36e8a80508ea35be86bff89f499"""," ""win.asyncrat"""," ""None"""," ""50""",2026-10-03 04:00:47," """"","rat"""
"""5b2092534b5f257e161e81e7768f50d625f5400fda62e8e1eb887ed4c943007b"""," ""win.asyncrat"""," ""None"""," ""50""",2026-10-03 04:00:47," """"","rat"""
"""5a79fc69ece5ee0ccb6007ab61c30e4318230e319a40894d9afe8cbeb79a901b"""," ""win.asyncrat"""," ""None"""," ""50""",2026-10-03 04:00:46," """"","rat"""
"""5a7a57bf86880d83e4b6d67b6f44aa207a2db578588b747f4b6889969ebf4bae"""," ""win.asyncrat"""," ""None"""," ""50""",2026-10-03 04:00:46," """"","rat"""
"""5a7af45895bf65bd39edbb7d0a524294c4ba54cb162f4e673dd184337a49ba97"""," ""win.asyncrat"""," ""None"""," ""50""",2026-10-03 04:00:46," """"","rat"""
"""5a843694b01a9bfa63eaeec145173e06f4bba9cf9809fe61d95e2c890d72b397"""," ""win.asyncrat"""," ""None"""," ""50""",2026-10-03 04:00:46," """"","rat"""
"""5a85d5b5c8d4bbfc07023bc6935244f08b8efd77e018142f885ae317db153702"""," ""win.asyncrat"""," ""None"""," ""50""",2026-10-03 04:00:46," """"","rat"""
"""5a890fb93c0c13dffe56c3dc96440adc06166477db7d43f52b1676a2eca476d0"""," ""win.asyncrat"""," ""None"""," ""50""",2026-10-03 04:00:46," """"","rat"""
"""5a8a34603f4d9871a56509d8a271307e9c1b18f80d698d642e4e0f1d5b94f5df"""," ""win.asyncrat"""," ""None"""," ""50""",2026-10-03 04:00:46," """"","rat"""
"""5a8a76a01446c6a7f89d3bfcb7e97a1e3f559251912c7faeab16ca5b1cf119ae"""," ""win.asyncrat"""," ""None"""," ""50""",2026-10-03 04:00:46," """"","rat"""
"""5a8ce3474a9be952a46e11bd01bdb7c461273995ccdab190f6d6bdbcde340cc5"""," ""win.asyncrat"""," ""None"""," ""50""",2026-10-03 04:00:46," """"","rat"""
"""5a8e8e48add151c8058bad8173424e10e1a336dee8982da211d8f612323219c7"""," ""win.asyncrat"""," ""None"""," ""50""",2026-10-03 04:00:46," """"","rat"""
"""5a8ee7b27a0943be5d8836260a29513e390687c6223de83f2a19e84759a115e0"""," ""win.asyncrat"""," ""None"""," ""50""",2026-10-03 04:00:46," """"","rat"""
"""5a9436052ba16ec5387d5d029eac2adec32e21747e35ec4774aefc5cd566b06d"""," ""win.asyncrat"""," ""None"""," ""50""",2026-10-03 04:00:46," """"","rat"""
"""5a94bf63d3340def39a14eb49570418006ccb62f03c556fc8288d815171872d3"""," ""win.asyncrat"""," ""None"""," ""50""",2026-10-03 04:00:46," """"","rat"""
"""5a991c03f75a71834347ed5f8871c17bfe63c2cba9f8c4addce224efd063318b"""," ""win.asyncrat"""," ""None"""," ""50""",2026-10-03 04:00:46," """"","rat"""
"""5a9ec62bfda4c828f3f5a2af58432a51282c0a9b88a6129a66d5f129e82ea265"""," ""win.asyncrat"""," ""None"""," ""50""",2026-10-03 04:00:46," """"","rat"""
"""5aaec1bda08134d46382d217dbeba5a93a5969cb6ad918c04476086a21e8d417"""," ""win.asyncrat"""," ""None"""," ""50""",2026-10-03 04:00:46," """"","rat"""
"""5ab1b5c6441512297d7523334bdb92dbee7f35ad76901d7f199bc9d5a1223457"""," ""win.asyncrat"""," ""None"""," ""50""",2026-10-03 04:00:46," """"","rat"""
"""5ab63870b80c8c0b2fb482f1c9581682740feac9ae7a5c0d8fd9b31997865330"""," ""win.asyncrat"""," ""None"""," ""50""",2026-10-03 04:00:46," """"","rat"""
"""5ab8a17246063f43e04f124c842427a9413d086796c1fd5e9d46917b308f5e74"""," ""win.asyncrat"""," ""None"""," ""50""",2026-10-03 04:00:46," """"","rat"""
"""5abcbca65dd518ebe8c10cb0cf2e4cacd47bb26f274c4e4900b0fd744b1ca445"""," ""win.asyncrat"""," ""None"""," ""50""",2026-10-03 04:00:46," """"","rat"""
"""5a3152db74b5749cac0edc405cc09977c236b5433349946233eeb6616ff6d1c9"""," ""win.asyncrat"""," ""None"""," ""50""",2026-10-03 04:00:45," """"","rat"""
"""5a350863147326d5aca1b05ff6a8721d360271751ec7f32cee1237d40f84d804"""," ""win.asyncrat"""," ""None"""," ""50""",2026-10-03 04:00:45," """"","rat"""
"""5a35b4b2d0cea1f24659454d083bde1155d267437d8ada9f03b7ef1a35f05376"""," ""win.asyncrat"""," ""None"""," ""50""",2026-10-03 04:00:45," """"","rat"""
"""5a37f70a155f87751cf3e5af3792d345d198fcac9c202ca239698462317489e3"""," ""win.asyncrat"""," ""None"""," ""50""",2026-10-03 04:00:45," """"","rat"""
"""5a392e4efe5612a81091a5b9a46ba04a3bd3ff18d0782f7623034b266ffac12a"""," ""win.asyncrat"""," ""None"""," ""50""",2026-10-03 04:00:45," """"","rat"""
"""5a3a8fc11723f0cb4a085c297a99cc40fd5f745d5eb1aa8a5d064eeacd541567"""," ""win.asyncrat"""," ""None"""," ""50""",2026-10-03 04:00:45," """"","rat"""
"""5a3b4b90b0ab5f502edd86679269cea4aef55ddf0a1a5fc41cfab7bb19a8adc4"""," ""win.asyncrat"""," ""None"""," ""50""",2026-10-03 04:00:45," """"","rat"""
"""5a3cc55b84d375a82e57df7fd5bb4aefeeddca16e380efbaeb391f027a7b904f"""," ""win.asyncrat"""," ""None"""," ""50""",2026-10-03 04:00:45," """"","rat"""
"""5a3e0932ed3e373873f70f891ff7927b31a20fe6ee14f60481070bd9e92ad2d3"""," ""win.asyncrat"""," ""None"""," ""50""",2026-10-03 04:00:45," """"","rat"""
"""5a3f79fbc9a45a1479900c1ecaaa6025fd02c5ab34ab86dee62f4dd4e743a4b5"""," ""win.asyncrat"""," ""None"""," ""50""",2026-10-03 04:00:45," """"","rat"""
"""5a40afa6e0c4a9f1e700f69fa43bdb72a6bcb0a7f91a223296edf97ac4cf4bf5"""," ""win.asyncrat"""," ""None"""," ""50""",2026-10-03 04:00:45," """"","rat"""
"""5a4118c8726ff100fdcd3399f0f5924a42217f1f6829f6707adac8ef64b40cd4"""," ""win.asyncrat"""," ""None"""," ""50""",2026-10-03 04:00:45," """"","rat"""
"""5a45010185cc2a0962ae52b5fb91832cb6d2405018915cf76849a149938b056a"""," ""win.asyncrat"""," ""None"""," ""50""",2026-10-03 04:00:45," """"","rat"""
"""5a47a9d3dbb16c5926f4a4a20dfc5b7d66a517ce257c74bf94efa7d543e4d467"""," ""win.asyncrat"""," ""None"""," ""50""",2026-10-03 04:00:45," """"","rat"""
"""5a4f75c16948eb90210b50a2af901dad431a231d5a4406ce55dad0cd943d5cd0"""," ""win.asyncrat"""," ""None"""," ""50""",2026-10-03 04:00:45," """"","rat"""
"""5a55e8151e99ae52f6fb48e25cdf6d7d2fc6e531b6050a250fc4f53d480aa3ac"""," ""win.asyncrat"""," ""None"""," ""50""",2026-10-03 04:00:45," """"","rat"""
"""5a57706780835a210eccf401bcf95cc2d5b29a5ed1bacbf51356d52709c69d07"""," ""win.asyncrat"""," ""None"""," ""50""",2026-10-03 04:00:45," """"","rat"""
"""5a5f91915bf0ef55b1fbaf80c89049cc8ea8747b044c2cfe8b75446c00989646"""," ""win.asyncrat"""," ""None"""," ""50""",2026-10-03 04:00:45," """"","rat"""
"""5a6a65fa47ac10e59289b7d0dfc88f27650221740a0192b0bcec0bf20495ce8b"""," ""win.asyncrat"""," ""None"""," ""50""",2026-10-03 04:00:45," """"","rat"""
"""5a6b14de8a0e73a2e095d14ca488c7e06015149697e9c63b8a613ee771d33279"""," ""win.asyncrat"""," ""None"""," ""50""",2026-10-03 04:00:45," """"","rat"""
"""5a6c9d74250163d9a449eda7b8fcbb478e1c65665d89ace020545e37671acd5f"""," ""win.asyncrat"""," ""None"""," ""50""",2026-10-03 04:00:45," """"","rat"""
"""5a7408c59399bb8e811e0dec898ae9a9a95579953e9e180486d0855b1354bd6a"""," ""win.asyncrat"""," ""None"""," ""50""",2026-10-03 04:00:45," """"","rat"""
"""5a7561b3dc0e2a5ecfe02e05556e1dd8e3bee1a5770b6e35494d692a2697f270"""," ""win.asyncrat"""," ""None"""," ""50""",2026-10-03 04:00:45," """"","rat"""
"""59b59aca90c2ededfeeb5fa8a00ef39a422c426f7e0ee0dbaa01e78950b2357e"""," ""win.asyncrat"""," ""None"""," ""50""",2026-10-03 04:00:44," """"","rat"""
"""59bdb2c04a8f16909640f2bb4d6d5817141ca0963dc174f51e10778480e0ad96"""," ""win.asyncrat"""," ""None"""," ""50""",2026-10-03 04:00:44," """"","rat"""
"""59c2093e5d246e13bae24104e74c2469cf22fd3398682a9c4ad9a21ea88d91a7"""," ""win.asyncrat"""," ""None"""," ""50""",2026-10-03 04:00:44," """"","rat"""
"""59c388b975d290fa525ffefe5aaecb011219ebd3121a7e79e913d980fb7af951"""," ""win.asyncrat"""," ""None"""," ""50""",2026-10-03 04:00:44," """"","rat"""
"""59c4eac59865fae0ef3c43a6126784583a168b57e73a8743ef5dd063dfd86d19"""," ""win.asyncrat"""," ""None"""," ""50""",2026-10-03 04:00:44," """"","rat"""
"""59d8a10a22fd730fc9571264472eda6643ac6adcbf5b292f48cb582ea3c1ff84"""," ""win.asyncrat"""," ""None"""," ""50""",2026-10-03 04:00:44," """"","rat"""
"""59d91eb4b2bc2f6885916bb004d080fe6dbe6469a5ad24b779cd6ecc6d81750a"""," ""win.asyncrat"""," ""None"""," ""50""",2026-10-03 04:00:44," """"","rat"""
"""59e4212b84a36744e19bf788f29ad35fec361b80bc92468f9b658346cf1532a6"""," ""win.asyncrat"""," ""None"""," ""50""",2026-10-03 04:00:44," """"","rat"""
"""59edee67863a1bbcecd5a6146907ebff54d8220d56ddb2339dfa9296a0e59bfa"""," ""win.asyncrat"""," ""None"""," ""50""",2026-10-03 04:00:44," """"","rat"""
"""59ee98956a0a1b1302ca6dfda4eaf1b37804a5a03334ccc12d782933d70f7eed"""," ""win.asyncrat"""," ""None"""," ""50""",2026-10-03 04:00:44," """"","rat"""
"""5a0af608a0f533c77f610cf1fe09157fabf59a0e57d342508892ed67a427e49d"""," ""win.asyncrat"""," ""None"""," ""50""",2026-10-03 04:00:44," """"","rat"""
"""5a0e15246223a53fe7f3d3ef6600836b6c59f01d12ed587b2d30137947a6801e"""," ""win.asyncrat"""," ""None"""," ""50""",2026-10-03 04:00:44," """"","rat"""
"""5a0fb0a46a2dffb2974aa1341993c09342d29ffd08240793142e4c929c614e47"""," ""win.asyncrat"""," ""None"""," ""50""",2026-10-03 04:00:44," """"","rat"""
"""5a1646fa26cb95a706d70336cb843c12d97932fa8c1c732e8ee0d00cb7e41b45"""," ""win.asyncrat"""," ""None"""," ""50""",2026-10-03 04:00:44," """"","rat"""
"""5a1a08326c4e32d6b5c9558918bf6e0d31ba8646cc8fbc5974e929f364ebd824"""," ""win.asyncrat"""," ""None"""," ""50""",2026-10-03 04:00:44," """"","rat"""
"""5a1b7ee6eb8b76152c54fa3b0d5fe69589bccaf7adab2250778f79fa45291a9e"""," ""win.asyncrat"""," ""None"""," ""50""",2026-10-03 04:00:44," """"","rat"""
"""5a1c40dee899e7427ea54f9208b2ef97d36c44967cb0bf3451150ee40deb7901"""," ""win.asyncrat"""," ""None"""," ""50""",2026-10-03 04:00:44," """"","rat"""
"""5a21be880a233bfa4c1915d80b90343cbbb7c00e1bcc6e828db87fa36aea1dd3"""," ""win.asyncrat"""," ""None"""," ""50""",2026-10-03 04:00:44," """"","rat"""
"""5a22277d569d6d7599b532412647e987f085e0690c97f21e22b9c091fa45fb37"""," ""win.asyncrat"""," ""None"""," ""50""",2026-10-03 04:00:44," """"","rat"""
"""5a253bae976d5a82742a72ca28eda0eac5cb8ac3f7a0ae0cdc3c9b6fefff2a63"""," ""win.asyncrat"""," ""None"""," ""50""",2026-10-03 04:00:44," """"","rat"""
"""5a25c825e231e59b74d37cf66f9e048ba0785d209f37e55eb9e56dd8ed4939cf"""," ""win.asyncrat"""," ""None"""," ""50""",2026-10-03 04:00:44," """"","rat"""
"""5a268bcf9eb084cf41e412754cc2956e04f55439433dc24f342f0e6a123b2d11"""," ""win.asyncrat"""," ""None"""," ""50""",2026-10-03 04:00:44," """"","rat"""
"""5a283f2f193bd78816d21cc62d0bb67a5570bc631f5c3752444abc28515e542c"""," ""win.asyncrat"""," ""None"""," ""50""",2026-10-03 04:00:44," """"","rat"""
"""5976b54ce310f3c869a5540f3c12df4fb60b9c96fdcbf9616703cd7a5c9f75f6"""," ""win.asyncrat"""," ""None"""," ""50""",2026-10-03 04:00:43," """"","rat"""
"""5978318a79c62ba3dbbae6d601e46d6ec2774627b3cc467220fe7e3794e1e9e5"""," ""win.asyncrat"""," ""None"""," ""50""",2026-10-03 04:00:43," """"","rat"""
"""597967017af5b99604f5b8135ba5da3929d447937ef96d6d08750c71b1ad8b57"""," ""win.asyncrat"""," ""None"""," ""50""",2026-10-03 04:00:43," """"","rat"""
"""597e518506fbbb5477ee2982b80e6c451d23a2b88ab006de22eb869b6890ad5f"""," ""win.asyncrat"""," ""None"""," ""50""",2026-10-03 04:00:43," """"","rat"""
"""597fe94395dcd3432d4ddf6c26524a5554c8dbcc48573936203b48df42ef5e02"""," ""win.asyncrat"""," ""None"""," ""50""",2026-10-03 04:00:43," """"","rat"""
"""59826e007d50e1f3dcda5d2cb2ac50ba32f154da98c1348f7fbfee24f6b29841"""," ""win.asyncrat"""," ""None"""," ""50""",2026-10-03 04:00:43," """"","rat"""
"""59866a14de6b29b024a4fff2b589958cda7dc6768b1a9206ddbd1b5ec29fd4b1"""," ""win.asyncrat"""," ""None"""," ""50""",2026-10-03 04:00:43," """"","rat"""
"""5987d190c640cafc02bd5e0b7b023d7c793b25fc6af38ce7f541368683fc6b66"""," ""win.asyncrat"""," ""None"""," ""50""",2026-10-03 04:00:43," """"","rat"""
"""5990d3b3b6e3dd0b3e038d5aa51dd1db08a927de7bdc1fc9ef2f15057298d60d"""," ""win.asyncrat"""," ""None"""," ""50""",2026-10-03 04:00:43," """"","rat"""
"""5992fa2ee8037890f94776332d1f049538c6015de4476e410298b08fcea91b40"""," ""win.asyncrat"""," ""None"""," ""50""",2026-10-03 04:00:43," """"","rat"""
"""59930c83d569e7df4d5ec1b7e6689ba19dcb988c2686ca0589a15f40e30e945d"""," ""win.asyncrat"""," ""None"""," ""50""",2026-10-03 04:00:43," """"","rat"""
"""599974ce7cc1e183d906c624c96ac1d8cd2650ba4448fd786806061b12a2ad5e"""," ""win.asyncrat"""," ""None"""," ""50""",2026-10-03 04:00:43," """"","rat"""
"""599d1acb2df1254d8d4d3eb26fd5d3b6ae343add44b374a9245edf78da93da7e"""," ""win.asyncrat"""," ""None"""," ""50""",2026-10-03 04:00:43," """"","rat"""
"""599e17a85afe5abfc5e7f0210a5d76241bc5304d4ff1fd6f5376bd2aa859a3c6"""," ""win.asyncrat"""," ""None"""," ""50""",2026-10-03 04:00:43," """"","rat"""
"""59a1600d03e80acf6301e3dd2e13b80537c8e6157a932a2d49999a0afa96ce44"""," ""win.asyncrat"""," ""None"""," ""50""",2026-10-03 04:00:43," """"","rat"""
"""59a367a09af257749c3b5a2834b509112aed2c5d198bae689473811ccffe006a"""," ""win.asyncrat"""," ""None"""," ""50""",2026-10-03 04:00:43," """"","rat"""
"""59a4a76029372c69617f13c823f4597b4e3a830612bf6897a27b7c7f67b45165"""," ""win.asyncrat"""," ""None"""," ""50""",2026-10-03 04:00:43," """"","rat"""
"""59a62930d4a8bb2f36955e0e9200b14d9eb6b3d676c89a13cec4fb19726fc678"""," ""win.asyncrat"""," ""None"""," ""50""",2026-10-03 04:00:43," """"","rat"""
"""59a873a927aeb9433ad46c8abc5d4b6221d17a013eb68237fdd9367e86769610"""," ""win.asyncrat"""," ""None"""," ""50""",2026-10-03 04:00:43," """"","rat"""
"""59ac6b70725a97f04ae106fa7f24c238bbfeacf34e87af40be8ed91a8bcd5d3a"""," ""win.asyncrat"""," ""None"""," ""50""",2026-10-03 04:00:43," """"","rat"""
"""59ad9257d7c16ca9d1a6e32b71e9286767c908b90ef1fa631abc5288bdb3e7a2"""," ""win.asyncrat"""," ""None"""," ""50""",2026-10-03 04:00:43," """"","rat"""
"""592dea4eea3a4fc6540a4c677253f3936822f9040add569257eb1878cbafecca"""," ""win.asyncrat"""," ""None"""," ""50""",2026-10-03 04:00:42," """"","rat"""
"""5939193e34b577e9f7c5cdfe4ee6c35d29e4fdadbced549cf0e5668b331089f5"""," ""win.asyncrat"""," ""None"""," ""50""",2026-10-03 04:00:42," """"","rat"""
"""593ea77a457ec269ecede467f85557c7e1ff1d949b546737ab5670f0824819ba"""," ""win.asyncrat"""," ""None"""," ""50""",2026-10-03 04:00:42," """"","rat"""
"""593fd9a7e2993e2576fa546b6cf4c15880929906f749442b2f248320e30377ee"""," ""win.asyncrat"""," ""None"""," ""50""",2026-10-03 04:00:42," """"","rat"""
"""5944076a7ec8819de46d175e4d2e33f74788c77c286f52f807bb3bfd658b3d17"""," ""win.asyncrat"""," ""None"""," ""50""",2026-10-03 04:00:42," """"","rat"""
"""5944fcbcbf4237024b5d0f470ca7c8ee7400df64ec25f041b35f08ab6c16961f"""," ""win.asyncrat"""," ""None"""," ""50""",2026-10-03 04:00:42," """"","rat"""
"""594c63073c1ac2ce0c5e514d4c629f5dc71a978a1a7c4aee66e15fe1872e8da2"""," ""win.asyncrat"""," ""None"""," ""50""",2026-10-03 04:00:42," """"","rat"""
"""594d9301ab9efa07653054e84867b50d9e89d0e199c3099da906e4db5020e7d0"""," ""win.asyncrat"""," ""None"""," ""50""",2026-10-03 04:00:42," """"","rat"""
"""594fba274e35ea62c45899c7d1e2255bc5f3b745429b10e8d2453b59c2a8c27f"""," ""win.asyncrat"""," ""None"""," ""50""",2026-10-03 04:00:42," """"","rat"""
"""5950bc250aea30acdbd275a5c615555bff8401d295d80feae8dedbb8b1957402"""," ""win.asyncrat"""," ""None"""," ""50""",2026-10-03 04:00:42," """"","rat"""
"""595535c6b246283b545b561c30acf53aa4574382c78132b99f5949d67d4f9c38"""," ""win.asyncrat"""," ""None"""," ""50""",2026-10-03 04:00:42," """"","rat"""
"""595ada033231aaec9c0867f0daeeef3c6d14fb2f61d8a88c493a96bc94e40ca2"""," ""win.asyncrat"""," ""None"""," ""50""",2026-10-03 04:00:42," """"","rat"""
"""595d23b3fc8264dd990d995b23879b187fc2934cbfbb472c4dd0fefac1b0018e"""," ""win.asyncrat"""," ""None"""," ""50""",2026-10-03 04:00:42," """"","rat"""
"""595f4fc0f66cfba69430aad00411be104f37958edbbbb773a105b2b9f06f6fa8"""," ""win.asyncrat"""," ""None"""," ""50""",2026-10-03 04:00:42," """"","rat"""
"""5967bc55d48d3d88071ac48cb5fcb48e7c03cf3258545ffe33dd9b158da555c6"""," ""win.asyncrat"""," ""None"""," ""50""",2026-10-03 04:00:42," """"","rat"""
"""5969e616a32e7cb09dd32ddca0c37e989a6131edb5c4a7b4367400c3f0e8527e"""," ""win.asyncrat"""," ""None"""," ""50""",2026-10-03 04:00:42," """"","rat"""
"""596da48ad04336a65137ab69c3fca6f0fe464570f4f233a93e08219c77f33cdd"""," ""win.asyncrat"""," ""None"""," ""50""",2026-10-03 04:00:42," """"","rat"""
"""596e11df7cb34665a39e1f5d0d3ac0e1a50342e064a3ea960b078f078a1ccfc2"""," ""win.asyncrat"""," ""None"""," ""50""",2026-10-03 04:00:42," """"","rat"""
"""5974ab14aa9e0a1adf11517f431a0fe46316fe37b70b91eb47dc219034ce7437"""," ""win.asyncrat"""," ""None"""," ""50""",2026-10-03 04:00:42," """"","rat"""
"""5975eae4bf3b519fd6a9bade6741251bf676e156c973bfe8e9b013b012d7985d"""," ""win.asyncrat"""," ""None"""," ""50""",2026-10-03 04:00:42," """"","rat"""
"""58e9508e363895165bee8892c9fde2c1048d2e000c44fd4bc2be739a37adfb92"""," ""win.asyncrat"""," ""None"""," ""50""",2026-10-03 04:00:41," """"","rat"""
"""58ec5a367781f3d073b6b5c992bb49268c31634b3d059b27d08c6940918146ff"""," ""win.asyncrat"""," ""None"""," ""50""",2026-10-03 04:00:41," """"","rat"""
"""58ee8da1d2bd0961e4d61868fbc2bb8e05c23211af585a01137e92708a7acb18"""," ""win.asyncrat"""," ""None"""," ""50""",2026-10-03 04:00:41," """"","rat"""
"""58efec93afdae5cca266d36d480600d26a85b0a1905bf77d21b3831516c19178"""," ""win.asyncrat"""," ""None"""," ""50""",2026-10-03 04:00:41," """"","rat"""
"""58f0420c1b0b04f11ca26a87616bb032360d9a12475712f700be3e1d248c28c1"""," ""win.asyncrat"""," ""None"""," ""50""",2026-10-03 04:00:41," """"","rat"""
"""58f504cc1df08a7184980c8b795e0fb96994d9c396e6e5f957f627ab044b4c16"""," ""win.asyncrat"""," ""None"""," ""50""",2026-10-03 04:00:41," """"","rat"""
"""58fc1a08ff42538716ce801c3ff143ead50bcbd4c0f62f6a27a9563494abc876"""," ""win.asyncrat"""," ""None"""," ""50""",2026-10-03 04:00:41," """"","rat"""
"""58fd8f10b5f4607f62cafd630b07c255a791c598015388d76b4291a2f1e40bb6"""," ""win.asyncrat"""," ""None"""," ""50""",2026-10-03 04:00:41," """"","rat"""
"""5902f0fb7baf200f717e41f15814b1644cde3b22ea9d7692551346100e890b18"""," ""win.asyncrat"""," ""None"""," ""50""",2026-10-03 04:00:41," """"","rat"""
"""59035ce4585b241225d2ee560933a75bae423bedd342547cea4376adbf3d337a"""," ""win.asyncrat"""," ""None"""," ""50""",2026-10-03 04:00:41," """"","rat"""
"""590c43d90ee3e09c68cf68892a17d6a5a41cbe322f541b2b8d95327bde97d500"""," ""win.asyncrat"""," ""None"""," ""50""",2026-10-03 04:00:41," """"","rat"""
"""590ce0f0db71cbb18caa2cbda6c7ef31235b72f5965da3c8caf7fbe736466fc1"""," ""win.asyncrat"""," ""None"""," ""50""",2026-10-03 04:00:41," """"","rat"""
"""590d68d18c4f1e312d351cfce5f9e0ffb1dfd16e80b5979f19155c7f2f843648"""," ""win.asyncrat"""," ""None"""," ""50""",2026-10-03 04:00:41," """"","rat"""
"""590e531489556cfb9de022bc52bce2489c3609e693209c59fdce5698c6fc0be3"""," ""win.asyncrat"""," ""None"""," ""50""",2026-10-03 04:00:41," """"","rat"""
"""5912363f5fd71acdd371ce1d02ded655553de3184aa6a6ed1bfdd76f20820448"""," ""win.asyncrat"""," ""None"""," ""50""",2026-10-03 04:00:41," """"","rat"""
"""59131a7e8725c4de5a4e1fe5e3febf9f861c22f58ad0cb179bf4d2f419613abf"""," ""win.asyncrat"""," ""None"""," ""50""",2026-10-03 04:00:41," """"","rat"""
"""591b98fe24cf2d2e04a66a4da70378b6390eefe774086dc261e2eae0a4719fec"""," ""win.asyncrat"""," ""None"""," ""50""",2026-10-03 04:00:41," """"","rat"""
"""591e0c6e1ddcd7f1a48e696e80d610b13c22e09ddad2b0dd093de242a2e5a374"""," ""win.asyncrat"""," ""None"""," ""50""",2026-10-03 04:00:41," """"","rat"""
"""591f14c624dc93de048c29fb491d17d8f4432303d1b2bb362508d719c9982951"""," ""win.asyncrat"""," ""None"""," ""50""",2026-10-03 04:00:41," """"","rat"""
"""5920ae500f79150e4b30d3331a55e06466a5962e5646944a474ae3f39615a130"""," ""win.asyncrat"""," ""None"""," ""50""",2026-10-03 04:00:41," """"","rat"""
"""5924b6d7b4e0c0ca7b9154ceea866ecddbfdf8dfcbf53d9fa1dc4da5920eaad9"""," ""win.asyncrat"""," ""None"""," ""50""",2026-10-03 04:00:41," """"","rat"""
"""592d3e4986dd5adb6b60070f90b492e00673ea77f17d3b70f886c5793dbfe32b"""," ""win.asyncrat"""," ""None"""," ""50""",2026-10-03 04:00:41," """"","rat"""
"""589c8fa2d213b58ab009ff4caae02a61d4d60a6fa61567f208017fef136363a9"""," ""win.asyncrat"""," ""None"""," ""50""",2026-10-03 04:00:40," """"","rat"""
"""589d9f95844f0af1f4c6278c95c8cfcbb58aa424d4eee3950c19458d57ac674a"""," ""win.asyncrat"""," ""None"""," ""50""",2026-10-03 04:00:40," """"","rat"""
"""58a07549993c34caf8617e6cb341b44ceca162106b501fee09629936bad7bb51"""," ""win.asyncrat"""," ""None"""," ""50""",2026-10-03 04:00:40," """"","rat"""
"""58a2e59eb1c8d7d83fc6bf6e15fbe3919794d005014a2208bf5842a05146f2e3"""," ""win.asyncrat"""," ""None"""," ""50""",2026-10-03 04:00:40," """"","rat"""
"""58a4ba98cb9ce51c7df9b94b690a4538996a81de3def7b309c1f240178902fb2"""," ""win.asyncrat"""," ""None"""," ""50""",2026-10-03 04:00:40," """"","rat"""
"""58adae9c12bb223fb534124951a7a51efaa66f5a531946a744e7671605a57138"""," ""win.asyncrat"""," ""None"""," ""50""",2026-10-03 04:00:40," """"","rat"""
"""58b1013f511e61f2ddfb547939895ec161ab8bc03f5413529f85f1a3272d38d4"""," ""win.asyncrat"""," ""None"""," ""50""",2026-10-03 04:00:40," """"","rat"""
"""58bed75223493306edbe3b6c60a8932fc6a61c078b889c009462fd58f0dca965"""," ""win.asyncrat"""," ""None"""," ""50""",2026-10-03 04:00:40," """"","rat"""
"""58cbf150847528fa62ad3502e5016f444b6a6409d3202d94702dfbf4fcb761d9"""," ""win.asyncrat"""," ""None"""," ""50""",2026-10-03 04:00:40," """"","rat"""
"""58cd06e6011f7ce13d7ea4f7a2476c1bae3d3250b704d34030dc11818b7f403a"""," ""win.asyncrat"""," ""None"""," ""50""",2026-10-03 04:00:40," """"","rat"""
"""58ce389e39fc51ac72ffe60ac9cc1fb01d1e98120571a1a0b2f19125f8898301"""," ""win.asyncrat"""," ""None"""," ""50""",2026-10-03 04:00:40," """"","rat"""
"""58cea87c2baf7227f19f5895064efcc7a410cc64f809648d79aabe4a1e7ea210"""," ""win.asyncrat"""," ""None"""," ""50""",2026-10-03 04:00:40," """"","rat"""
"""58d10083d1ef4ef6e93cb275abecfba104b01cfad38cc3c8f518037ffabb8e4c"""," ""win.asyncrat"""," ""None"""," ""50""",2026-10-03 04:00:40," """"","rat"""
"""58d62fc50d0ae5dbf5e8b9193c118129b2d8f39bc1600240beea4a18dcf9acd6"""," ""win.asyncrat"""," ""None"""," ""50""",2026-10-03 04:00:40," """"","rat"""
"""58d82fcd47e89b187c3d6aa5ab70d5ea876968d223490ac1b3b24e4c71715292"""," ""win.asyncrat"""," ""None"""," ""50""",2026-10-03 04:00:40," """"","rat"""
"""58dabc8ad5cac68bd78f6571ceafbc180c916905ca892e90b15a953275101501"""," ""win.asyncrat"""," ""None"""," ""50""",2026-10-03 04:00:40," """"","rat"""
"""58dd577c8ff0a02b124bc2430395a555d70e6034f4ac3364e6ebc3a2b7a2df8b"""," ""win.asyncrat"""," ""None"""," ""50""",2026-10-03 04:00:40," """"","rat"""
"""58e7da3799a21be648e8f53e3f3c974055fc291156fec41f1ddb043d30a42289"""," ""win.asyncrat"""," ""None"""," ""50""",2026-10-03 04:00:40," """"","rat"""
"""58e8465e01f9f9c27e72127a03c5fea1f89a81ea59e54b5516fa541253425a8d"""," ""win.asyncrat"""," ""None"""," ""50""",2026-10-03 04:00:40," """"","rat"""
"""5848ffbae517ffb46912859f9550b1ebca24284f4ed613742a878c0bf88840aa"""," ""win.asyncrat"""," ""None"""," ""50""",2026-10-03 04:00:39," """"","rat"""
"""584c67f1aeac5152f1ed2f974ac552a5a58b21852c72622975521525f06a11bf"""," ""win.asyncrat"""," ""None"""," ""50""",2026-10-03 04:00:39," """"","rat"""
"""5850321dd3c261c4f8e1b004ab8f6a687af09314d4b394145b19bf621800505b"""," ""win.asyncrat"""," ""None"""," ""50""",2026-10-03 04:00:39," """"","rat"""
"""5853fd1404f45b6b4819a23d2600ed882c8e4e34486ead06f3e7b5b1a42b05c8"""," ""win.asyncrat"""," ""None"""," ""50""",2026-10-03 04:00:39," """"","rat"""
"""585860f5db6b88a2d75941979b76dbbd208ea4c570d8392acc1502972b1aad23"""," ""win.asyncrat"""," ""None"""," ""50""",2026-10-03 04:00:39," """"","rat"""
"""5858eb19366d99c81ec9364f2a8cf5542403765b4d7b7acb9a0279f4e55b8937"""," ""win.asyncrat"""," ""None"""," ""50""",2026-10-03 04:00:39," """"","rat"""
"""585aea57e1967ae7a3c7d206ff24ba3c756ea546b21f07f3a94e0e6db60083cb"""," ""win.asyncrat"""," ""None"""," ""50""",2026-10-03 04:00:39," """"","rat"""
"""585f9d699807c982dac2f8384a20d510736aa771653de965fe7bb2c40b4a3fa8"""," ""win.asyncrat"""," ""None"""," ""50""",2026-10-03 04:00:39," """"","rat"""
"""5865db53710e9b8bef1cfbeaeedf9afb24b7d825e46b9ce2e73bcca2a260bd15"""," ""win.asyncrat"""," ""None"""," ""50""",2026-10-03 04:00:39," """"","rat"""
"""586e3716114e7ad01d36785d3560c2c0ff95e79d123298a027de9a92b45a0af0"""," ""win.asyncrat"""," ""None"""," ""50""",2026-10-03 04:00:39," """"","rat"""
"""58807971d3c807c1759359931c0a52b021972d86bace04ae98ea3d4d4fcaef8b"""," ""win.asyncrat"""," ""None"""," ""50""",2026-10-03 04:00:39," """"","rat"""
"""58865fc778fc57b91442330d5f2f39469c3efba14483e2394ab7a424644e72da"""," ""win.asyncrat"""," ""None"""," ""50""",2026-10-03 04:00:39," """"","rat"""
"""5887304eead9bd935a6a63d637a06f44d93ec1389926bfc54e70e93be13e2ac9"""," ""win.asyncrat"""," ""None"""," ""50""",2026-10-03 04:00:39," """"","rat"""
"""588820a7535e7676d317a5a5fa05530deba4e7ad4501bb99234166992f9c3673"""," ""win.asyncrat"""," ""None"""," ""50""",2026-10-03 04:00:39," """"","rat"""
"""5889949565153156543b6ac19cfe952a359326b7f19aa15bbfbcf215383e2cdb"""," ""win.asyncrat"""," ""None"""," ""50""",2026-10-03 04:00:39," """"","rat"""
"""58902085e134247c310853b20eb574b829820e6a92ec0ea5cde21a0bb8a8459d"""," ""win.asyncrat"""," ""None"""," ""50""",2026-10-03 04:00:39," """"","rat"""
"""589349a847cb638d1e81445fb809f25fc1106da48c9cb6e163810c70ff5a0bd4"""," ""win.asyncrat"""," ""None"""," ""50""",2026-10-03 04:00:39," """"","rat"""
"""5896069020d48f052b8428fe941a2fc5b735c45b812998f07b260687a7a794a7"""," ""win.asyncrat"""," ""None"""," ""50""",2026-10-03 04:00:39," """"","rat"""
"""5899c6cc2b11f9a7ea953496e5808cd87f8bf85bbed2cb419e50524e9c76cf30"""," ""win.asyncrat"""," ""None"""," ""50""",2026-10-03 04:00:39," """"","rat"""
"""57ecf17df34a868f0450695b954b97e4f81033cae48af38798d95226e6279be9"""," ""win.asyncrat"""," ""None"""," ""50""",2026-10-03 04:00:38," """"","rat"""
"""57f5dd76777f86eb27852a10b468527afd5034a16017cb06b86b806f029ce6b8"""," ""win.asyncrat"""," ""None"""," ""50""",2026-10-03 04:00:38," """"","rat"""
"""58019175ee66d4f280002ee909b063f6e09e74865096d6ec29983c7ff3645ee3"""," ""win.asyncrat"""," ""None"""," ""50""",2026-10-03 04:00:38," """"","rat"""
"""5803808e63be769a05852f4c79a1faff87b10187d30a4746f04707610878adf5"""," ""win.asyncrat"""," ""None"""," ""50""",2026-10-03 04:00:38," """"","rat"""
"""58086d229f3554f9677251fad3c82b7c902ffb654082a54da52c22f60a91a7d3"""," ""win.asyncrat"""," ""None"""," ""50""",2026-10-03 04:00:38," """"","rat"""
"""58101c2daabca323dfdbe94a745cb8749f2b728e7ea2798b85866833d2c461f6"""," ""win.asyncrat"""," ""None"""," ""50""",2026-10-03 04:00:38," """"","rat"""
"""5811b0226ee42cd93a67fe6ac2f681429a6ec02c8c3278f8f38e846639ee7c69"""," ""win.asyncrat"""," ""None"""," ""50""",2026-10-03 04:00:38," """"","rat"""
"""581aa46ce9b1c715398af81a10832bf436708b0dcc41475d0d50904c0b4dd970"""," ""win.asyncrat"""," ""None"""," ""50""",2026-10-03 04:00:38," """"","rat"""
"""581cd8671e414c5a4aad5d5874713e6ddbbb0c342e73493e28e59c86ed713ff8"""," ""win.asyncrat"""," ""None"""," ""50""",2026-10-03 04:00:38," """"","rat"""
"""581e39f0024bdcdbcfaad8e15d2913fbfc9a731fd039d2d83055026ad4200aba"""," ""win.asyncrat"""," ""None"""," ""50""",2026-10-03 04:00:38," """"","rat"""
"""5826c0e3a3ff47c98dd6ae41aa734f3bd264bf10d8086157040e16dc974d6ba1"""," ""win.asyncrat"""," ""None"""," ""50""",2026-10-03 04:00:38," """"","rat"""
"""5829681f6673e16158d82d261930505b78bbba57e1674ba4734888eedbc63c4a"""," ""win.asyncrat"""," ""None"""," ""50""",2026-10-03 04:00:38," """"","rat"""
"""582d1342ddffbbf3eae83ee7c229bc9e45bb07f73744ee518fbcac8590fad63e"""," ""win.asyncrat"""," ""None"""," ""50""",2026-10-03 04:00:38," """"","rat"""
"""582ddad7924e6d1fa9573ea2e5ca66b784e8ac98a73d8eb12592b55073f1360f"""," ""win.asyncrat"""," ""None"""," ""50""",2026-10-03 04:00:38," """"","rat"""
"""58315c3308818b892a940f2e7960b1b51e9bf2f9a98aa12c9708e385bb7aefc8"""," ""win.asyncrat"""," ""None"""," ""50""",2026-10-03 04:00:38," """"","rat"""
"""5836ad2e6b43a7573e32eb0b080e2f04d4ee84acddbcb8206b4e86768f5822a0"""," ""win.asyncrat"""," ""None"""," ""50""",2026-10-03 04:00:38," """"","rat"""
"""583cc3af9243cfb86774b4c31e4c7e4d1202fc467092d18830c66a44e8df6301"""," ""win.asyncrat"""," ""None"""," ""50""",2026-10-03 04:00:38," """"","rat"""
"""583e4b292bd2a2ee7cfa93e375dd303248ffdb2c2d1f801f87b31283aca48d54"""," ""win.asyncrat"""," ""None"""," ""50""",2026-10-03 04:00:38," """"","rat"""
"""5840438b487c01d4d367c460162b0e72310aa9094401490def09ba5df77ed83b"""," ""win.asyncrat"""," ""None"""," ""50""",2026-10-03 04:00:38," """"","rat"""
"""5791d95f068992664a1db75e25b336bbcba4be43de267cd9c59dff3fa9946cdc"""," ""win.asyncrat"""," ""None"""," ""50""",2026-10-03 04:00:37," """"","rat"""
"""5792b81a642aff32eac7897ec389da2867f1c20262cbda1579d7d8c8b8bc5485"""," ""win.asyncrat"""," ""None"""," ""50""",2026-10-03 04:00:37," """"","rat"""
"""5794985506361f1fd516eb02d83929c24eda6380d19f9f3754fe4f7bf0275932"""," ""win.asyncrat"""," ""None"""," ""50""",2026-10-03 04:00:37," """"","rat"""
"""57974fba44a21ddaeb5164b12323132a6a0057a212e05fa75a2610d4cd52b23e"""," ""win.asyncrat"""," ""None"""," ""50""",2026-10-03 04:00:37," """"","rat"""
"""57a690659372be179b8b7ddc7318e0690d05fb3d2115b4e7815580a6ab4fd6d2"""," ""win.asyncrat"""," ""None"""," ""50""",2026-10-03 04:00:37," """"","rat"""
"""57a800c672bc1995fcd49fbea6996cb5df99e3e744766566d58e5a672c014846"""," ""win.asyncrat"""," ""None"""," ""50""",2026-10-03 04:00:37," """"","rat"""
"""57ad9e681cd87ebf1dab536b4a8474a27143b3938d304b49b9e0a58c759aa7c7"""," ""win.asyncrat"""," ""None"""," ""50""",2026-10-03 04:00:37," """"","rat"""
"""57c0a7606c8af57b2b5d4bc9ae8240311880016092c519f21cbfb4ba911410ba"""," ""win.asyncrat"""," ""None"""," ""50""",2026-10-03 04:00:37," """"","rat"""
"""57c6d61a0d58131b3cd7e5421dee3909aeb194d9748cae9570292291050b850d"""," ""win.asyncrat"""," ""None"""," ""50""",2026-10-03 04:00:37," """"","rat"""
"""57c92e2bde3b147665bacc127d53cd6775421fd15b23c69e5661232a4de45f49"""," ""win.asyncrat"""," ""None"""," ""50""",2026-10-03 04:00:37," """"","rat"""
"""57cfebb17a3d49d40646ce34cb5884f860eb8be3c759057175d45cb54761314e"""," ""win.asyncrat"""," ""None"""," ""50""",2026-10-03 04:00:37," """"","rat"""
"""57d068ffdfd5685bf473a70cdd2c97ae3faeee000ff25c59829e667fe046b8b0"""," ""win.asyncrat"""," ""None"""," ""50""",2026-10-03 04:00:37," """"","rat"""
"""57d2671a05db0bd532973c40260fe505ad1b2b50d1cf2f8c397acb072917dffc"""," ""win.asyncrat"""," ""None"""," ""50""",2026-10-03 04:00:37," """"","rat"""
"""57d3fd58cfd6c71eb90861aa825f00501484933062f8dcc0213a75392b0238d3"""," ""win.asyncrat"""," ""None"""," ""50""",2026-10-03 04:00:37," """"","rat"""
"""57d93ef84b759c7df48fad0ca67cc24e73db6219fcfe32e5b5e0c944950b1918"""," ""win.asyncrat"""," ""None"""," ""50""",2026-10-03 04:00:37," """"","rat"""
"""57db34be899c1fd7ad39de16d63f4495980d54de32f9bd35e64461fb9000516f"""," ""win.asyncrat"""," ""None"""," ""50""",2026-10-03 04:00:37," """"","rat"""
"""57dc7782af4f8595d5663d6308cf8f132ba09efe1fb53d7573ccfa298a33ed7a"""," ""win.asyncrat"""," ""None"""," ""50""",2026-10-03 04:00:37," """"","rat"""
"""57dd0e6daef00cf4f21ff12c567030a6a89c63d388189c034edb4d61cf3f155d"""," ""win.asyncrat"""," ""None"""," ""50""",2026-10-03 04:00:37," """"","rat"""
"""57de244d4fb320ef475d41f7841030258a91ce111dbb239dcfe6ed58967b1ae0"""," ""win.asyncrat"""," ""None"""," ""50""",2026-10-03 04:00:37," """"","rat"""
"""57e2b579ddf584bd5bfb7f96c75c43a9a8b9ad3f63aae2a28dfbf8a8127e5ab4"""," ""win.asyncrat"""," ""None"""," ""50""",2026-10-03 04:00:37," """"","rat"""
"""57e30f08c4cb24fff710c5fcadb684669afd1cf060c06153d9ee511b034e2f7b"""," ""win.asyncrat"""," ""None"""," ""50""",2026-10-03 04:00:37," """"","rat"""
"""574c7f99b0782b248a78f85d8824588e143769b43c026429387b5da085e04874"""," ""win.asyncrat"""," ""None"""," ""50""",2026-10-03 04:00:36," """"","rat"""
"""574e447e99f7284f7b72cad49201b3794559ef3155c6345106f1faf52c6ecf7c"""," ""win.asyncrat"""," ""None"""," ""50""",2026-10-03 04:00:36," """"","rat"""
"""575e4be09039061ce25c80c7a2c922955e2b8a2b18aa62924985a81b024a63ad"""," ""win.asyncrat"""," ""None"""," ""50""",2026-10-03 04:00:36," """"","rat"""
"""575f435562373b4f11c97062d83951aa5cee11653094d213c90fa2666c997f7a"""," ""win.asyncrat"""," ""None"""," ""50""",2026-10-03 04:00:36," """"","rat"""
"""5763718d7788aaef1d90ac7170668dcfb300e6439df90d84d4bf520cfa0f6f3a"""," ""win.asyncrat"""," ""None"""," ""50""",2026-10-03 04:00:36," """"","rat"""
"""57644f7c11a9800bc862bbcdf1709c65894307f050ffe1d7f8e854d783628c43"""," ""win.asyncrat"""," ""None"""," ""50""",2026-10-03 04:00:36," """"","rat"""
"""5764debd6dda50b5b570637be6f0065b1ff4701568c9fb9e377c656924bda953"""," ""win.asyncrat"""," ""None"""," ""50""",2026-10-03 04:00:36," """"","rat"""
"""577028f2ee33bde1bde022ab2b0add76c8b35041d50f194e59cb47187bd9bd1a"""," ""win.asyncrat"""," ""None"""," ""50""",2026-10-03 04:00:36," """"","rat"""
"""577047181197a34939a106666deec71d3e91e386deda32d412ef1e8b3de2b000"""," ""win.asyncrat"""," ""None"""," ""50""",2026-10-03 04:00:36," """"","rat"""
"""5772600f7b554329a5f8d8d46b3b23277eb395094bf482fac7234d4301189ca4"""," ""win.asyncrat"""," ""None"""," ""50""",2026-10-03 04:00:36," """"","rat"""
"""57788c4dea47651247787df503d94a022acd05003dc02b3575ffd80ccfc9a9b6"""," ""win.asyncrat"""," ""None"""," ""50""",2026-10-03 04:00:36," """"","rat"""
"""57794af1d36efb3746f3fa9eafc936d3c5128926197236581b5e6ca37f57c529"""," ""win.asyncrat"""," ""None"""," ""50""",2026-10-03 04:00:36," """"","rat"""
"""57808e8e73a208f17c7dac4f72f70f28246702da963b1a4c81d660644fea15dc"""," ""win.asyncrat"""," ""None"""," ""50""",2026-10-03 04:00:36," """"","rat"""
"""57854eb3419a7935a93d2d69a93f8e102281750a2a505fe6136dfcfbdf13d511"""," ""win.asyncrat"""," ""None"""," ""50""",2026-10-03 04:00:36," """"","rat"""
"""5786024024c70b9f15c21eeacb866c47505236762e4f1ab627a4c45852348e1e"""," ""win.asyncrat"""," ""None"""," ""50""",2026-10-03 04:00:36," """"","rat"""
"""578690f790d3baa6a6dce7ad34240b412e0cd055026471735f25921a83e19956"""," ""win.asyncrat"""," ""None"""," ""50""",2026-10-03 04:00:36," """"","rat"""
"""5787e6e3aef338049735e28fbcc2575765cf33d2117640483af8cdcb8b48dfec"""," ""win.asyncrat"""," ""None"""," ""50""",2026-10-03 04:00:36," """"","rat"""
"""5790bf49eb5a3a4e06ed5cefc8919bfbcdaf0442be74078d445082ffd0de4994"""," ""win.asyncrat"""," ""None"""," ""50""",2026-10-03 04:00:36," """"","rat"""
"""56ed942a43c9699851dcf4539c0b883cd2efe0d286eaabafb0c3a56c39a6c6b0"""," ""win.asyncrat"""," ""None"""," ""50""",2026-10-03 04:00:35," """"","rat"""
"""56f5b03c3fcdb4f48a597fa123250a9b2dde9ccfecdabfc0c05e64a0df232485"""," ""win.asyncrat"""," ""None"""," ""50""",2026-10-03 04:00:35," """"","rat"""
"""56fb787c0fa00249b0779426e958135a6951ea90203a9de026b714c6a0478776"""," ""win.asyncrat"""," ""None"""," ""50""",2026-10-03 04:00:35," """"","rat"""
"""5700a91223f755e106a0ef4e58deddb321fe59c7f8a0bec998517bd1022b950d"""," ""win.asyncrat"""," ""None"""," ""50""",2026-10-03 04:00:35," """"","rat"""
"""570889b263031dce342af619a992de69b6cbee52810532490b8108995d72083f"""," ""win.asyncrat"""," ""None"""," ""50""",2026-10-03 04:00:35," """"","rat"""
"""570d9cde15c653ba533ae9de31882d2befcab80399ec02a3bd21c654db32cb1e"""," ""win.asyncrat"""," ""None"""," ""50""",2026-10-03 04:00:35," """"","rat"""
"""570ebfad13559e1044332eeb4058dd282e7e6afa5c41d2c3400a5bcc8830fc8c"""," ""win.asyncrat"""," ""None"""," ""50""",2026-10-03 04:00:35," """"","rat"""
"""571b72fed00fc79c6757f98ee3caadba23eda179ef810a3a89ccfab0b7c53da9"""," ""win.asyncrat"""," ""None"""," ""50""",2026-10-03 04:00:35," """"","rat"""
"""571cfe086dab73e82280a06677c4ea2f1903790fc452a98b2b6fdb8cf963e272"""," ""win.asyncrat"""," ""None"""," ""50""",2026-10-03 04:00:35," """"","rat"""
"""571e688c89d2daf82967c3ba978966b1b43e2e5c0b4ad869614a6b8fbefd9481"""," ""win.asyncrat"""," ""None"""," ""50""",2026-10-03 04:00:35," """"","rat"""
"""57214b92aadf1f587a98a0d0eacaf47aae8516c18c5e96b7745e32b6c079a3d1"""," ""win.asyncrat"""," ""None"""," ""50""",2026-10-03 04:00:35," """"","rat"""
"""5721f7ccd18493a91d2480764cb5c0f0daead0c45d43839751c9cc5fd0eca4fd"""," ""win.asyncrat"""," ""None"""," ""50""",2026-10-03 04:00:35," """"","rat"""
"""5728c2250a1b505c4a015c98f36e6d561e9d200f007d666ea9ad3313f6b6190e"""," ""win.asyncrat"""," ""None"""," ""50""",2026-10-03 04:00:35," """"","rat"""
"""572c8cded57a8fc5d7809d2b2b14daaec83df04f409bc95543a74b72e4d6aaed"""," ""win.asyncrat"""," ""None"""," ""50""",2026-10-03 04:00:35," """"","rat"""
"""5732891fc200a9a59fdf3b2f96d5977152d1b76eb7220c8fcb28fc476945cddc"""," ""win.asyncrat"""," ""None"""," ""50""",2026-10-03 04:00:35," """"","rat"""
"""5734066bf76cf5274a6d830ac4fc4d12162f1c1f508ae4b1babdd27ba62fb300"""," ""win.asyncrat"""," ""None"""," ""50""",2026-10-03 04:00:35," """"","rat"""
"""57376a7ec745a40f662ce995d0180867e7fafec8b7b4dc3f2043a6cc526211bd"""," ""win.asyncrat"""," ""None"""," ""50""",2026-10-03 04:00:35," """"","rat"""
"""573ce8c8ba8aaac4a64c6f3a652627bee6cb67b4790c6a07c65eb8b540bda815"""," ""win.asyncrat"""," ""None"""," ""50""",2026-10-03 04:00:35," """"","rat"""
"""5741bc9b40798d85e1fdd350c5e47e0b1025923337817ee8b613e506fb36b545"""," ""win.asyncrat"""," ""None"""," ""50""",2026-10-03 04:00:35," """"","rat"""
"""5747e7e276e1d38ecf6ef196661dec038129058da0c72d6a63a51dbae322cd0f"""," ""win.asyncrat"""," ""None"""," ""50""",2026-10-03 04:00:35," """"","rat"""
"""57490eab4c55cabedda2c747d8af7e7fb78546fb12bcaec6b56c33be7db09247"""," ""win.asyncrat"""," ""None"""," ""50""",2026-10-03 04:00:35," """"","rat"""
"""566faf9961e590ce146c85c70fc08191682a20166d852ace3a269c418135cfb4"""," ""win.asyncrat"""," ""None"""," ""50""",2026-10-03 04:00:34," """"","rat"""
"""5675b6a982a8224078a4c5338480f37f536a29ade205f85a39d2cbe6cc28815d"""," ""win.asyncrat"""," ""None"""," ""50""",2026-10-03 04:00:34," """"","rat"""
"""567905318751fa0913514c2a741d90370502bc5ffdd27288b9e94e2ce9cff245"""," ""win.asyncrat"""," ""None"""," ""50""",2026-10-03 04:00:34," """"","rat"""
"""56809ce07499b0c0769ac74f3ff7bad690a9252832cff4e128ee2cf1cc4085de"""," ""win.asyncrat"""," ""None"""," ""50""",2026-10-03 04:00:34," """"","rat"""
"""5687795956025667a92af458adfc60b32e82df2449a70740c9137609a52726f6"""," ""win.asyncrat"""," ""None"""," ""50""",2026-10-03 04:00:34," """"","rat"""
"""568ad9e7ba8374b6bd36dd1475a2fe3fa125d72ea38e724f3c01375595a34298"""," ""win.asyncrat"""," ""None"""," ""50""",2026-10-03 04:00:34," """"","rat"""
"""568d8b063f549298e638c5c39c5b12a2e379b402224b689cab5504d29bef8e35"""," ""win.asyncrat"""," ""None"""," ""50""",2026-10-03 04:00:34," """"","rat"""
"""569775b523c853aa351d5832df2fdbb68fdaa8c05f9cc67289921f00a66c0157"""," ""win.asyncrat"""," ""None"""," ""50""",2026-10-03 04:00:34," """"","rat"""
"""56ab78b1f5f73c93d063d4c85837353b96c19bdacecb1d4ed955d170d2553980"""," ""win.asyncrat"""," ""None"""," ""50""",2026-10-03 04:00:34," """"","rat"""
"""56b65c0c1e134f20968c3027a527f27722c11de4512460eabf0002e95e593e0d"""," ""win.asyncrat"""," ""None"""," ""50""",2026-10-03 04:00:34," """"","rat"""
"""56b6838a0f76da2f937fdbe5b8c936296332f2ba576170ae775ebb3da26b3323"""," ""win.asyncrat"""," ""None"""," ""50""",2026-10-03 04:00:34," """"","rat"""
"""56beb9a6774310778d8ce675d947c1cdd9163b2366d8388edaa7b24c1f0fa185"""," ""win.asyncrat"""," ""None"""," ""50""",2026-10-03 04:00:34," """"","rat"""
"""56c7225d39aa7d65908e596fe7997fc3c5ad97fb9b528f304dae5c1664df7042"""," ""win.asyncrat"""," ""None"""," ""50""",2026-10-03 04:00:34," """"","rat"""
"""56ccc26e09e1216a0a310091d538c178ae68492ebc6bb772841056fd4005443f"""," ""win.asyncrat"""," ""None"""," ""50""",2026-10-03 04:00:34," """"","rat"""
"""56ce0af330f29c95dfc1842252efd63de4b0dd9041a596c80c4a373681eeddbf"""," ""win.asyncrat"""," ""None"""," ""50""",2026-10-03 04:00:34," """"","rat"""
"""56cfc189d614798c7c708cccfc427197add71e56a9d5481aebfda5fe7b64f652"""," ""win.asyncrat"""," ""None"""," ""50""",2026-10-03 04:00:34," """"","rat"""
"""56d67d94231313f17441a91581a4b2251a27ec108e116343284e6d6ee8c097f3"""," ""win.asyncrat"""," ""None"""," ""50""",2026-10-03 04:00:34," """"","rat"""
"""56df87530d94170d58020ed2302a6610f69a73b63235acc7a6724892ab573674"""," ""win.asyncrat"""," ""None"""," ""50""",2026-10-03 04:00:34," """"","rat"""
"""56e66a73d0ec0ef032b8fc157ef65f38d97476066b4a5cab88ad036fc25e8634"""," ""win.asyncrat"""," ""None"""," ""50""",2026-10-03 04:00:34," """"","rat"""
"""562a055141d3ed0a2b1d77254fae145964bf72fcb1003c6cb98c86b770d9ea88"""," ""win.asyncrat"""," ""None"""," ""50""",2026-10-03 04:00:33," """"","rat"""
"""562c667dc2dd41b3d21bd3e73be1353e95995fcd8074a9aea899a3934ed9df03"""," ""win.asyncrat"""," ""None"""," ""50""",2026-10-03 04:00:33," """"","rat"""
"""562d3c8f35a2ead8347d1d592c5454aaccaeb0b7ad4585177335e32d12019158"""," ""win.asyncrat"""," ""None"""," ""50""",2026-10-03 04:00:33," """"","rat"""
"""562d50ec263e9878e449cab3d38b11b71fd77ed69caf62567b815898e34a83b9"""," ""win.asyncrat"""," ""None"""," ""50""",2026-10-03 04:00:33," """"","rat"""
"""562dc408fc4ed50a66e93e385ede6d1dc9c01ec024a7f6b5c079417e77bea66a"""," ""win.asyncrat"""," ""None"""," ""50""",2026-10-03 04:00:33," """"","rat"""
"""562ef514baef9536a3bca3ef76d72ac1e37ae587377da7449782936619e19771"""," ""win.asyncrat"""," ""None"""," ""50""",2026-10-03 04:00:33," """"","rat"""
"""562f8962bcf193f9fc27ab80c03bd3f3d5ad6c77a391708fd0ffbcfa53f6d6a0"""," ""win.asyncrat"""," ""None"""," ""50""",2026-10-03 04:00:33," """"","rat"""
"""5632f25fb7b8fc3994037e1c6e545d3093fe8a40b886a23fd909789b37998fd1"""," ""win.asyncrat"""," ""None"""," ""50""",2026-10-03 04:00:33," """"","rat"""
"""56339d1c896d3808412c0fb2e75fde30e86fae682bc94f9de36415434a26b0da"""," ""win.asyncrat"""," ""None"""," ""50""",2026-10-03 04:00:33," """"","rat"""
"""5636827b23ec35ce78f969edfd625b8b5af8ed2bc75f55d1d4a377f2c5ee7d53"""," ""win.asyncrat"""," ""None"""," ""50""",2026-10-03 04:00:33," """"","rat"""
"""5639a8c405d3ef3c0d64057e755a3a324ea6aed05909f09697dd60cf98e447b4"""," ""win.asyncrat"""," ""None"""," ""50""",2026-10-03 04:00:33," """"","rat"""
"""563e46501c6eb7748589c077e233b2090b9671a4600102ddc4a5b09de42cb6dd"""," ""win.asyncrat"""," ""None"""," ""50""",2026-10-03 04:00:33," """"","rat"""
"""5647b223088d5f7055db455ce7c82de9a1f762126af37635e29b7ef84963ebf5"""," ""win.asyncrat"""," ""None"""," ""50""",2026-10-03 04:00:33," """"","rat"""
"""564bd0f43bdb80a0b55c3dc191a9045bf4975bba1dbf66e6ad378e46f8bd04df"""," ""win.asyncrat"""," ""None"""," ""50""",2026-10-03 04:00:33," """"","rat"""
"""564f096dad9df9c6d1a58627798f27ba447d3a4dab8ff602de11486328880a0c"""," ""win.asyncrat"""," ""None"""," ""50""",2026-10-03 04:00:33," """"","rat"""
"""565f27efbfaabc879f74e800abdb63f4ad46d49b654927a551a8a6cd17be5ac1"""," ""win.asyncrat"""," ""None"""," ""50""",2026-10-03 04:00:33," """"","rat"""
"""56630e6231592da4ac89a43ffb9d1ccc642bd3a15478ff4b0837652c35b90a91"""," ""win.asyncrat"""," ""None"""," ""50""",2026-10-03 04:00:33," """"","rat"""
"""5664820279aa20d408c82998bff07ab34c0986124b09e9ef2025c73686c77f4f"""," ""win.asyncrat"""," ""None"""," ""50""",2026-10-03 04:00:33," """"","rat"""
"""5669ab68f0fce15c35dbc9c52d5bd15ca7359901c8e6d4f3a3e32221b6a0e6bb"""," ""win.asyncrat"""," ""None"""," ""50""",2026-10-03 04:00:33," """"","rat"""
"""566ea373dafbac4749bd1a54fec2a7d721f0b3de5be2acd5a9b7c0ae2d2a4d58"""," ""win.asyncrat"""," ""None"""," ""50""",2026-10-03 04:00:33," """"","rat"""
"""5605a216bf10ee390a9e60b1fae707331a2bab16f161e4ae94d6d568eb8b9a98"""," ""win.asyncrat"""," ""None"""," ""50""",2026-10-03 04:00:32," """"","rat"""
"""5605af6e3cba4057057a8cc765f94d1112d1a147171e056b1bdfcc3b38a056f0"""," ""win.asyncrat"""," ""None"""," ""50""",2026-10-03 04:00:32," """"","rat"""
"""56073b63e9b1c977aab82d11f1bf9098a78b16f99158a95810d2d21df097e164"""," ""win.asyncrat"""," ""None"""," ""50""",2026-10-03 04:00:32," """"","rat"""
"""56093d73569ebd46834f4c27dc6711a4eaf3315e18bc3789a1812ddfb0bcb2e3"""," ""win.asyncrat"""," ""None"""," ""50""",2026-10-03 04:00:32," """"","rat"""
"""560c988ce4d0cd505269d8c25079102e1e41a54e3cb2e06b387b0c4562cd1634"""," ""win.asyncrat"""," ""None"""," ""50""",2026-10-03 04:00:32," """"","rat"""
"""5610cc512d08facd9fcc79ba3adb7003f33dcc7376a16014226671fd4c51a51a"""," ""win.asyncrat"""," ""None"""," ""50""",2026-10-03 04:00:32," """"","rat"""
"""561121ce933fc4140b17a7a5e4057f803bb242b1dd504fe4c49dacf7e4a185bf"""," ""win.asyncrat"""," ""None"""," ""50""",2026-10-03 04:00:32," """"","rat"""
"""561279703e913bf07f0cf5c5abcbd2306819ccd99cbea18ccd51450f4ebef4e1"""," ""win.asyncrat"""," ""None"""," ""50""",2026-10-03 04:00:32," """"","rat"""
"""56141623e3a1b24394535ea0db7ef10baa945b7de7319c12401a4d980f75af06"""," ""win.asyncrat"""," ""None"""," ""50""",2026-10-03 04:00:32," """"","rat"""
"""56164c9ed29d550ffbf7a0846904430a9a2fb712b517a93d33a875c818ee28c2"""," ""win.asyncrat"""," ""None"""," ""50""",2026-10-03 04:00:32," """"","rat"""
"""5618b4837d939e9b337cf5fb4f814d6aef001d9b0205ecd1193af26e8316ae0d"""," ""win.asyncrat"""," ""None"""," ""50""",2026-10-03 04:00:32," """"","rat"""
"""5618fc2a7bbe40b9655ae36ba81c0d42e782d615c8f27c366e4f5ea31ae8501a"""," ""win.asyncrat"""," ""None"""," ""50""",2026-10-03 04:00:32," """"","rat"""
"""561a75bfbdde91fcd2637721eacd5601927be74f2c1ac39651ac197e2b715439"""," ""win.asyncrat"""," ""None"""," ""50""",2026-10-03 04:00:32," """"","rat"""
"""561b48f813af5f638c5f305d21a716998cce9e0ce1ea3374fd118cec5f725885"""," ""win.asyncrat"""," ""None"""," ""50""",2026-10-03 04:00:32," """"","rat"""
"""561c10f51e2bda29c8969ae6ac56303d6a1d9e53e1204e1eb256915d96f9392c"""," ""win.asyncrat"""," ""None"""," ""50""",2026-10-03 04:00:32," """"","rat"""
"""561c94494c3cd0b918bdf5eb323682fad6596a0a54c4cdd85a99880b4028b3f8"""," ""win.asyncrat"""," ""None"""," ""50""",2026-10-03 04:00:32," """"","rat"""
"""561d4930d5ff9d53ffbee68d2554f89ed3b32968ee29b2520ce1f60c5a0d4ff2"""," ""win.asyncrat"""," ""None"""," ""50""",2026-10-03 04:00:32," """"","rat"""
"""561e6ba2335dfaecc342afaf550d31033837b8fd639968b2d3073549d843f326"""," ""win.asyncrat"""," ""None"""," ""50""",2026-10-03 04:00:32," """"","rat"""
"""5629471239d4e9ef5585ea8ee2707cb6d029a62f834e02d2110657bc30842638"""," ""win.asyncrat"""," ""None"""," ""50""",2026-10-03 04:00:32," """"","rat"""
"""559578d867c5175177e2f29b2470cad022a6eaddb1197dd8617a11e4b31ddaa4"""," ""win.asyncrat"""," ""None"""," ""50""",2026-10-03 04:00:31," """"","rat"""
"""559a25f6947b71f7dd108d98fae988f63a8c076ad8478b4f75ece9be3ec9888c"""," ""win.asyncrat"""," ""None"""," ""50""",2026-10-03 04:00:31," """"","rat"""
"""559d39956a56898a707f7371ab409b85f3efc9931c5c18be3b8c762871b394f0"""," ""win.asyncrat"""," ""None"""," ""50""",2026-10-03 04:00:31," """"","rat"""
"""559f86ca1fba3ab8c7fdf0150108be6a53b3d9b05aa569273cef27238f321e82"""," ""win.asyncrat"""," ""None"""," ""50""",2026-10-03 04:00:31," """"","rat"""
"""55a6dff872fcf085ac8d89d4b09424431dc57872c307f47707c33955ee2997de"""," ""win.asyncrat"""," ""None"""," ""50""",2026-10-03 04:00:31," """"","rat"""
"""55af1ee79176f2503dc6cee5464344e6bbcaa4e37b4ae7217922c8e56ec395cf"""," ""win.asyncrat"""," ""None"""," ""50""",2026-10-03 04:00:31," """"","rat"""
"""55b8c144d0e4336805f59d45f4e3a72aa730b7a8226de18ece5c26efa7274e1a"""," ""win.asyncrat"""," ""None"""," ""50""",2026-10-03 04:00:31," """"","rat"""
"""55bd0e340f55d06511658b64c16fec6ea0430c82f203e2442d245f882e7f8b7d"""," ""win.asyncrat"""," ""None"""," ""50""",2026-10-03 04:00:31," """"","rat"""
"""55c11ef2b4ec4fff41d8018dd7e716e7b1ea0985946ad57e39943f2c2cb2f75a"""," ""win.asyncrat"""," ""None"""," ""50""",2026-10-03 04:00:31," """"","rat"""
"""55c75115b1bd6b8b08093c2578c76201588cf7e1358d950ffe7a444eed944089"""," ""win.asyncrat"""," ""None"""," ""50""",2026-10-03 04:00:31," """"","rat"""
"""55cd99b502bf4a314ece2b858c6f67895d26462d7d32bbaed7da2eb07ee5132c"""," ""win.asyncrat"""," ""None"""," ""50""",2026-10-03 04:00:31," """"","rat"""
"""55d51f547a7fdfbd8f7de7ef2336a198b3b545355102f7e96df6a1bb466b7c41"""," ""win.asyncrat"""," ""None"""," ""50""",2026-10-03 04:00:31," """"","rat"""
"""55d756c6acb37cdbb96f04df302755086b82b9b7b40285d8b7e3888cb01875f7"""," ""win.asyncrat"""," ""None"""," ""50""",2026-10-03 04:00:31," """"","rat"""
"""55dc02e0fcf4abd882b9a072360950b27d4c9165d1be68e976ffe7654f529e08"""," ""win.asyncrat"""," ""None"""," ""50""",2026-10-03 04:00:31," """"","rat"""
"""55df3917ad56d204f96fd28eef9f0803169383497fd543a6e5c4dabbfa897d52"""," ""win.asyncrat"""," ""None"""," ""50""",2026-10-03 04:00:31," """"","rat"""
"""55e25bce90136a80ea0e24c17e4fa2b6582d9d387b3defeb06d40e38313ea6fe"""," ""win.asyncrat"""," ""None"""," ""50""",2026-10-03 04:00:31," """"","rat"""
"""55e287e19b6c08d2555133320f79df24db4ef1f09649f014a5817f890faf7473"""," ""win.asyncrat"""," ""None"""," ""50""",2026-10-03 04:00:31," """"","rat"""
"""55e933f170ccbab67ee1a39fe2553db46a03ff65bae5595eaddef23f3347805f"""," ""win.asyncrat"""," ""None"""," ""50""",2026-10-03 04:00:31," """"","rat"""
"""55eb509b981d5340bc517e3dc260faf7716615dd464a1d6424afbdc4e7145c4c"""," ""win.asyncrat"""," ""None"""," ""50""",2026-10-03 04:00:31," """"","rat"""
"""55ec1346895f43da5a2af477e4cfdf8ff6783c3f20a55d9dffdf727fd4ab9a76"""," ""win.asyncrat"""," ""None"""," ""50""",2026-10-03 04:00:31," """"","rat"""
"""55f0a22a33accf59984fa1ec4557449b9d4f51989348367c045dc3305e597839"""," ""win.asyncrat"""," ""None"""," ""50""",2026-10-03 04:00:31," """"","rat"""
"""55fea51e36e4e46f2a2e75391b84028a7a658866eb0361cac9b8a8f57395c99c"""," ""win.asyncrat"""," ""None"""," ""50""",2026-10-03 04:00:31," """"","rat"""
"""56017b05352f3034ad5a1e34a51206b7240f8a982721e089a440172263963235"""," ""win.asyncrat"""," ""None"""," ""50""",2026-10-03 04:00:31," """"","rat"""
"""55466ebc5b9c9e17e47e2af745c118001c1163eaa9aa945760f90b2af3f8362c"""," ""win.asyncrat"""," ""None"""," ""50""",2026-10-03 04:00:30," """"","rat"""
"""55487eb6fbadb3219f43c53fc13b823f0574df2c50c5db7b1836bbe4160bff4e"""," ""win.asyncrat"""," ""None"""," ""50""",2026-10-03 04:00:30," """"","rat"""
"""55524561018fb0c415333197ff06b0a596ec57534c08439ee1cdefd5fbfa5ef4"""," ""win.asyncrat"""," ""None"""," ""50""",2026-10-03 04:00:30," """"","rat"""
"""555ab7919d72495f0290b49a8b5f5842f408fa785673cc6caca0467fafa2c251"""," ""win.asyncrat"""," ""None"""," ""50""",2026-10-03 04:00:30," """"","rat"""
"""55656f594bc657fc544f4d03282bd1e69e15386e04b7c3be3508df8cd6316deb"""," ""win.asyncrat"""," ""None"""," ""50""",2026-10-03 04:00:30," """"","rat"""
"""5566e460b97e1892a390470759e14650c7a0422b1ffabdeb14841050e8075848"""," ""win.asyncrat"""," ""None"""," ""50""",2026-10-03 04:00:30," """"","rat"""
"""5572d0cc59fec30b96b2fba2b76b117732e111f2392d1d4a5bc92ef200cf7d4d"""," ""win.asyncrat"""," ""None"""," ""50""",2026-10-03 04:00:30," """"","rat"""
"""5573a3d76553db4d4d4aba4f2706bc4ed75ffd3ffb934896b38096a741dc75b4"""," ""win.asyncrat"""," ""None"""," ""50""",2026-10-03 04:00:30," """"","rat"""
"""557444bf67a947a6c98822d3c6826b01a22297e19d90effb7383e3201e05e12d"""," ""win.asyncrat"""," ""None"""," ""50""",2026-10-03 04:00:30," """"","rat"""
"""557512fe734340799b6f132933b59b86c59a460e065c02b90559d0b7dca5745c"""," ""win.asyncrat"""," ""None"""," ""50""",2026-10-03 04:00:30," """"","rat"""
"""557546923cb7c11be5b3be3449b20e05db90caeb4db1ec121cd91bcc1d45a079"""," ""win.asyncrat"""," ""None"""," ""50""",2026-10-03 04:00:30," """"","rat"""
"""55775a612c5e28cdcf01e1eeb56a3c82200f5435416ddfdee9b88cbdf691ba9d"""," ""win.asyncrat"""," ""None"""," ""50""",2026-10-03 04:00:30," """"","rat"""
"""557c433f5e71acf38cad8af219c2acc4d772b07788ec99ced96980934c08af11"""," ""win.asyncrat"""," ""None"""," ""50""",2026-10-03 04:00:30," """"","rat"""
"""5588b8932dd560a5947ddb6c43cca0d6d75eaa69614818b02faec9aff9c05697"""," ""win.asyncrat"""," ""None"""," ""50""",2026-10-03 04:00:30," """"","rat"""
"""558909412427b05911a02cddfe00fc5e9d30bc38e1ba636d04aa7efb63438ec8"""," ""win.asyncrat"""," ""None"""," ""50""",2026-10-03 04:00:30," """"","rat"""
"""558a279c671724e9008afaf7ba73c3f266b2feeb34cd5def64507b72e369c4ca"""," ""win.asyncrat"""," ""None"""," ""50""",2026-10-03 04:00:30," """"","rat"""
"""558af040bcfa1aaf774e953cca682eaaf38ec8c4f3ca4f3e24e0ea8a783ca1df"""," ""win.asyncrat"""," ""None"""," ""50""",2026-10-03 04:00:30," """"","rat"""
"""558bf1d75c9db76ff2f6947e781292df5c2c3f643921a5e2127f786507899973"""," ""win.asyncrat"""," ""None"""," ""50""",2026-10-03 04:00:30," """"","rat"""
"""558ebe5c5c4d1de2f1f98eecad14d74367de21dc62ff86cf5145be9cd32fc67f"""," ""win.asyncrat"""," ""None"""," ""50""",2026-10-03 04:00:30," """"","rat"""
"""559045a366f1bdeb22fd7e7e01dfb8907f35b5261ea45e004cbdda50e0ed46a3"""," ""win.asyncrat"""," ""None"""," ""50""",2026-10-03 04:00:30," """"","rat"""
"""5590d49bd2e5756ceff23156e105cebb727acbc6022cd554e930572d034172b8"""," ""win.asyncrat"""," ""None"""," ""50""",2026-10-03 04:00:30," """"","rat"""
"""550cf8cbf46e4d30fcb907a1e094b969fb1c2505b8fb8ef1655dd5b1fc912b17"""," ""win.asyncrat"""," ""None"""," ""50""",2026-10-03 04:00:29," """"","rat"""
"""550ffeb56ffc50ac3e2629af8ff2421411a82fbf838ac17f7c934152a7e26c19"""," ""win.asyncrat"""," ""None"""," ""50""",2026-10-03 04:00:29," """"","rat"""
"""551486a2a9ab69c81aafa8f2330296e683c1dd53658564b5126312584fb5851a"""," ""win.asyncrat"""," ""None"""," ""50""",2026-10-03 04:00:29," """"","rat"""
"""5517c62eadaea8a0df8654dbad7455f3a339b65ae7137c399685c14e37ecb8fb"""," ""win.asyncrat"""," ""None"""," ""50""",2026-10-03 04:00:29," """"","rat"""
"""551aa52e13e8dcb3fbfc476d7bd3eaf46ceeaebcffca2cc72b62ec76625be71e"""," ""win.asyncrat"""," ""None"""," ""50""",2026-10-03 04:00:29," """"","rat"""
"""551f620c3b9557dc06aa26121afa7b2f69b9d27be0810ff90f3dc1ed9958640b"""," ""win.asyncrat"""," ""None"""," ""50""",2026-10-03 04:00:29," """"","rat"""
"""5526b01b6ba85e5aac7220009f2079d088a3715efb861c263dbcc18b0f26385f"""," ""win.asyncrat"""," ""None"""," ""50""",2026-10-03 04:00:29," """"","rat"""
"""5526da3526e43535273cfc2912fc231e686ac0aec3ea7b9437ab4953f639e123"""," ""win.asyncrat"""," ""None"""," ""50""",2026-10-03 04:00:29," """"","rat"""
"""552b99d53768300fe13cf0ed16bb1aea8e2a7c35f9c51a4dc026e9e9870d60bf"""," ""win.asyncrat"""," ""None"""," ""50""",2026-10-03 04:00:29," """"","rat"""
"""552da1a8876ced8788086abc9cc4bfb3cfb0122fb408d2415dcf8c1cd0f16b4f"""," ""win.asyncrat"""," ""None"""," ""50""",2026-10-03 04:00:29," """"","rat"""
"""553175ad5be68862a1e6c29ed412492688d7d2127183253117a97029d7019fce"""," ""win.asyncrat"""," ""None"""," ""50""",2026-10-03 04:00:29," """"","rat"""
"""5531810089c077fd4d5e1c42b228675ac63c28e8bd4cd4d9a64d0c5844130ebf"""," ""win.asyncrat"""," ""None"""," ""50""",2026-10-03 04:00:29," """"","rat"""
"""5536c95a71b3779123d2601a9e54a7e2acae2070341f67c9162673468df23bb1"""," ""win.asyncrat"""," ""None"""," ""50""",2026-10-03 04:00:29," """"","rat"""
"""5537d9206032519b37482f2d6c10e31981c209f5eaaea93161667af32d503632"""," ""win.asyncrat"""," ""None"""," ""50""",2026-10-03 04:00:29," """"","rat"""
"""5537f58e3c041fb2fbee1b76c17fe2cfb64be64e9ff6ef47e4a8f84018605b4a"""," ""win.asyncrat"""," ""None"""," ""50""",2026-10-03 04:00:29," """"","rat"""
"""5538150165edcdce9df8dd843a3e3ab8e5a78ef6a8a64281c418189b823a67af"""," ""win.asyncrat"""," ""None"""," ""50""",2026-10-03 04:00:29," """"","rat"""
"""553bc0a6bf9612001fb31fe85566b96dab95186985ecf6944cfc1e3bd13a6751"""," ""win.asyncrat"""," ""None"""," ""50""",2026-10-03 04:00:29," """"","rat"""
"""553feb0ebc861276fd5f7ab8ca680519734165db9b56badd3715a263fe4b31cc"""," ""win.asyncrat"""," ""None"""," ""50""",2026-10-03 04:00:29," """"","rat"""
"""5545ad4450f356166dc9cfa3eed1541ad621c03037ee7e97876a17d535b02adc"""," ""win.asyncrat"""," ""None"""," ""50""",2026-10-03 04:00:29," """"","rat"""
"""54d1c72c20e28523905ad332118a19c5b822e50541b6fef3a0fa922112a345ff"""," ""win.asyncrat"""," ""None"""," ""50""",2026-10-03 04:00:28," """"","rat"""
"""54d3b1767deeea19aac9f8047af94bf94ea24961ef3d4287ce3c8cff2d8faf55"""," ""win.asyncrat"""," ""None"""," ""50""",2026-10-03 04:00:28," """"","rat"""
"""54d46fbfeb589b2847878580392ae4aff98a0c59b0731541e311f5718023688d"""," ""win.asyncrat"""," ""None"""," ""50""",2026-10-03 04:00:28," """"","rat"""
"""54d9dfca4cf45ab5f6332e9df5c7379a8559deb55da802c084e8a0dee859c141"""," ""win.asyncrat"""," ""None"""," ""50""",2026-10-03 04:00:28," """"","rat"""
"""54da1bba2894b9bb79f5858931235fdde1705e3bd83a3c3b318499ea92391e40"""," ""win.asyncrat"""," ""None"""," ""50""",2026-10-03 04:00:28," """"","rat"""
"""54dcaa3d30be3a08c0e1d9b7debc4f5b10712e7d109e28f1be985fedadfaa35d"""," ""win.asyncrat"""," ""None"""," ""50""",2026-10-03 04:00:28," """"","rat"""
"""54dd8d531df112c40a71abbabd7ecfa21c1e5dfa36766fcb6e5ea79f0dc53648"""," ""win.asyncrat"""," ""None"""," ""50""",2026-10-03 04:00:28," """"","rat"""
"""54df65f59a153e58faafc63addf325b7c492f000b8cda7e3cf527f5c0080325d"""," ""win.asyncrat"""," ""None"""," ""50""",2026-10-03 04:00:28," """"","rat"""
"""54e1ab14597cb30427c2410c8605c9af2f4fd567af3f4f40b2671962cadd15ab"""," ""win.asyncrat"""," ""None"""," ""50""",2026-10-03 04:00:28," """"","rat"""
"""54e59924467f0bbb05d7af4b2a19cad9bf9e567cac4e1bcd01f5932d589d68a9"""," ""win.asyncrat"""," ""None"""," ""50""",2026-10-03 04:00:28," """"","rat"""
"""54e600129467d21eebcde02e7681af71c375748458f33e1461aa922f9fd4dfde"""," ""win.asyncrat"""," ""None"""," ""50""",2026-10-03 04:00:28," """"","rat"""
"""54e67103a911e9acb2ce6e03ac3bc8edc6c8a66c12a0768c361e2a0275a8d86f"""," ""win.asyncrat"""," ""None"""," ""50""",2026-10-03 04:00:28," """"","rat"""
"""54e7edc7405d824342984180396d3bfd845318dda30d1820b23283ac46e350ae"""," ""win.asyncrat"""," ""None"""," ""50""",2026-10-03 04:00:28," """"","rat"""
"""54e9430a1c598a4d842c72f3140a90970f8ed50714ea036242c6f5aee5718215"""," ""win.asyncrat"""," ""None"""," ""50""",2026-10-03 04:00:28," """"","rat"""
"""54ea368d620e9725254bbbe65acc48fc56b36c7cc468e52a8dcb1c84015bf325"""," ""win.asyncrat"""," ""None"""," ""50""",2026-10-03 04:00:28," """"","rat"""
"""54ed18a144a46be4006e5d2dd9ca383bb5ab0bc30b7f7f2a35ef800fd4f2d1bd"""," ""win.asyncrat"""," ""None"""," ""50""",2026-10-03 04:00:28," """"","rat"""
"""54efded0c82f76a168ee6aa0fbf96f54693eb1d1c1b12c6a733ceb24d40c497e"""," ""win.asyncrat"""," ""None"""," ""50""",2026-10-03 04:00:28," """"","rat"""
"""54f07a632a4cb325a1a82ec9dc5598bf0df898d65bd7ad885fbb6901357704e5"""," ""win.asyncrat"""," ""None"""," ""50""",2026-10-03 04:00:28," """"","rat"""
"""54f554b9e330476b3903756f62b577bab35cdef941d3d0f6a3d607862762bf91"""," ""win.asyncrat"""," ""None"""," ""50""",2026-10-03 04:00:28," """"","rat"""
"""54fa094a6547c58061dbc1431511fd252d1584d642dd880b44dd96d5c670f2db"""," ""win.asyncrat"""," ""None"""," ""50""",2026-10-03 04:00:28," """"","rat"""
"""55023584cad284f8c24be6d43ad6c551c08754bf2ed23e9e34b15b5d9df42582"""," ""win.asyncrat"""," ""None"""," ""50""",2026-10-03 04:00:28," """"","rat"""
"""54a5a0f6f5eb07be5a63d772da15d84695d7b7c747c46f46c0e9a6efaa4a67a9"""," ""win.asyncrat"""," ""None"""," ""50""",2026-10-03 04:00:27," """"","rat"""
"""54aa6d64cad682c76a52ab839f0c60697a40051f44f6809b9bb137f604228c61"""," ""win.asyncrat"""," ""None"""," ""50""",2026-10-03 04:00:27," """"","rat"""
"""54b2a237e237d0060e5d8f5ab612c0b236f5f39d07b311af99fa1e7e986ee0e9"""," ""win.asyncrat"""," ""None"""," ""50""",2026-10-03 04:00:27," """"","rat"""
"""54b6c23d9bc5f44ceed5946ffc935a88488d30a848c75568b084b9c9287a3cb2"""," ""win.asyncrat"""," ""None"""," ""50""",2026-10-03 04:00:27," """"","rat"""
"""54b791663447c49cc0dadf7a5187fb804699cacbd213e3eccce3b7606703d552"""," ""win.asyncrat"""," ""None"""," ""50""",2026-10-03 04:00:27," """"","rat"""
"""54ba18b63ffd4a13e8a2440f979890cd0cfc8e9525c57a74fedeeb9c5eaaa60c"""," ""win.asyncrat"""," ""None"""," ""50""",2026-10-03 04:00:27," """"","rat"""
"""54bb8cc9e92c2ce00dd285f604d771e80cabd5ce10a64ca29ef82a6a13da89a2"""," ""win.asyncrat"""," ""None"""," ""50""",2026-10-03 04:00:27," """"","rat"""
"""54be8cbccdc608e04565606140211beafd880986bb72e619f654e50017b3937b"""," ""win.asyncrat"""," ""None"""," ""50""",2026-10-03 04:00:27," """"","rat"""
"""54bff116750016cbac31b375618ba2ac2c48ffcd4e5f3a9ed17fb47dc643f0b2"""," ""win.asyncrat"""," ""None"""," ""50""",2026-10-03 04:00:27," """"","rat"""
"""54c06f73257dcc2bbc4a3f45a024cedf51f1f06b2893237377bef66c16f4e56f"""," ""win.asyncrat"""," ""None"""," ""50""",2026-10-03 04:00:27," """"","rat"""
"""54c3bd453f381dd2844d2479d8901a5b0d0a48d7a7b711a9b903ed1f2aa6fc40"""," ""win.asyncrat"""," ""None"""," ""50""",2026-10-03 04:00:27," """"","rat"""
"""54c521136c6c8fce8f26451749715d27b4052d9a63c49d398d553c9957569396"""," ""win.asyncrat"""," ""None"""," ""50""",2026-10-03 04:00:27," """"","rat"""
"""54c7e28bef47a5ace9e56af23bcc93d13cb9cbb996404fc228d0812463064052"""," ""win.asyncrat"""," ""None"""," ""50""",2026-10-03 04:00:27," """"","rat"""
"""54c8f9450de555446717778304d80f8897f249ac612cebf6d4d939334d95e6f4"""," ""win.asyncrat"""," ""None"""," ""50""",2026-10-03 04:00:27," """"","rat"""
"""54c8fda8c41eb955eeef394db36c2ff4596859fce19301164bb4b226ec56b0bc"""," ""win.asyncrat"""," ""None"""," ""50""",2026-10-03 04:00:27," """"","rat"""
"""54c98af50b3f94bf726ed3d263c3e27bfcb2e227a36afcf5afa907a110af0954"""," ""win.asyncrat"""," ""None"""," ""50""",2026-10-03 04:00:27," """"","rat"""
"""54cbb1c3b1836e762f5b2691728b806787e2345046be361b792a0ce81f894ccd"""," ""win.asyncrat"""," ""None"""," ""50""",2026-10-03 04:00:27," """"","rat"""
"""54cbdadba328509b9b9acf8ed8ae093c1bd6ad8a5ed90a6fbb5ec0cbac1df18c"""," ""win.asyncrat"""," ""None"""," ""50""",2026-10-03 04:00:27," """"","rat"""
"""54cf791efb5d2159040b76e183e33cbe4f69d0c1c14df4664e5629d55a3b8e45"""," ""win.asyncrat"""," ""None"""," ""50""",2026-10-03 04:00:27," """"","rat"""
"""54cff1f1f65f87805c94865727bdd49425ac64a1f9d9d3b758e933e5928354d8"""," ""win.asyncrat"""," ""None"""," ""50""",2026-10-03 04:00:27," """"","rat"""
"""545a7ed0b67b21d80b7b779123e38a3600f7daaa0e7ce63c20d2ad9e155391e3"""," ""win.asyncrat"""," ""None"""," ""50""",2026-10-03 04:00:26," """"","rat"""
"""545d501023e02242ac2a5eb5cebe17b50a55cd480e737272b79342795fbef029"""," ""win.asyncrat"""," ""None"""," ""50""",2026-10-03 04:00:26," """"","rat"""
"""545f84aa953bb80e4fe46781d13c1baf620431ac225c758a4da94942224a60c3"""," ""win.asyncrat"""," ""None"""," ""50""",2026-10-03 04:00:26," """"","rat"""
"""5460c4592c6f7df8dd9422e6cd27d18e4d9241f68318dc1d580ec102cb2e9681"""," ""win.asyncrat"""," ""None"""," ""50""",2026-10-03 04:00:26," """"","rat"""
"""5461290b4b5916ec49cdac98ac51b12640e3af20379cee26a7c002af83da5c5d"""," ""win.asyncrat"""," ""None"""," ""50""",2026-10-03 04:00:26," """"","rat"""
"""5468fe6c4a8a65ed2e4e3c101c8fd0191b9773acc51ae61da6d446057958511b"""," ""win.asyncrat"""," ""None"""," ""50""",2026-10-03 04:00:26," """"","rat"""
"""546b4c7d6b3692a56bf4a76be418f60363105a2611194ae3a1ae0e02eacede57"""," ""win.asyncrat"""," ""None"""," ""50""",2026-10-03 04:00:26," """"","rat"""
"""546c2ba68b57f679a7004f438b1822d90a8adddf681d99858cb7140f29b77a2f"""," ""win.asyncrat"""," ""None"""," ""50""",2026-10-03 04:00:26," """"","rat"""
"""546eb3eb0d1749cae15b779b16c3bdebbdda7f56edcd8c4909e1f17e6be94037"""," ""win.asyncrat"""," ""None"""," ""50""",2026-10-03 04:00:26," """"","rat"""
"""546eb85717e02b1d16df99eade200e4bca7464014f732f62c9c4d3885b1a2854"""," ""win.asyncrat"""," ""None"""," ""50""",2026-10-03 04:00:26," """"","rat"""
"""5476f9af0d62a7fdb41ae23840606fe45d42c986bc807846c2f3a166ae06ece4"""," ""win.asyncrat"""," ""None"""," ""50""",2026-10-03 04:00:26," """"","rat"""
"""5477d560102ca42dffa41fd8312668444fb92b2e04942c76dfc30748d60dbd0c"""," ""win.asyncrat"""," ""None"""," ""50""",2026-10-03 04:00:26," """"","rat"""
"""5478f23d8a67ec7f18ee3ebcfefe3d86d89543c6f323b3de5f7696fdd7697cf4"""," ""win.asyncrat"""," ""None"""," ""50""",2026-10-03 04:00:26," """"","rat"""
"""547a2067e23cb5e196d1b2ca1b1cb47b93c135aee32cb974096283f50c20c664"""," ""win.asyncrat"""," ""None"""," ""50""",2026-10-03 04:00:26," """"","rat"""
"""5480fb14c3e1bce2eb3ac68f45a64d997aa6a7e33132280d31ea037f55d7e349"""," ""win.asyncrat"""," ""None"""," ""50""",2026-10-03 04:00:26," """"","rat"""
"""54827271adc73e03abc8a39360562129bf55d8ad54c8cbd529457f2a1846fbd7"""," ""win.asyncrat"""," ""None"""," ""50""",2026-10-03 04:00:26," """"","rat"""
"""5484d4fd80325f00e3c9a6c884ee45c882bc678e67238481ecc5a67ddb8b04cd"""," ""win.asyncrat"""," ""None"""," ""50""",2026-10-03 04:00:26," """"","rat"""
"""5485535d6df60b75e254dfab35e05055816403c0b4509a6a60b5c377ea075f16"""," ""win.asyncrat"""," ""None"""," ""50""",2026-10-03 04:00:26," """"","rat"""
"""548baf5fc40e5e46c57749de488fa6a82f466880c201a2f6625e20ace8efb138"""," ""win.asyncrat"""," ""None"""," ""50""",2026-10-03 04:00:26," """"","rat"""
"""548bfc7f03697591e12227fff383fa7f321b692af4547a7985eb0a1d6a1b54a2"""," ""win.asyncrat"""," ""None"""," ""50""",2026-10-03 04:00:26," """"","rat"""
"""53f7db48dbf6d330f92c1e363869534a8be40be7b6cf764d31fc6f626ef4171d"""," ""win.asyncrat"""," ""None"""," ""50""",2026-10-03 04:00:25," """"","rat"""
"""53fa90567280684ea1d22c0cb0514c25fd6b272623f3efff09d892e7b7f829a0"""," ""win.asyncrat"""," ""None"""," ""50""",2026-10-03 04:00:25," """"","rat"""
"""53fbad53e7cc585776dab505bc37883c9ae455092439f2e8b310668bfe195139"""," ""win.asyncrat"""," ""None"""," ""50""",2026-10-03 04:00:25," """"","rat"""
"""53ff49665c6893fae802cecc015d7843133bdc3ba1fcf15c10581a14530673d1"""," ""win.asyncrat"""," ""None"""," ""50""",2026-10-03 04:00:25," """"","rat"""
"""53ff78b28192c5bcff9d2ebb969478dde46da1ffc70216a62dcb213d20244b01"""," ""win.asyncrat"""," ""None"""," ""50""",2026-10-03 04:00:25," """"","rat"""
"""54008e93bf228c29b7592f30f3f57cb6d8e419d6c9d2aa154c1a582160efbfff"""," ""win.asyncrat"""," ""None"""," ""50""",2026-10-03 04:00:25," """"","rat"""
"""5401e6ad35f372f91bf1f8ab46211cae6c8a952c26a2b11bc443a861f95082d3"""," ""win.asyncrat"""," ""None"""," ""50""",2026-10-03 04:00:25," """"","rat"""
"""540908b9a3f9fe192c0518e316ac39850e9035163389bd91b428b0b5d29ef444"""," ""win.asyncrat"""," ""None"""," ""50""",2026-10-03 04:00:25," """"","rat"""
"""540ccf1777abadfc57265d29989c86d59221e7133ecd2398f399aeb99bcbc975"""," ""win.asyncrat"""," ""None"""," ""50""",2026-10-03 04:00:25," """"","rat"""
"""5414741fc98d932030d23617cd4baacc80b639684bb110729525f1055e75de82"""," ""win.asyncrat"""," ""None"""," ""50""",2026-10-03 04:00:25," """"","rat"""
"""541634215fab75c90942d978726d81d3512fc412edf8c1b41b814bd2181cf81d"""," ""win.asyncrat"""," ""None"""," ""50""",2026-10-03 04:00:25," """"","rat"""
"""54164e422ace483bbc6083cb8e441cdea27ccac300b35318c81eda08f1309c3f"""," ""win.asyncrat"""," ""None"""," ""50""",2026-10-03 04:00:25," """"","rat"""
"""541d3e72ef8874eb3badc2e3669bc68ca3597856e4ced244f14ae1b6c7f3c0e0"""," ""win.asyncrat"""," ""None"""," ""50""",2026-10-03 04:00:25," """"","rat"""
"""5421e6a8bbd271d3f74eb1419cfef5edb569f7438774a668fc58295fa85d1bec"""," ""win.asyncrat"""," ""None"""," ""50""",2026-10-03 04:00:25," """"","rat"""
"""542d0b1b95f943e9718082c790141b156812f851b9f9dc9445d57653486a6702"""," ""win.asyncrat"""," ""None"""," ""50""",2026-10-03 04:00:25," """"","rat"""
"""54307d0bc8b881fa1b8b53fda574fffac87ae7db1fefe51bef6cbf78f6b33193"""," ""win.asyncrat"""," ""None"""," ""50""",2026-10-03 04:00:25," """"","rat"""
"""5433c853a6995fb54eb71ddccc0600f48cd8b89e517e26feadcc3db73ad2b6d1"""," ""win.asyncrat"""," ""None"""," ""50""",2026-10-03 04:00:25," """"","rat"""
"""543db74b41ff952183321cc03e0efe81bb65f9bf489b47e1e94cbc7b85e2e157"""," ""win.asyncrat"""," ""None"""," ""50""",2026-10-03 04:00:25," """"","rat"""
"""5448955815779876e98583d1accbd0cb8a6f525906c05d7bd828114cdf870193"""," ""win.asyncrat"""," ""None"""," ""50""",2026-10-03 04:00:25," """"","rat"""
"""5454b8252072f0e50de69a2d1771be15681c5fe202341b02d92520b7fa64cd2b"""," ""win.asyncrat"""," ""None"""," ""50""",2026-10-03 04:00:25," """"","rat"""
"""5458403d4af5796f47740d4cb9f701b01eca33e6a96af10f873625cf5b23e63a"""," ""win.asyncrat"""," ""None"""," ""50""",2026-10-03 04:00:25," """"","rat"""
"""53965f472183c0e8ec94202b3ba0716faf8e095e073a688f3396c4b8dcca6f30"""," ""win.asyncrat"""," ""None"""," ""50""",2026-10-03 04:00:24," """"","rat"""
"""53991ef22ac1b66248f13ab163b5a1b9834c1a7c42c06a7d2e197b6a613b8282"""," ""win.asyncrat"""," ""None"""," ""50""",2026-10-03 04:00:24," """"","rat"""
"""539ed050aa132b1d13549a02bd56df8d621dba6fd980eabbfe9c15422d129c82"""," ""win.asyncrat"""," ""None"""," ""50""",2026-10-03 04:00:24," """"","rat"""
"""53a22de4029b0d5d461c8cf0dbc0ce2166e2e2d6c5f0f842e6932a724950b802"""," ""win.asyncrat"""," ""None"""," ""50""",2026-10-03 04:00:24," """"","rat"""
"""53a48df43414b3ea7e0b61def5c565dec6ccd5debd90fbd7215f89ce5172d693"""," ""win.asyncrat"""," ""None"""," ""50""",2026-10-03 04:00:24," """"","rat"""
"""53b332cfe1c4c44836638f462051a11c4a1ffea657c0fb2395d56bfd1d5ed8ae"""," ""win.asyncrat"""," ""None"""," ""50""",2026-10-03 04:00:24," """"","rat"""
"""53ba96ff5807828908a737b6b64d8c2e9763cf6bae7a7a611bb9073747d256e0"""," ""win.asyncrat"""," ""None"""," ""50""",2026-10-03 04:00:24," """"","rat"""
"""53bad8de45797bc75aa1b7488f8fc0a8ad2aed54058ff2eb240e5a302f727f39"""," ""win.asyncrat"""," ""None"""," ""50""",2026-10-03 04:00:24," """"","rat"""
"""53c723a6e330a94b47baed5dc7ed4f27d5ea94848e5c08140b6f222ede30528d"""," ""win.asyncrat"""," ""None"""," ""50""",2026-10-03 04:00:24," """"","rat"""
"""53cdc49c7fb83b419c07edb45c544b106aaa37db00e8a37211678af6350a82f1"""," ""win.asyncrat"""," ""None"""," ""50""",2026-10-03 04:00:24," """"","rat"""
"""53d7e05f1840e1a7098d250d930a11781c1201fcf6fc3af859d4b7f37312a0dc"""," ""win.asyncrat"""," ""None"""," ""50""",2026-10-03 04:00:24," """"","rat"""
"""53d8f435075a3f419aff2ea631201f02d682a2ed92fc3bbb265faac63c5cbbdc"""," ""win.asyncrat"""," ""None"""," ""50""",2026-10-03 04:00:24," """"","rat"""
"""53e13e8a6fb67554f49c8270523d068835894c4fb302ce133004813e490654ae"""," ""win.asyncrat"""," ""None"""," ""50""",2026-10-03 04:00:24," """"","rat"""
"""53e43388c51de2879429ef05b1ac8a636024f419a9f9d56d7afabf104db721aa"""," ""win.asyncrat"""," ""None"""," ""50""",2026-10-03 04:00:24," """"","rat"""
"""53ea69757160c5fe2dfa09b754228ccfbdd5775d6b7bf12c66c1c88ebe1d0346"""," ""win.asyncrat"""," ""None"""," ""50""",2026-10-03 04:00:24," """"","rat"""
"""53ed6ef10743ee239135038fa40cc65d7c0ffab5ce919e84bc1f605cf9c6d33b"""," ""win.asyncrat"""," ""None"""," ""50""",2026-10-03 04:00:24," """"","rat"""
"""53f2313c3a228ab35771baae4bcd10a363b7a4cb523afb1d3017cfd65536db8c"""," ""win.asyncrat"""," ""None"""," ""50""",2026-10-03 04:00:24," """"","rat"""
"""53f31f8434c996d2ebb17306377efbaa2644dc0a8254e9fad0e032373cc61812"""," ""win.asyncrat"""," ""None"""," ""50""",2026-10-03 04:00:24," """"","rat"""
"""53f473d83a96461cdd8536c086fe84140fbb4162bdc7f42a6e562051c4ee900d"""," ""win.asyncrat"""," ""None"""," ""50""",2026-10-03 04:00:24," """"","rat"""
"""53f4fd902e35def1c2bf400b5b5be78a9915f7f80319a5ca2e01eb728dca4739"""," ""win.asyncrat"""," ""None"""," ""50""",2026-10-03 04:00:24," """"","rat"""
"""534d1e3d7e1b3da44c4a24e67d2467ed56ac5644d8f92288b19ac4be7853c5f3"""," ""win.asyncrat"""," ""None"""," ""50""",2026-10-03 04:00:23," """"","rat"""
"""5350f3eda20d3a91077a4a9b2384334b4f777919b15c8905952a02d3701f9ea7"""," ""win.asyncrat"""," ""None"""," ""50""",2026-10-03 04:00:23," """"","rat"""
"""535276ef01c12a22eddf539ffdf13b7070f98d0e3a4cbec64771332820e65af7"""," ""win.asyncrat"""," ""None"""," ""50""",2026-10-03 04:00:23," """"","rat"""
"""53542563788e98bdc1a23102c0cdf82a08e0cfc955f23f38be064811efc2a1a0"""," ""win.asyncrat"""," ""None"""," ""50""",2026-10-03 04:00:23," """"","rat"""
"""5354fe6489a9198d1ab07d66284bc755531256be49b7202b1239feb8f1503ee7"""," ""win.asyncrat"""," ""None"""," ""50""",2026-10-03 04:00:23," """"","rat"""
"""535624832e774227fd956fb64eab587486e29548620b802a0e355a6c4eae6f45"""," ""win.asyncrat"""," ""None"""," ""50""",2026-10-03 04:00:23," """"","rat"""
"""53579956aef31b63e70e9e06acf7137bb403199c060a1a2b7815496c5f2fecb2"""," ""win.asyncrat"""," ""None"""," ""50""",2026-10-03 04:00:23," """"","rat"""
"""535884651e8ced605074dff4220651f4ceb02ea86025ff2721c816de2a94fd6a"""," ""win.asyncrat"""," ""None"""," ""50""",2026-10-03 04:00:23," """"","rat"""
"""535a35ba0919f91679a7276c5dc42900e83faa818ca8eb9966cc3d69cedda18c"""," ""win.asyncrat"""," ""None"""," ""50""",2026-10-03 04:00:23," """"","rat"""
"""53666bd18a4e85ff72aac790ea41f603e3d0ce78d12a22bfcdb2e46d1f1d4afd"""," ""win.asyncrat"""," ""None"""," ""50""",2026-10-03 04:00:23," """"","rat"""
"""5366aad749083cb75808f844d4f5307a0a058c32025d336f62d500064b5c2a6d"""," ""win.asyncrat"""," ""None"""," ""50""",2026-10-03 04:00:23," """"","rat"""
"""53677ec9a71a72447531c8e81956df068800b738dae73ed46d700e01bea58745"""," ""win.asyncrat"""," ""None"""," ""50""",2026-10-03 04:00:23," """"","rat"""
"""536dcdcdbe451b628644a86bc14e42d7a79ddb3c9131cdb408370b07d8abe878"""," ""win.asyncrat"""," ""None"""," ""50""",2026-10-03 04:00:23," """"","rat"""
"""537279873462fd06a661f15f5e556b363df74aedfa605fedbd72a3fc66bb186d"""," ""win.asyncrat"""," ""None"""," ""50""",2026-10-03 04:00:23," """"","rat"""
"""5377adac9ee264a914027ed22ccc9b1fc489d08277703c702fb6ea4ff87221d4"""," ""win.asyncrat"""," ""None"""," ""50""",2026-10-03 04:00:23," """"","rat"""
"""538898db1be8c6ce5a8d8fd0163ba3968ef350b2f09521348c79ca480b6e52dc"""," ""win.asyncrat"""," ""None"""," ""50""",2026-10-03 04:00:23," """"","rat"""
"""538cc55a6f292f8395a958ef9a1ea84a4c88a0d06a8327f5381afa91073adfdc"""," ""win.asyncrat"""," ""None"""," ""50""",2026-10-03 04:00:23," """"","rat"""
"""538f828e062bb8200c9947698aa8d57281fb41df64e29bae5d148fc3b2983c36"""," ""win.asyncrat"""," ""None"""," ""50""",2026-10-03 04:00:23," """"","rat"""
"""5390de25fad8a66fe3f2fa552338a94f128ea04f615c8a37db7a5c74096e71cd"""," ""win.asyncrat"""," ""None"""," ""50""",2026-10-03 04:00:23," """"","rat"""
"""53949b99b9556d09fe8d11ec6d41d96055a9fbf2a31360f38ab18b26b6511219"""," ""win.asyncrat"""," ""None"""," ""50""",2026-10-03 04:00:23," """"","rat"""
"""5301cd2d2592ecf68b3fdfd00579aad8b4ee613e207b6f0d4312f0db16ed41d5"""," ""win.asyncrat"""," ""None"""," ""50""",2026-10-03 04:00:22," """"","rat"""
"""53062a897c5dc3ceacc1d389511d75452bf900f091892152e904bf2568401394"""," ""win.asyncrat"""," ""None"""," ""50""",2026-10-03 04:00:22," """"","rat"""
"""5307d02f02457fdceac23246b85a8be42748df4b112e7095942462650c758dfc"""," ""win.asyncrat"""," ""None"""," ""50""",2026-10-03 04:00:22," """"","rat"""
"""530e8916ae8e2957f5daab7951394b18d6bad6d7014c7e64976dd17bd9d13d55"""," ""win.asyncrat"""," ""None"""," ""50""",2026-10-03 04:00:22," """"","rat"""
"""530fb8b9a65df5bf633a5dc8d71bd88e60467a57f7579e8c8507c28bf20ac146"""," ""win.asyncrat"""," ""None"""," ""50""",2026-10-03 04:00:22," """"","rat"""
"""5310ef8378e0ef3db4a7498d2c30386ba3cdc54a379ac2c10eea595acc65b4b1"""," ""win.asyncrat"""," ""None"""," ""50""",2026-10-03 04:00:22," """"","rat"""
"""531805376882b19315e978a2582ae50e88599151dba4ebcd64790c9bd27f5aca"""," ""win.asyncrat"""," ""None"""," ""50""",2026-10-03 04:00:22," """"","rat"""
"""531bf9fac0acb821391741eb0ed737df303aba700db962771e7795845bf8c72f"""," ""win.asyncrat"""," ""None"""," ""50""",2026-10-03 04:00:22," """"","rat"""
"""531df3751ec40f1fc2337b069f4c86aac12391338705c083e7132491c429390d"""," ""win.asyncrat"""," ""None"""," ""50""",2026-10-03 04:00:22," """"","rat"""
"""532325e33cb6a342d40929f3b6fbb22ea3b1de62add6147049570d067c66ac6b"""," ""win.asyncrat"""," ""None"""," ""50""",2026-10-03 04:00:22," """"","rat"""
"""5324a0a1ebf3e0972df5312ca86d1558b97b559680fe8929616392a0a227a422"""," ""win.asyncrat"""," ""None"""," ""50""",2026-10-03 04:00:22," """"","rat"""
"""5328366784c5db34e8a404e9aedffc26c850cceef48c481724ab4a1a36c7eb58"""," ""win.asyncrat"""," ""None"""," ""50""",2026-10-03 04:00:22," """"","rat"""
"""532ca15e5fed6774cc1a5fbbf96a814bccea78aa064b9bdee20fdb174dcfdd2f"""," ""win.asyncrat"""," ""None"""," ""50""",2026-10-03 04:00:22," """"","rat"""
"""533c45a3400cceaf13703564aa125c4a17b613ea0964d140be0415d7df4f644b"""," ""win.asyncrat"""," ""None"""," ""50""",2026-10-03 04:00:22," """"","rat"""
"""5344afa069646dbabcedb6841169ca3fe09f3172eb9361337df4419cc76697b6"""," ""win.asyncrat"""," ""None"""," ""50""",2026-10-03 04:00:22," """"","rat"""
"""5348860038f0a63ef4bf27a0a9a648160c731f048b205a48f583e7cdc1725c2c"""," ""win.asyncrat"""," ""None"""," ""50""",2026-10-03 04:00:22," """"","rat"""
"""5348d5c53fc5e864e5a042f908ec080bea247b12acf1da629b3799c27b847c7d"""," ""win.asyncrat"""," ""None"""," ""50""",2026-10-03 04:00:22," """"","rat"""
"""52bda216cc809180dc9b2e4c77f7730d16e1f45ac6ecd4e3cb9d398612e25c68"""," ""win.asyncrat"""," ""None"""," ""50""",2026-10-03 04:00:21," """"","rat"""
"""52bf11364e8430f4b271ebb29e2a55451543338be5b2a34e731ede58eef04241"""," ""win.asyncrat"""," ""None"""," ""50""",2026-10-03 04:00:21," """"","rat"""
"""52c211027750f499accc9e4453664e7a0ba22d02fa881a69d98d9fbf65912039"""," ""win.asyncrat"""," ""None"""," ""50""",2026-10-03 04:00:21," """"","rat"""
"""52c2b7df50273c119d00a058c120be94e348b9501048e9838fd36004db275009"""," ""win.asyncrat"""," ""None"""," ""50""",2026-10-03 04:00:21," """"","rat"""
"""52c474d38018c2c1f6db350b60013533861419f419bd15dbefad50069717c591"""," ""win.asyncrat"""," ""None"""," ""50""",2026-10-03 04:00:21," """"","rat"""
"""52c71cb49a4c891197ae29feea7952a8f569f12d0cebee9ce9c8d89c472014ab"""," ""win.asyncrat"""," ""None"""," ""50""",2026-10-03 04:00:21," """"","rat"""
"""52cae576b71c872d793937b5437db6c2a15324342d7d9c4101cd516dd4944cc6"""," ""win.asyncrat"""," ""None"""," ""50""",2026-10-03 04:00:21," """"","rat"""
"""52cd5a999463dc02d41c652972641807a097a44af335b6929600efdff82e6482"""," ""win.asyncrat"""," ""None"""," ""50""",2026-10-03 04:00:21," """"","rat"""
"""52d0ec4cf463ff2be417e77b5f63e1a610baa624bf7e0e0dea0343108ee679b4"""," ""win.asyncrat"""," ""None"""," ""50""",2026-10-03 04:00:21," """"","rat"""
"""52d259ca081b6a4c9dc31fedad158e4bd0f8a10fd3be0c99b67cacbf4ddec810"""," ""win.asyncrat"""," ""None"""," ""50""",2026-10-03 04:00:21," """"","rat"""
"""52d77f0c17e871983e761c9fef3b93b1b3263878fd91caa330bd1a1bc8c75355"""," ""win.asyncrat"""," ""None"""," ""50""",2026-10-03 04:00:21," """"","rat"""
"""52d806caa586edaaec8c8eba2908c540a59172f71368defc66d41e3a42b1d640"""," ""win.asyncrat"""," ""None"""," ""50""",2026-10-03 04:00:21," """"","rat"""
"""52dd82eb47d8e01e510f37e399404589c18b1b7fa78f176a9cdecafddbbd9225"""," ""win.asyncrat"""," ""None"""," ""50""",2026-10-03 04:00:21," """"","rat"""
"""52e61844919817f4aa8bf19142e18561c57bc225a95891e4fb81f2631af2e6ea"""," ""win.asyncrat"""," ""None"""," ""50""",2026-10-03 04:00:21," """"","rat"""
"""52f039142bb84b5268a2c83138818d3e89c3000f48efd4405bfb22f1e3f9ea87"""," ""win.asyncrat"""," ""None"""," ""50""",2026-10-03 04:00:21," """"","rat"""
"""52f2d9a220e5cc74584738ff0c448d63b90a05c8ca4800083bcd69c9dce17691"""," ""win.asyncrat"""," ""None"""," ""50""",2026-10-03 04:00:21," """"","rat"""
"""52f4d9a82aa80952594d1efceba6ef326395f97005bb06d240d378a8c4a6da70"""," ""win.asyncrat"""," ""None"""," ""50""",2026-10-03 04:00:21," """"","rat"""
"""52f68de248cc5996db84ca3bccbd364d9bc45f447227bed23df11dd75cc6d444"""," ""win.asyncrat"""," ""None"""," ""50""",2026-10-03 04:00:21," """"","rat"""
"""52fe4769d849ea08cadced8bff0d4c22e1a6ea37124246281f23e8cabddb4e59"""," ""win.asyncrat"""," ""None"""," ""50""",2026-10-03 04:00:21," """"","rat"""
"""526add8c7ab1792f2b511c7dd3d2fac050e52114541523fb46b0c0539c97ca11"""," ""win.asyncrat"""," ""None"""," ""50""",2026-10-03 04:00:20," """"","rat"""
"""526ea33289356c0ed440ed74337e50e4fc6ce2dae41032cacd5e2a8228d657ed"""," ""win.asyncrat"""," ""None"""," ""50""",2026-10-03 04:00:20," """"","rat"""
"""52700cd5c143fa2f1dfd90eeda76b24f30594a24f9aeee1c0c7e657924dfb4cb"""," ""win.asyncrat"""," ""None"""," ""50""",2026-10-03 04:00:20," """"","rat"""
"""5273bfd8b4ea8c5ef1b3c758395e258a65031216b0f242ab5f46c8d363a8df8f"""," ""win.asyncrat"""," ""None"""," ""50""",2026-10-03 04:00:20," """"","rat"""
"""52770715593c5db4b394fccd402adf5cb0b196140abf2dd326510f433ba82978"""," ""win.asyncrat"""," ""None"""," ""50""",2026-10-03 04:00:20," """"","rat"""
"""5278182447dcd6f9641b1d1c54bd9f6fc18dc1a82a85127d22035e76e7e9a376"""," ""win.asyncrat"""," ""None"""," ""50""",2026-10-03 04:00:20," """"","rat"""
"""527f090cfbbdd1dd9ade936394d8233f9b6731664c45e44c51f6ddabb4f6bfde"""," ""win.asyncrat"""," ""None"""," ""50""",2026-10-03 04:00:20," """"","rat"""
"""528049736d6b6647d3cc4216902bffca9c1aed8a8d669606129a811862f38914"""," ""win.asyncrat"""," ""None"""," ""50""",2026-10-03 04:00:20," """"","rat"""
"""52863f21d68ddb0abb17a90e8cbb3039d915cd859b8506b00d7fe26c23c18008"""," ""win.asyncrat"""," ""None"""," ""50""",2026-10-03 04:00:20," """"","rat"""
"""52947b3c80698f3c29876913ade80265a06e7101af2794ce8cdb9feda597a97e"""," ""win.asyncrat"""," ""None"""," ""50""",2026-10-03 04:00:20," """"","rat"""
"""5298d86085ee5c4e15d5976b3a44d0b11cd7dbf649aebea86eb88d966f888f8b"""," ""win.asyncrat"""," ""None"""," ""50""",2026-10-03 04:00:20," """"","rat"""
"""529de828727b879c579dfdb8cdce81a6afcba2172695447f279bbb3ce3552d07"""," ""win.asyncrat"""," ""None"""," ""50""",2026-10-03 04:00:20," """"","rat"""
"""52a5a1066a27d5d8fd821f3465ad0fb923de343a385a22c50b0314c610f5f888"""," ""win.asyncrat"""," ""None"""," ""50""",2026-10-03 04:00:20," """"","rat"""
"""52a610b0ad89165f4a65a504f9cdd2ecdf8310d96088529fed72463a54fcd6c8"""," ""win.asyncrat"""," ""None"""," ""50""",2026-10-03 04:00:20," """"","rat"""
"""52aa06ae0a05c1f61a962041b59b21e3985acb7ceec769f54710ad95bed03aa5"""," ""win.asyncrat"""," ""None"""," ""50""",2026-10-03 04:00:20," """"","rat"""
"""52aac553901b56007d9b40870447423fef70802593722eebd3a7326635074aaa"""," ""win.asyncrat"""," ""None"""," ""50""",2026-10-03 04:00:20," """"","rat"""
"""52adfe5797b14ea67d9d9a78eca85a5ef016cc121f439fbfe8f7219dfefd1303"""," ""win.asyncrat"""," ""None"""," ""50""",2026-10-03 04:00:20," """"","rat"""
"""52af020a20265e2f5c0f8d483ecf1599142eda108d6aae3b3faf17a9aed927ab"""," ""win.asyncrat"""," ""None"""," ""50""",2026-10-03 04:00:20," """"","rat"""
"""52b24da4bf4e592a5775aa01a4ce1cc06b40ceb0a5513c575b6a3e2677fcc5f3"""," ""win.asyncrat"""," ""None"""," ""50""",2026-10-03 04:00:20," """"","rat"""
"""521199251b008a9dd6f655d4220ffbe4ed3909c5c51100a9bd09f4760705b509"""," ""win.asyncrat"""," ""None"""," ""50""",2026-10-03 04:00:19," """"","rat"""
"""5211d36fe1368832a8fe0ebc8fc1b9b1ce9d72bd4a40853f774be8d5b637d903"""," ""win.asyncrat"""," ""None"""," ""50""",2026-10-03 04:00:19," """"","rat"""
"""5212cc66860b127555ca66b7a45f209418ac83dc24e50e80346a4a612268f0b8"""," ""win.asyncrat"""," ""None"""," ""50""",2026-10-03 04:00:19," """"","rat"""
"""5215d350f917e8f1df09581b835fb5189a00461a1041b898505bd39180203c1d"""," ""win.asyncrat"""," ""None"""," ""50""",2026-10-03 04:00:19," """"","rat"""
"""521b4516ed8e30973f02f5749ba800aee5b4271d022ea4c783decb001d14f74d"""," ""win.asyncrat"""," ""None"""," ""50""",2026-10-03 04:00:19," """"","rat"""
"""521ee7e46a2da04f3aaf21131a867b9d6ac8228f03b3ea69c4274d0348e9417c"""," ""win.asyncrat"""," ""None"""," ""50""",2026-10-03 04:00:19," """"","rat"""
"""5227ed40f5ee2c8d976365582e7550bf43e1cedaca4ffdbf3f6993d78826ac47"""," ""win.asyncrat"""," ""None"""," ""50""",2026-10-03 04:00:19," """"","rat"""
"""522ee07d2425ec6b9379089652277983e1bf79a1179382ccc5e1f16b254d0e8a"""," ""win.asyncrat"""," ""None"""," ""50""",2026-10-03 04:00:19," """"","rat"""
"""5234f89182c4dc720109d79846f727f40dfd3fb0dfcfd6dd775220b0cf339c2c"""," ""win.asyncrat"""," ""None"""," ""50""",2026-10-03 04:00:19," """"","rat"""
"""523f182f4725f3ab8465671b801bd4ba6837b393b57a5f1f627bd7841ffd0e54"""," ""win.asyncrat"""," ""None"""," ""50""",2026-10-03 04:00:19," """"","rat"""
"""5241eaee54b34dae636c89c84e85f62c7ed65c8a3c52c6c7248fa66e13841939"""," ""win.asyncrat"""," ""None"""," ""50""",2026-10-03 04:00:19," """"","rat"""
"""524b71c4013215761e79452ecd84fecf4ee101bd2011d2d95e604a566db996af"""," ""win.asyncrat"""," ""None"""," ""50""",2026-10-03 04:00:19," """"","rat"""
"""524e5fb5193a1290d902284bbab04e829e6b0a304a09ec146947745d57a9e4ea"""," ""win.asyncrat"""," ""None"""," ""50""",2026-10-03 04:00:19," """"","rat"""
"""525128218910d1c90fdb83ba56ee51c3a6f1193f844b03207086be9e45cc8d74"""," ""win.asyncrat"""," ""None"""," ""50""",2026-10-03 04:00:19," """"","rat"""
"""5254ced00e2e4832dfdb2bf138d7085771c9ac6ad3bcb9bffe92ba1922aa5786"""," ""win.asyncrat"""," ""None"""," ""50""",2026-10-03 04:00:19," """"","rat"""
"""525f5c2b3ceb4b68ebc88e41ca39500b737be3e627e33c7ff6f68f1b9a977d74"""," ""win.asyncrat"""," ""None"""," ""50""",2026-10-03 04:00:19," """"","rat"""
"""5260ebf385e9bc4fb9e4a69b7c3935b777ab110968d7cf9307ab5905120e1d38"""," ""win.asyncrat"""," ""None"""," ""50""",2026-10-03 04:00:19," """"","rat"""
"""526126f4b17a0aec340b45293656487d366297c0549c606372b971f02e921bfd"""," ""win.asyncrat"""," ""None"""," ""50""",2026-10-03 04:00:19," """"","rat"""
"""5261e931253f49d50072d639aa8249263c7f44b28810896f0ae97de3ce16bb82"""," ""win.asyncrat"""," ""None"""," ""50""",2026-10-03 04:00:19," """"","rat"""
"""526539d41092e31a6eb4097cc93b55285d758b41e992d11c1819767306f08f30"""," ""win.asyncrat"""," ""None"""," ""50""",2026-10-03 04:00:19," """"","rat"""
"""51ca27e723a121f9b290e8245e0658b33db5ec9e809715fcd00539518574bcc9"""," ""win.asyncrat"""," ""None"""," ""50""",2026-10-03 04:00:18," """"","rat"""
"""51cab8f177eb68f04615b33c39ca1491b29f0ee89f712b41070389204699fd40"""," ""win.asyncrat"""," ""None"""," ""50""",2026-10-03 04:00:18," """"","rat"""
"""51d9057e770560cea7c5678d579351b7f2e908bb839a6e16238d74dd5373c4f5"""," ""win.asyncrat"""," ""None"""," ""50""",2026-10-03 04:00:18," """"","rat"""
"""51db4d2c54e299ae26b3085633aa79476560f9a2f5cc4328683cdee5fb6591fe"""," ""win.asyncrat"""," ""None"""," ""50""",2026-10-03 04:00:18," """"","rat"""
"""51dbd69bcfac286f661596ff039d50be797c0b850543f609f1a0564dfb45b4a4"""," ""win.asyncrat"""," ""None"""," ""50""",2026-10-03 04:00:18," """"","rat"""
"""51dd17b0ea4169e58b72ce70495999eb72d81031fced1b1315eca962915dfa58"""," ""win.asyncrat"""," ""None"""," ""50""",2026-10-03 04:00:18," """"","rat"""
"""51df4904006bdfa3f8e334af7762e4b98e428edc7f2f9d2c3f9cddb7b6f76418"""," ""win.asyncrat"""," ""None"""," ""50""",2026-10-03 04:00:18," """"","rat"""
"""51e4092cc2b507c07cc5b5dd34ac507ef02302fd2b3ad60912d9719a46ec7228"""," ""win.asyncrat"""," ""None"""," ""50""",2026-10-03 04:00:18," """"","rat"""
"""51e4dce11e58aa2be5d3c73056bf45652de5032dcb29636b28f2c1659df135db"""," ""win.asyncrat"""," ""None"""," ""50""",2026-10-03 04:00:18," """"","rat"""
"""51e6527daa5a10028c434c7ceaed1570ddd95e1de0eafa702f77860cec3d0b7c"""," ""win.asyncrat"""," ""None"""," ""50""",2026-10-03 04:00:18," """"","rat"""
"""51ecbaefb0c7b17ea97e6c220edea153b3a787b97ba1000c43dfc7af9e3c785f"""," ""win.asyncrat"""," ""None"""," ""50""",2026-10-03 04:00:18," """"","rat"""
"""51ef0339aa89d46ad9b5131f17e54a45c12a653a0e530a1fb6b381ce465f9ca2"""," ""win.asyncrat"""," ""None"""," ""50""",2026-10-03 04:00:18," """"","rat"""
"""51f2211c860f9a23173d9c2533343e5386599846b32468922926239c62b2aecf"""," ""win.asyncrat"""," ""None"""," ""50""",2026-10-03 04:00:18," """"","rat"""
"""51f3f7d8ac847527e0652b7841b3f37844b24f1e5b206af23debd479b8aa6a86"""," ""win.asyncrat"""," ""None"""," ""50""",2026-10-03 04:00:18," """"","rat"""
"""51f4fd4b792fe850919ba26123a12a05c7d711f174243688cbba43ddc9c479fa"""," ""win.asyncrat"""," ""None"""," ""50""",2026-10-03 04:00:18," """"","rat"""
"""51f9008cc714bc2c9d8349ddd249daa5b78dfe593cc86d047760daf0aee1bdf8"""," ""win.asyncrat"""," ""None"""," ""50""",2026-10-03 04:00:18," """"","rat"""
"""52037b1dc98944493fc6ac41ab7fbc62c7eef79238c2b7f8d9242284e08f8a3b"""," ""win.asyncrat"""," ""None"""," ""50""",2026-10-03 04:00:18," """"","rat"""
"""520ac8627622243d245e44af86961d43dd5bf4887295af246a35e9e354bc4b55"""," ""win.asyncrat"""," ""None"""," ""50""",2026-10-03 04:00:18," """"","rat"""
"""520beb909a622e4a50bcbae7a43194deda3478a4fe2c4e4c81d939761076e23f"""," ""win.asyncrat"""," ""None"""," ""50""",2026-10-03 04:00:18," """"","rat"""
"""520d36cc5206f727a878d748e7255b922a835c5dae068498139dc0b90b078a61"""," ""win.asyncrat"""," ""None"""," ""50""",2026-10-03 04:00:18," """"","rat"""
"""520f74d232bd500790ce8018cc32567c537534e7bf028bffd4fbb225c1713812"""," ""win.asyncrat"""," ""None"""," ""50""",2026-10-03 04:00:18," """"","rat"""
"""517806ff3610aa22bd44547ebcc2a84797c927478aac3e24611fbe7747093a99"""," ""win.asyncrat"""," ""None"""," ""50""",2026-10-03 04:00:17," """"","rat"""
"""51780a91bc216ba6305031733f3d2a95a0165baba51f3c6657d3cdc4a9d91b61"""," ""win.asyncrat"""," ""None"""," ""50""",2026-10-03 04:00:17," """"","rat"""
"""517d641dad9471b535955fcf15ab628b58c78084f2239f6846b64c36f9411c93"""," ""win.asyncrat"""," ""None"""," ""50""",2026-10-03 04:00:17," """"","rat"""
"""518b5e25b23dfcef7e0ed60cd284bf2dda7f2d87ace3d5c505e0642e08b08f99"""," ""win.asyncrat"""," ""None"""," ""50""",2026-10-03 04:00:17," """"","rat"""
"""51909c6510b001521d4513d595649f76a2ba6fb2593dbfd330953921827ddfc6"""," ""win.asyncrat"""," ""None"""," ""50""",2026-10-03 04:00:17," """"","rat"""
"""5192b1aaa8f755f0a0dd96836ec80d4f208b0403ff3d755e9a112e7efb1ce68f"""," ""win.asyncrat"""," ""None"""," ""50""",2026-10-03 04:00:17," """"","rat"""
"""5197452d82a73c73869815238015b1cd592210c6780ac637f7dc278698ad1fb7"""," ""win.asyncrat"""," ""None"""," ""50""",2026-10-03 04:00:17," """"","rat"""
"""519bc7a61ddcbdf60b356d3437c101571d8f2ef0cf50858d12c1c2c40ffd1c44"""," ""win.asyncrat"""," ""None"""," ""50""",2026-10-03 04:00:17," """"","rat"""
"""519c1b37131814f0784fda8b58ebfc8590fe35ba0cac1f33533170f7610f6995"""," ""win.asyncrat"""," ""None"""," ""50""",2026-10-03 04:00:17," """"","rat"""
"""519eed760480272f7f591524d94c76e5429abbccd351cf41e11a85258f1ddb98"""," ""win.asyncrat"""," ""None"""," ""50""",2026-10-03 04:00:17," """"","rat"""
"""519f3ceedba4471f3d5178451c1007911145fb6eaf4e259a2c29b8e3483dabb1"""," ""win.asyncrat"""," ""None"""," ""50""",2026-10-03 04:00:17," """"","rat"""
"""51a64dcb64db7eafac0c26b588a14864aa99ec0d18fa96b5899dbff7fd32f1ed"""," ""win.asyncrat"""," ""None"""," ""50""",2026-10-03 04:00:17," """"","rat"""
"""51a9d59ededfb0b1bb87b2de0477849b76e29621c0cc01e3c4a4a4e0e3b73054"""," ""win.asyncrat"""," ""None"""," ""50""",2026-10-03 04:00:17," """"","rat"""
"""51aa51b9495f16e39ff8e072e3027e77b34a9ed6410abde7350f415396ce9042"""," ""win.asyncrat"""," ""None"""," ""50""",2026-10-03 04:00:17," """"","rat"""
"""51ad998f3a847685ef42e7f85f11852d3a90939cb4d7166d7bc002f0ec87fce3"""," ""win.asyncrat"""," ""None"""," ""50""",2026-10-03 04:00:17," """"","rat"""
"""51b5dde2fc847c795bb2c2c797d2ac860ffcb4814b1746000505d3b0bb03c7c2"""," ""win.asyncrat"""," ""None"""," ""50""",2026-10-03 04:00:17," """"","rat"""
"""51c0cfc7539dc3bb883969d384a7389373a144f65ce6d1b5ec39bff2f616510a"""," ""win.asyncrat"""," ""None"""," ""50""",2026-10-03 04:00:17," """"","rat"""
"""51c23c9fee47972db699d6fbefcf75f1f841e2a72efff842b34d38f9faf89a34"""," ""win.asyncrat"""," ""None"""," ""50""",2026-10-03 04:00:17," """"","rat"""
"""51c2ce9149de3db70b215296b809528da5b3adbf79d8dcbd67d24e7f4cbbf28f"""," ""win.asyncrat"""," ""None"""," ""50""",2026-10-03 04:00:17," """"","rat"""
"""51c3239dd5c9207516bbfec8fba85622f50c059f32143876972ea14426d827c9"""," ""win.asyncrat"""," ""None"""," ""50""",2026-10-03 04:00:17," """"","rat"""
"""51c4d441a14fa3ff0b2da86e4ebbbb3ea0cade5d296a4244845ea87e4b5e7380"""," ""win.asyncrat"""," ""None"""," ""50""",2026-10-03 04:00:17," """"","rat"""
"""5118a2474186a2b702e3daa0315501eb400aa40594a7444133abe9edee6f94e1"""," ""win.asyncrat"""," ""None"""," ""50""",2026-10-03 04:00:16," """"","rat"""
"""511a99c70f3a3aaad381b3bf626e411b3b41f7a7cf3e040068a8cdddc6224296"""," ""win.asyncrat"""," ""None"""," ""50""",2026-10-03 04:00:16," """"","rat"""
"""511bb1fd35188c8885e398b5c1ebb8ce6ead615be163da8d0255aab3154c499b"""," ""win.asyncrat"""," ""None"""," ""50""",2026-10-03 04:00:16," """"","rat"""
"""51258ae7245e0f0fbb60a065b5252a66c2eb0beb0fd387cdbafbdd3e2851c97d"""," ""win.asyncrat"""," ""None"""," ""50""",2026-10-03 04:00:16," """"","rat"""
"""512a77e230628aa015d502800cf98b5744c667dcffab9c1a5d6cc15e0634d8e8"""," ""win.asyncrat"""," ""None"""," ""50""",2026-10-03 04:00:16," """"","rat"""
"""512ccadbdc0c2eea3c81921870bd3813662507123b040d8bff95a53730548b1c"""," ""win.asyncrat"""," ""None"""," ""50""",2026-10-03 04:00:16," """"","rat"""
"""513105f291a41960b5e08f5e94dee377eae8f6b483e012cc835869b639e1fc5b"""," ""win.asyncrat"""," ""None"""," ""50""",2026-10-03 04:00:16," """"","rat"""
"""513484fa49c694d885bd47a1640f2f78b1427a56b03df03b030acaa8557f1eb9"""," ""win.asyncrat"""," ""None"""," ""50""",2026-10-03 04:00:16," """"","rat"""
"""51372225b02547e2cd887b11133dc3c0f18f4e49e15ba85b402d81ab85571e9b"""," ""win.asyncrat"""," ""None"""," ""50""",2026-10-03 04:00:16," """"","rat"""
"""51410601516d6164b1d859fe1d39a9ed8f66a4994f8fda10f2d67af779e95bfe"""," ""win.asyncrat"""," ""None"""," ""50""",2026-10-03 04:00:16," """"","rat"""
"""514e616e306a303bc6239c10b2b841466082130a9c0321f36c06df217c4ff9b2"""," ""win.asyncrat"""," ""None"""," ""50""",2026-10-03 04:00:16," """"","rat"""
"""51505fab78a7b318bcae9d3005fd3035517141abed16054541c29c03bb9af4ea"""," ""win.asyncrat"""," ""None"""," ""50""",2026-10-03 04:00:16," """"","rat"""
"""5153a4d8ee131d9edb35829e1326f08c19d718c572a9274eacb7430896ec5112"""," ""win.asyncrat"""," ""None"""," ""50""",2026-10-03 04:00:16," """"","rat"""
"""5157d8d5c583eea41772fb99793e13f9d7e3c3c2b0eb2cd876c65d1835cc8d8f"""," ""win.asyncrat"""," ""None"""," ""50""",2026-10-03 04:00:16," """"","rat"""
"""515b9527c2526fe2414360e00324b07376190ff465826b4fe5b7b56d166963fa"""," ""win.asyncrat"""," ""None"""," ""50""",2026-10-03 04:00:16," """"","rat"""
"""515e5105f1bda9207f1342220ecaddc6dc04b8aa54149e7cc7ccb38225845d03"""," ""win.asyncrat"""," ""None"""," ""50""",2026-10-03 04:00:16," """"","rat"""
"""515f4a1c7e4490a059624939fb259dd18817d9637c7e159e27322ee6e60a33f8"""," ""win.asyncrat"""," ""None"""," ""50""",2026-10-03 04:00:16," """"","rat"""
"""516908fc95c6c31806a19b5a9108c0a99fff52371426fb77a10e1d75d1ae8a79"""," ""win.asyncrat"""," ""None"""," ""50""",2026-10-03 04:00:16," """"","rat"""
"""516ba3437e6cadf0110bbe37215579be16ca9309bfd32764af28a73129b800b2"""," ""win.asyncrat"""," ""None"""," ""50""",2026-10-03 04:00:16," """"","rat"""
"""5175edb336720619547d45255a0e9c9c72a6774ae73729236188c79a4cb264e1"""," ""win.asyncrat"""," ""None"""," ""50""",2026-10-03 04:00:16," """"","rat"""
"""5177f4016e4e616d5dd750c1b84f7021fd2802aefc9cce55ae0c2691c2052ab6"""," ""win.asyncrat"""," ""None"""," ""50""",2026-10-03 04:00:16," """"","rat"""
"""50b652ccc1549a6a12702a4838f5a8a366c267b34ba57f849f7cd9f8327fe8d2"""," ""win.asyncrat"""," ""None"""," ""50""",2026-10-03 04:00:15," """"","rat"""
"""50b886a5ba9ff8d8720f9960c1ac52c992bc0e2ccf11ba2ab955a2a783753613"""," ""win.asyncrat"""," ""None"""," ""50""",2026-10-03 04:00:15," """"","rat"""
"""50b8d65d58fc68b58d44100a7f00eaa1f44dd7ded6aa0d4fe3cea8cf9a691c76"""," ""win.asyncrat"""," ""None"""," ""50""",2026-10-03 04:00:15," """"","rat"""
"""50b9fff16f73b30b772d443e019f88fd2402a0beaa5377ec2ee9f2a86c6c0fc0"""," ""win.asyncrat"""," ""None"""," ""50""",2026-10-03 04:00:15," """"","rat"""
"""50bde48b7037890d318cf123e23a78f734634cff29354fc5852293d5702737b9"""," ""win.asyncrat"""," ""None"""," ""50""",2026-10-03 04:00:15," """"","rat"""
"""50beff79a7de65015be9c1124c6c26b2e912313e31fa7d5831c5ebf6082ca37e"""," ""win.asyncrat"""," ""None"""," ""50""",2026-10-03 04:00:15," """"","rat"""
"""50c2dba1d961e09cb8df397b71bd3b6a32d0ee6dbe886e7309305dc4ba968f94"""," ""win.asyncrat"""," ""None"""," ""50""",2026-10-03 04:00:15," """"","rat"""
"""50c574224db3983501f9e45103dee5779f9469485b9d0b22e4d5ce09d2b5df2d"""," ""win.asyncrat"""," ""None"""," ""50""",2026-10-03 04:00:15," """"","rat"""
"""50d0d7ddbaeca0765f06901ef050fc76a30153fb804f59d804abf60135fdf0ae"""," ""win.asyncrat"""," ""None"""," ""50""",2026-10-03 04:00:15," """"","rat"""
"""50d4c980e76fdec603450b0d338db394a694f248a11c01676d193371017a293c"""," ""win.asyncrat"""," ""None"""," ""50""",2026-10-03 04:00:15," """"","rat"""
"""50d4fc366de45e92acb593fd0929cf7ce06b2b3f1b437ea9245989fdfa1a4c22"""," ""win.asyncrat"""," ""None"""," ""50""",2026-10-03 04:00:15," """"","rat"""
"""50d9d47d0cbefb79de4f5814407951aaf77754caeec121cfa130260b4c2eb22a"""," ""win.asyncrat"""," ""None"""," ""50""",2026-10-03 04:00:15," """"","rat"""
"""50dec92fbf4aeff0ee0b537a8d94532a0565c79d966d2b726da134691dc05721"""," ""win.asyncrat"""," ""None"""," ""50""",2026-10-03 04:00:15," """"","rat"""
"""50f0b3f5225a125f3e74ecd7da7bd4beda5597d82b15d99ff2e729b8fec4ae7a"""," ""win.asyncrat"""," ""None"""," ""50""",2026-10-03 04:00:15," """"","rat"""
"""50f3b84ac434ebba364e1a0fab752cb15101ae4c63ac3cfee04341e17b6dbb4b"""," ""win.asyncrat"""," ""None"""," ""50""",2026-10-03 04:00:15," """"","rat"""
"""50fa3d0d3878e8ebfe864ad367bd817568c726fb4282ef10e110b23dba22b2fd"""," ""win.asyncrat"""," ""None"""," ""50""",2026-10-03 04:00:15," """"","rat"""
"""50ff04adb871c1bcf46bb5443aa53395fb16ad472c5041ae78a4b5de175adeba"""," ""win.asyncrat"""," ""None"""," ""50""",2026-10-03 04:00:15," """"","rat"""
"""5105b316b149ff001f6ebf7d64aff03e912f37dc8321221252238cbdbd768fdf"""," ""win.asyncrat"""," ""None"""," ""50""",2026-10-03 04:00:15," """"","rat"""
"""5111624119a7adb096dffe411fd8c44d7ca928f93dbc8689c21af993a20493c7"""," ""win.asyncrat"""," ""None"""," ""50""",2026-10-03 04:00:15," """"","rat"""
"""51149751e3155e4255792407b0d6b7b448db25719f52a6a9008a1bf38d153f00"""," ""win.asyncrat"""," ""None"""," ""50""",2026-10-03 04:00:15," """"","rat"""
"""509607c23436a0d4ef33b21734a19aa129fbcd63bad4cb2965f06fc3f32c2554"""," ""win.asyncrat"""," ""None"""," ""50""",2026-10-03 04:00:14," """"","rat"""
"""5099d4149a56a2cb48e44a6102b1c530c3cfbb1345c1e284ebe97acfeba816bb"""," ""win.asyncrat"""," ""None"""," ""50""",2026-10-03 04:00:14," """"","rat"""
"""509e3c1c45131f98ebb8e44eda547598327983e1f18af4fcfaf0bad4abbcf819"""," ""win.asyncrat"""," ""None"""," ""50""",2026-10-03 04:00:14," """"","rat"""
"""509f02b2a6543aab550e12f195272e0189d174ff931f72177126e295d2a96a7c"""," ""win.asyncrat"""," ""None"""," ""50""",2026-10-03 04:00:14," """"","rat"""
"""50a16971e1979b9fedd35969fb3e0658480d2d18139a935d065f76c002c8a961"""," ""win.asyncrat"""," ""None"""," ""50""",2026-10-03 04:00:14," """"","rat"""
"""50af31821aba0e9e3cc6aba17a3e07123149b52b1312b8f1ce1b3fb96e1f1278"""," ""win.asyncrat"""," ""None"""," ""50""",2026-10-03 04:00:14," """"","rat"""
"""50afeb6e91800608c1c0bf74d243a593ceb068998f1d96102ef30812b1537781"""," ""win.asyncrat"""," ""None"""," ""50""",2026-10-03 04:00:14," """"","rat"""
"""bdce90157466413c3f70c0ab5f8249748fc831588c6206dc40e47af9190e124a"""," ""elf.mirai"""," ""Katana"""," ""95""",2026-10-03 03:47:00," """"",exe
"""749738fc07e21c7433a3524bdf2631342d1f8e7d9d0e3b264099e3cab7f686d4"""," ""elf.mirai"""," ""Katana"""," ""95""",2026-10-03 03:46:59," """"",exe
"""c71d74ce79b23052d26619ccc3c967fa46d2fd97328369b22565ac84f9028882"""," ""elf.mirai"""," ""Katana"""," ""95""",2026-10-03 03:46:59," """"",exe
"""782a55c97a9a460550fa4f80b806cabca251990fd5b9aafd82bc6b4739ff3374"""," ""elf.mirai"""," ""Katana"""," ""95""",2026-10-03 03:46:57," """"",exe
"""66d8f18742afa0b917fef01c9e0a8ddfb768529e571051387ca3f227746ea709"""," ""elf.mirai"""," ""Katana"""," ""95""",2026-10-03 03:46:57," """"",exe
"""22ca93f691d342cbf50165e97503d80911fa78343005896fbf0a40b5f8f29dac"""," ""elf.mirai"""," ""Katana"""," ""95""",2026-10-03 03:46:56," """"",exe
"""cabfc5c1800c51508edc782b491f845228bde3cebab2d65ef3a1bbcc65ac8cc2"""," ""elf.mirai"""," ""Katana"""," ""95""",2026-10-03 03:46:54," """"",exe
"""fda8056e62aa7fe32746c7c59f376d4beca5ee21fd2a5276e038416b8e0b65b8"""," ""elf.mirai"""," ""Katana"""," ""95""",2026-10-03 03:46:54," """"",exe
"""08116fa61c263e41459257c950fdda70113a3c7474060f71db98b10e0c5339a0"""," ""elf.mirai"""," ""Katana"""," ""95""",2026-10-03 03:46:53," """"","Mirai"""
"""fcf5437a7884cdecc7fd0f9b88bf6e33ec02748caedea247732db9ad3993e5fc"""," ""elf.mirai"""," ""Katana"""," ""95""",2026-10-03 03:46:52," """"",exe
"""e9ae8c960ffbb5dfce49f0713840340ac1fdea99092f1032cc1fea730b2565df"""," ""elf.mirai"""," ""Katana"""," ""95""",2026-10-03 03:46:51," """"",exe
"""1e9fe6fde5bf86fbbd6804987fa426c4c626af664360ce02a799224e6bcc4b38"""," ""elf.mirai"""," ""Katana"""," ""95""",2026-10-03 03:46:50," """"",exe
"""397db9349a7b51a917752a86b14fd56dbd03ec133bd517aee91d43c400a8f8a8"""," ""elf.mirai"""," ""Katana"""," ""100""",2026-10-03 03:46:49," """"",Gafgyt
"""d285e850768951f5837339bbcbba1ed22d41f8e9a42ab9c2ad7cd31c03fcdf5b"""," ""elf.snowlight"""," ""None"""," ""95""",2026-10-03 03:46:48," """"","SNOWLIGHT"""
"""cd68438902d232639295aba806688c8a291c8ba3ed2f4be220f4015633f526b7"""," ""elf.mirai"""," ""Katana"""," ""95""",2026-10-03 03:46:46," """"","Mirai"""
"""e7d67c585fcb31b397b5a63864df9b7bf87ad589cbddf9947b34153d5ce9e692"""," ""elf.mirai"""," ""Katana"""," ""100""",2026-10-03 03:46:46," """"","Mirai"""
"""c0685aa4c68bbecb0bc5a61c3ee46eb9056ae33ded414784761d8ccac48e5bbd"""," ""elf.mirai"""," ""Katana"""," ""100""",2026-10-03 03:46:45," """"","Mirai"""
"""e9d867e66fc7242c6ed40ad9d0feb65d9201e4073be54457a9d6e41e20bd875c"""," ""elf.bashlite"""," ""gayfgt",torlus,2026-10-03 03:46:44,qbot," ""100"""
"""850847440cf308046af0139b1c74e7059d19e82f591705f772d4568d854c1079"""," ""elf.mirai"""," ""Katana"""," ""100""",2026-10-03 03:46:43," """"","Mirai"""
"""25a8d963fff24bc21a1820473c36d72f02ab5c3f8e54195b6fef781bd47cb5a9"""," ""elf.bashlite"""," ""gayfgt",torlus,2026-10-03 03:46:42,qbot," ""100"""
"""82713b7992d2632c0f7ce9c94d07a30fe86bc20242761cda0d767bbca13df05e"""," ""elf.mirai"""," ""Katana"""," ""100""",2026-10-03 03:46:41," """"","Mirai"""
"""0456e20d11f2d38aa5b216487ffbff956da517c4121d91bc6e2461793aa40d71"""," ""elf.mirai"""," ""Katana"""," ""100""",2026-10-03 03:46:40," """"","Mirai"""
"""6e6f0e9848fb60811a8b3e909bdc2c8f196e59f73ed967f8b4fc2f01797082f6"""," ""elf.bashlite"""," ""gayfgt",torlus,2026-10-03 03:46:39,qbot," ""100"""
"""6eb5b746734a11fd74d8db49f490a3169c5d5c42692a15ff78bb32c5f274f188"""," ""elf.mirai"""," ""Katana"""," ""100""",2026-10-03 03:46:38," """"","Mirai"""
"""e366e8bb280bd5926a01c18921fbcfa1978562b9d4028bd75f878d51ae9cc7fe"""," ""elf.mirai"""," ""Katana"""," ""100""",2026-10-03 03:46:37," """"","Mirai"""
"""3860a632ab55f43e1bbd4782d4a3da368cfe346738628850cb08a77b857763df"""," ""elf.mirai"""," ""Katana"""," ""100""",2026-10-03 03:46:36," """"","Mirai"""
"""4ceeb9b7802495c61654e3a23a8911475b7d67d874f2d37164fec0aaa696139d"""," ""elf.mirai"""," ""Katana"""," ""100""",2026-10-03 03:46:35," """"","Mirai"""
"""5359548fc30c23be1b07e70d8443eae278fc1c5d1a1f29644397c5d676c22d28"""," ""elf.mirai"""," ""Katana"""," ""100""",2026-10-03 03:46:34," """"",Mirai
"""19f7e15b8b6d793aa53fea1948fe046577578dc2ac3c6320b5b134f809124404"""," ""elf.mirai"""," ""Katana"""," ""100""",2026-10-03 03:46:33," """"","Mirai"""
"""086e64a08e4ec5c4cc6c5545604e025ff54234207be64661af31327d7dca5aac"""," ""elf.mirai"""," ""Katana"""," ""100""",2026-10-03 03:46:32," """"","Mirai"""
"""b0354da21170c86f1db536de1c29529ca1491f6e17a8deddb5cc59756d00a456"""," ""elf.mirai"""," ""Katana"""," ""100""",2026-10-03 03:46:31," """"","Mirai"""
"""a1921a3fe4a5a7f8cb2a70c6295ec46584b7a9d7c4575dda8c6f51872275dfb4"""," ""elf.mirai"""," ""Katana"""," ""100""",2026-10-03 03:46:30," """"","Mirai"""
"""b38aff4c40d5977c9e8d7452bb2622fafd8f96c09dba94a233239ed5e516c877"""," ""elf.mirai"""," ""Katana"""," ""100""",2026-10-03 03:46:28," """"","Mirai"""
"""07d24f98d34ebcd0e8fe40ea9218805c94dd500e4ed3c3a0cebf79692aa53802"""," ""elf.bashlite"""," ""gayfgt",torlus,2026-10-03 03:46:27,qbot," ""100"""
"""d1bbd61cdcb2303a68ba0ad884d5655c1a34f9bfad7195fc094c55546c57253d"""," ""elf.mirai"""," ""Katana"""," ""100""",2026-10-03 03:46:26," """"",Mirai
"""7f78ff46ae4ee5221704aa29cd9091f2def833cfa1d37e640f4cac6ea0d1f367"""," ""elf.mirai"""," ""Katana"""," ""100""",2026-10-03 03:46:25," """"","Mirai"""
"""b96706b34eff4a7301245feaf1b7f6e869977daaa9cc5f27822bd679ee1f472b"""," ""elf.mirai"""," ""Katana"""," ""100""",2026-10-03 03:46:24," """"","Mirai"""
"""d0ed85586eeee7b4d4d5423e50edf94540c5c7ef2467e35d8b4c7d5a625051b4"""," ""elf.mirai"""," ""Katana"""," ""100""",2026-10-03 03:46:23," """"","Mirai"""
"""5c8b11a39aa0cefad77db32d13bef0a3968bf7f0a4f439d346cd5a625850caa5"""," ""elf.mirai"""," ""Katana"""," ""100""",2026-10-03 03:46:22," """"","Mirai"""
"""74d3625c35c6a80392894ac46498df13a158585c8ea39419f5074b4e10cb16c5"""," ""elf.mirai"""," ""Katana"""," ""100""",2026-10-03 03:46:20," """"","Mirai"""
"""6c72a8d3adf00b0c13164df53ad67796a4d363976eb7f11a0ef7c0ca94365c4d"""," ""elf.mirai"""," ""Katana"""," ""100""",2026-10-03 03:46:19," """"","Mirai"""
"""7b4f28cf2bcdb799c13dcbb44d6f1edbab76cc4fe01932e941f04d35f3e59099"""," ""elf.mirai"""," ""Katana"""," ""100""",2026-10-03 03:46:18," """"","Mirai"""
"""9121ef0f2d7b2cc3c887420ecb1eae214db9cb780433d11565ab8c98a6ad99ec"""," ""jar.crossrat"""," ""Trupto"""," ""95""",2026-10-02 14:59:48," ""2026-10-03 06:30:44"""," ""0"""
"""87a52c46f1cd13cebba5d45c6a793f96b311514fd41ba70051bb3fb1c1dd6bbb"""," ""win.gcleaner"""," ""None"""," ""95""",2026-10-02 14:50:24," ""2026-10-03 06:30:34"""," ""0"""
"""04121f81feba7762419689606f3af143e42ac86ea04b246168ac0420bfc5f797"""," ""py.rn_stealer"""," ""None"""," ""95""",2026-10-02 14:50:17," ""2026-10-03 06:30:25"""," ""0"""
"""b8884c8899f6ac4f8999c0736d04a856d3e7d9d57c775513078bd63b4bfd2d3f"""," ""win.netwire"""," ""NetWeird"," ""NetWire RC""",2026-10-02 14:50:16,"Recam"""," ""None"""
"""312cf3b93b80caeffa7c5b9b77ec505dfccb88adaffa516dc19dd5c9a140da14"""," ""win.wannacryptor"""," ""Wana Decrypt0r","Wcry""",2026-10-02 14:50:11,WannaCrypt," ""False"""
"""3d9749403fa06f24ca82efc3f9250da240c57d99163aa0121a4cb565d606b9a8"""," ""win.formbook"""," ""win.xloader"""," ""95""",2026-10-02 14:50:10," ""2026-10-03 06:30:16"""," ""0"""
"""5c6d2bdb58ca319c1c59fa0379fbc542b3fa2378f2ecbc9b334642e4a740819f"""," ""win.wannacryptor"""," ""Wana Decrypt0r","Wcry""",2026-10-02 14:50:09,WannaCrypt," ""False"""
"""03e934c4dd23a0f630dec0f3c89ac864f94629f0a4c74c1e69ff71c49588a219"""," ""win.vipkeylogger"""," ""None"""," ""95""",2026-10-02 14:50:07," ""2026-10-03 06:30:13"""," ""0"""
"""3ea15dafb800d3181d230e227623055a863c03ec8045ab96565a95f9ac057156"""," ""win.coinminer"""," ""None"""," ""95""",2026-10-02 14:50:07," ""2026-10-03 06:30:14"""," ""0"""
"""c66bc009627d9d81259a05206854f4508af42191962739801787f3f92ac182e2"""," ""win.masslogger"""," ""None"""," ""95""",2026-10-02 14:50:06," ""2026-10-03 06:30:12"""," ""0"""
"""140a2b7ff0068183429a3e7783623394f82ee2a9d0f725beedce6c54430524a2"""," ""win.formbook"""," ""win.xloader"""," ""95""",2026-10-02 14:50:04," ""2026-10-03 06:30:09"""," ""0"""
"""a8986d143b465f2c556c69288d118c46255ee45002f8e73fa9d133e121b6425c"""," ""py.stealler"""," ""None"""," ""95""",2026-10-02 14:50:03," ""2026-10-03 06:30:08"""," ""0"""
"""08cb98c815d6cd6114f4353a905ee96ee450ee212a425b3beeab5a5211d072c3"""," ""unknown_loader"""," ""None"""," ""85""",2026-10-02 12:46:14," ""2026-10-03 06:30:10""","loader"""
"""148649970ff9237136b4456bf729afe4c8986a6e705f99752d2a8081dc05c27b"""," ""unknown_loader"""," ""None"""," ""85""",2026-10-02 11:45:54," ""2026-10-03 06:30:38""","loader"""
"""9514a4a4a35e00d4b4fc5d137dd09abce68788b36547ae7124f3ce55ac26c0d6"""," ""unknown_loader"""," ""None"""," ""85""",2026-10-02 10:45:59," ""2026-10-03 06:30:18""","loader"""
"""dc45540bdad7a5ffc99dbe071dd8803aebb8b85c59b14871e33e58f9096d235d"""," ""unknown_loader"""," ""None"""," ""85""",2026-10-02 10:45:58," ""2026-10-03 06:30:26""","loader"""
"""dc17c133c5d7087e6fa11a41cbaabf7cd870b2cf982f02b2df398eb78e408229"""," ""unknown_loader"""," ""None"""," ""95""",2026-10-02 10:45:57," ""2026-10-03 06:30:21""","loader"""
"""448bb7bd702777e61ee298cc5b366813dccb872748afdf7f8d462ccd80030f85"""," ""unknown_loader"""," ""None"""," ""85""",2026-10-02 10:45:56," ""2026-10-03 06:30:19""","loader"""
"""64ecb45d56f1126d982609f4c9679e3a7db4fea47b90726e28aed6c1555e9331"""," ""unknown_loader"""," ""None"""," ""85""",2026-10-02 10:45:55," ""2026-10-03 06:30:23""","loader"""
"""14adbc5ababc074a0a890804138c8ac4c9be11a70a38456bc11ab625c2194622"""," ""unknown_loader"""," ""None"""," ""85""",2026-10-02 10:45:53," ""2026-10-03 06:30:20""","loader"""
"""4e351a3b911e9e80fbb8dbebe88128a4930ce1037d390e9bee88611499d85666"""," ""unknown_loader"""," ""None"""," ""85""",2026-10-02 09:42:53," ""2026-10-03 06:30:33""","loader"""
"""ddb3a8c2556961f8549dea60181e57081e10a017c4afb93f485fee017b3cf578"""," ""unknown_loader"""," ""None"""," ""85""",2026-10-02 09:42:51," ""2026-10-03 06:30:32""","loader"""
"""58c753e3a755b079f284207f99cc27ce4a5a382d82eabebedd006d41c1538738"""," ""unknown_loader"""," ""None"""," ""85""",2026-10-02 09:42:50," ""2026-10-03 06:30:31""","loader"""
"""566a760102b83a6b2adffded839d6bf1d02164295617fbe097f2071ae84f65de"""," ""unknown_loader"""," ""None"""," ""85""",2026-10-02 09:42:49," ""2026-10-03 06:30:27""","loader"""
"""b3dd0c64f1ac41808087fb0caa11818e0cd2b88a595fbb27a2e89b35c1ac472c"""," ""unknown_loader"""," ""None"""," ""85""",2026-10-02 09:42:48," ""2026-10-03 06:30:28""","loader"""
"""5ec36b2d19ce3ac66f9f664d3b9b9ca21b38ecdf683cc21d76e7b1fa4e58e0ed"""," ""unknown_loader"""," ""None"""," ""85""",2026-10-02 09:42:47," ""2026-10-03 06:30:30""","loader"""
"""86a88534fd8eeafa587baee15d29a58cc290dcd4ccd43d87c3903c3ebd1c1bcb"""," ""unknown_loader"""," ""None"""," ""85""",2026-10-02 08:46:05," ""2026-10-03 06:30:41""","loader"""
"""feb434b0754a004e6080c1d427a149165bc460edf918ce749f3ae413c6a45b20"""," ""unknown_loader"""," ""None"""," ""85""",2026-10-02 08:46:04," ""2026-10-03 06:30:42""","loader"""
"""666f328c34980f0b43c0181c078a909bbdfe7e8cc1efa6c2acf2b1c0778e661d"""," ""unknown_loader"""," ""None"""," ""85""",2026-10-02 08:46:03," ""2026-10-03 06:30:37""","loader"""
"""411cdaa8949f4f77502d5ffb28c5ecd854b27b10ac73c2e1009a0a81b08a33c9"""," ""unknown_loader"""," ""None"""," ""85""",2026-10-02 08:46:01," ""2026-10-03 06:30:36""","loader"""
"""0345370e70311cfab06adb18c67785c3f8377f35a66b54d0619d620434165373"""," ""unknown_loader"""," ""None"""," ""85""",2026-10-02 08:46:00," ""2026-10-03 06:30:39""","loader"""
"""47d8a0b88390349bec539db0e4323bea1e56f9afcbf5a847a0cc82e63ce55ec9"""," ""unknown_loader"""," ""None"""," ""85""",2026-10-02 08:45:59," ""2026-10-03 06:30:43""","loader"""
"""f9fc7339fe8db0e0fa7feb20403a274692f3e51cebfade3d8647b16a33b7bd8c"""," ""unknown_loader"""," ""None"""," ""85""",2026-10-02 08:45:58," ""2026-10-03 06:30:40""","loader"""
"""6cd3384dcd0e66c10af0c54916d41afe61a4b9ab411e782d0764ae3a4119329c"""," ""win.formbook"""," ""win.xloader"""," ""95""",2026-10-01 16:39:05," ""2026-10-03 06:30:57"""," ""0"""
"""d19aec3e4cdc4a3e9d59a7f535891b5d00d2cbd6cbe403800625ba5536ee4534"""," ""jar.crossrat"""," ""Trupto"""," ""95""",2026-10-01 16:39:04," ""2026-10-03 06:30:57"""," ""0"""
"""bb232b41ed862f03708c61ce55ab28da86ba548447ec9c1514f514707bf02ddc"""," ""win.salatstealer"""," ""None"""," ""95""",2026-10-01 16:39:02," ""2026-10-03 06:30:55"""," ""0"""
"""c3ef7f7f7ce806d744562555292cb7b84a9da7db22b9fed962650f82b35a6814"""," ""py.venus_stealer"""," ""None"""," ""95""",2026-10-01 16:38:56," ""2026-10-03 06:30:50"""," ""0"""
"""e35e513c61e3035adf744076de76ebd2be1c43617f73ef18abbf6079b9277a3c"""," ""py.venus_stealer"""," ""None"""," ""95""",2026-10-01 16:38:55," ""2026-10-03 06:30:50"""," ""0"""
"""18d256b404480a0f9320496069dd2eedb6c75dfaa789e9ec7a1818dc76c3b7da"""," ""win.netwire"""," ""NetWeird"," ""NetWire RC""",2026-10-01 16:38:54,"Recam"""," ""None"""
"""44bdbca84c5f19a0ffb8de604e8e1a8955df0f63ad51857ffcb221b08d8a8c31"""," ""win.vidar"""," ""None"""," ""95""",2026-10-01 16:38:54," ""2026-10-03 06:30:49"""," ""0"""
"""354db5b237b7f06e8ec3b10831795f04e6fc3dc7baac6a94b64cd2caf10a3fc8"""," ""win.netwire"""," ""NetWeird"," ""NetWire RC""",2026-10-01 16:38:53,"Recam"""," ""None"""
"""8350c8c4bbc382c9899f18095fa9abf0f12f1779ac567e6c90b9fd0618c3c053"""," ""win.netwire"""," ""NetWeird"," ""NetWire RC""",2026-10-01 16:38:52,"Recam"""," ""None"""
"""a07b557508d65a9d1ed80a9e7ccaee408aa93a26867efcb88055530c8986883e"""," ""win.netwire"""," ""NetWeird"," ""NetWire RC""",2026-10-01 16:38:51,"Recam"""," ""None"""
"""cdba0c78aaf8293ceb8455b146b2df98a8fd9d1f478d28cea36e9907072528f8"""," ""py.venus_stealer"""," ""None"""," ""95""",2026-10-01 16:38:50," ""2026-10-03 06:30:45"""," ""0"""
"""790a55c929ccdce6d34b811301121fe7ebf2a35b2fddbe8736bc582b23b91a15"""," ""win.salatstealer"""," ""None"""," ""95""",2026-10-01 15:39:13," ""2026-10-03 06:30:56""",SalatStealer
"""a7dfef28503fb5092f5114aa201943c86e65baa9c4731cb31d0047d86d8bf52c"""," ""unknown_loader"""," ""None"""," ""85""",2026-10-01 15:39:12," ""2026-10-03 06:30:51""","loader"""
"""341c21b813d923bab3221f8974d1cc592d0710247ca08aaf1b66f1ec3e0d4895"""," ""unknown_loader"""," ""None"""," ""85""",2026-10-01 15:39:11," ""2026-10-03 06:30:54""","loader"""
"""9754dc1f53c406ec8cd7f56bfaab047e81e2b08ff60cfb5c78475c318eeda47c"""," ""unknown_loader"""," ""None"""," ""85""",2026-10-01 15:39:10," ""2026-10-03 06:30:52""","loader"""
"""3f85b29753bdf5a0fa6e2bd74debb4a70f36db37e3455e3e74ecbd72ab7f29fc"""," ""unknown_loader"""," ""None"""," ""85""",2026-10-01 15:39:09," ""2026-10-03 06:30:54""","loader"""
"""4c465df5ee5184404c9ca9680e292134b3f61952098e598cc82b4c2fcc1afb47"""," ""unknown_loader"""," ""None"""," ""85""",2026-10-01 15:39:08," ""2026-10-03 06:30:53""","loader"""
"""c3c9eeb02eba86801f64f666cd2f73c163c5e4bc65f9dc05d8d03ec5aa3e7245"""," ""win.vshell"""," ""None"""," ""95""",2026-09-30 05:50:26," ""2026-10-03 06:30:59""","VShell"""
"""805f0308a791df7e8f5e504fb2fc732340ac64841bcad180b91cf0b12fbe132d"""," ""py.stealler"""," ""None"""," ""95""",2026-09-29 20:56:51," ""2026-10-03 06:30:58"""," ""0"""
"""4e278ef31f83894d66424e155d10b698be8806bc8a5d92e6688e65f34c870b26"""," ""elf.mirai"""," ""Katana"""," ""100""",2026-09-21 03:37:02," ""2026-10-04 20:58:21""","Mirai"""
"""4e9898bbc47a12fefe7cb4840f73da779b9958799f3496fc9ce8d6a69240305f"""," ""elf.mirai"""," ""Katana"""," ""100""",2026-09-21 03:36:56," ""2026-10-04 20:58:21""","Mirai"""
"""6c17b1acfdc04eeb8a421bdd498fdbfe489b45d1c345c8dc7167f7c3d6d7c38e"""," ""win.lumma"""," ""LummaC2 Stealer"""," ""50""",2025-04-02 14:50:06," ""2026-10-04 16:47:22""",lumma
"""69811fd3a031d56a72428c7f3f74573b551c2dc9b5fb827fe6740a03eae55f31"""," ""win.lumma"""," ""LummaC2 Stealer"""," ""50""",2025-04-02 14:49:48," ""2026-10-04 16:47:15""",lumma
"""6722ecfbdcf73b42e18427faee2cc233ee8927a438d981ae747a8803ca9054bb"""," ""win.lumma"""," ""LummaC2 Stealer"""," ""50""",2025-04-02 14:49:34," ""2026-10-04 16:47:09""",lumma
"""6517199f55774b2971c8af8b4eb795cc9508b0e1931b5e905582e2de906b90c7"""," ""win.lumma"""," ""LummaC2 Stealer"""," ""50""",2025-04-02 14:49:22," ""2026-10-04 16:47:04""",lumma
"""62dde2d19a0a1ebcb1d2120188ebb75f10510288afbcaf3bb76fcb9822373711"""," ""win.lumma"""," ""LummaC2 Stealer"""," ""50""",2025-04-02 14:49:08," ""2026-10-04 16:46:58""",lumma
"""606c0c66cd11ceb3ed565d05c73dad6c0798bb93518172225a6df003320fbb46"""," ""win.lumma"""," ""LummaC2 Stealer"""," ""50""",2025-04-02 14:48:52," ""2026-10-04 16:46:51""",lumma
"""59355cf275435ce5ca86700202c32e7cfa1a850b11686374638982c686f63dd8"""," ""win.lumma"""," ""LummaC2 Stealer"""," ""50""",2025-04-02 14:48:13," ""2026-10-03 04:00:42""",lumma
"""5695a75d96e56497ab5f7175d5c1da59a4565df668cb89db774eefbb5bfb6cf5"""," ""win.lumma"""," ""LummaC2 Stealer"""," ""50""",2025-04-02 14:47:55," ""2026-10-03 04:00:34""",lumma
"""550e893759da573a62c1c16144f5e8fa65e6df3eabd53c60648b9ac6748c1b8c"""," ""win.lumma"""," ""LummaC2 Stealer"""," ""50""",2025-04-02 14:47:46," ""2026-10-03 04:00:29""",lumma
"""536df3a39899dec8c749ef790bc7d55c8dc60052555c74fa2ed1f8518a2180eb"""," ""win.lumma"""," ""LummaC2 Stealer"""," ""50""",2025-04-02 14:47:37," ""2026-10-03 04:00:23""",lumma
"""50ca2730d4feb93b8d6cf986a86b34912d83c10dd7d7259d3538d415c904af73"""," ""win.lumma"""," ""LummaC2 Stealer"""," ""50""",2025-04-02 14:47:19," ""2026-10-03 04:00:15""",lumma
"""602d10d51dbe982c7734ea506d7bde39e55cca7a183f5356f640b473bbcd729b"""," ""win.mimikatz"""," ""None"""," ""50""",2025-03-17 17:37:27," ""2026-10-04 16:46:50"""," ""0"""
"""6ad3cc48fe9e71640c1b3b08ae7363271465e126dd412efbd5bf18cc5bbf709c"""," ""win.asyncrat"""," ""None"""," ""100""",2025-01-20 14:59:15," ""2026-10-04 16:47:19"""," ""0"""
"""5883d006fa7bc455ce2dc1260b18100c1a9e89c9a5357b2b7991eb9f2c15b66b"""," ""win.phemedrone_stealer"""," ""Ov3r_Stealer"""," ""75""",2024-11-06 16:24:51," ""2026-10-03 04:00:39"""," ""0"""
"""51552a74328121819417b703ca2015a8c0b21b690603824101058aa556d926a1"""," ""win.asyncrat"""," ""None"""," ""95""",2024-09-23 06:31:23," ""2026-10-03 04:00:16"""," ""0"""
"""57d8364e9b83c591614899eaf932214b094a1d07370ac32d562936eaf2cf5e21"""," ""win.njrat"""," ""Bladabindi"," ""2026-10-03 04:00:37""",2024-09-15 04:48:40," ""NjRAT"""," ""None"""
"""6727531f7919f61fa1953ffbaf7e4067d4635b8123986c1ae2eeb4214ad99691"""," ""win.asyncrat"""," ""None"""," ""95""",2024-09-03 20:10:09," ""2026-10-04 16:47:09"""," ""0"""
"""6bb2386101837fd4e8a32018f2d8ec5bbd646bef9a5513783f782fe2ae1ff3e0"""," ""win.asyncrat"""," ""None"""," ""95""",2024-08-26 17:44:38," ""2026-10-04 16:47:21"""," ""0"""
"""6247f894dd125112dbd9f9f9414b3ca0788c1de302e806e32022354be7b19aba"""," ""win.redline_stealer"""," ""RECORDSTEALER"""," ""95""",2024-08-24 02:08:17," ""2026-10-04 16:46:57"""," ""0"""
"""66d815d755886b1ee38e68d899503249768b8dcf9008d35c8fa89fa35e44141d"""," ""win.asyncrat"""," ""None"""," ""95""",2024-08-21 00:57:39," ""2026-10-04 16:47:09"""," ""0"""
"""56d98688e5aa501787a31e98f9666b80002bb692e793257bb3a6f6f9cace8278"""," ""win.asyncrat"""," ""None"""," ""95""",2024-08-07 21:56:19," ""2026-10-03 04:00:34"""," ""0"""
"""6475637fff05177a05bf6e84301c09492f21766ea3ba0068f3f70c4d0d886a9e"""," ""win.sombrat"""," ""None"""," ""95""",2024-08-04 20:40:25," ""2026-10-04 16:47:03"""," ""0"""
"""50ce164844684892d697f16bc194d82841e4c1b951609d12bc26cab8b028192e"""," ""win.asyncrat"""," ""None"""," ""95""",2024-08-04 20:40:08," ""2026-10-03 04:00:15"""," ""0"""
"""64539c58f1e8babc9f0e58212a8db5ef4242156da46471372e2b86460620e00c"""," ""win.asyncrat"""," ""None"""," ""95""",2024-08-02 21:03:21," ""2026-10-04 16:47:02"""," ""0"""
"""5dc26c504cc3b9c5bf1150e0b6a577ee75ca878f24a47269f72c933697049635"""," ""win.asyncrat"""," ""None"""," ""95""",2024-07-29 22:01:13," ""2026-10-03 04:00:56"""," ""0"""
"""510c31a30c94c1d46332356d8d4cf24171f3969c8d05e3dcecb492faa12fdc66"""," ""win.sombrat"""," ""None"""," ""95""",2024-07-09 18:07:38," ""2026-10-03 04:00:15"""," ""0"""
"""63025373262924d8cf6755fc359fa04b19124e88dc8bd62b191ff8638be9f9fc"""," ""win.asyncrat"""," ""None"""," ""95""",2024-07-02 03:47:06," ""2026-10-04 16:46:58"""," ""0"""
"""5b225235d021e0bd9075a79ed7eeaa67e3a360ba9de6c4d2db3ee23026a26a2d"""," ""win.amadey"""," ""None"""," ""95""",2024-06-22 14:49:51," ""2026-10-03 04:00:48"""," ""0"""
"""6a455e9b962aa68ed3b1261574b2f341137109b103c01f7efc53946ffd8eeefe"""," ""win.asyncrat"""," ""None"""," ""95""",2024-06-15 16:16:18," ""2026-10-04 16:47:17"""," ""0"""
"""5eef5607e73cbe3b62c0c4adf6ea924acc471de57e86f3f0b66fe8320d3fcdc9"""," ""win.asyncrat"""," ""None"""," ""95""",2024-06-05 15:48:46," ""2026-10-03 04:01:00"""," ""0"""
"""5da346ba54f3af86096bb94eb0de7704011122cdeeb02380c586c8701407c2a9"""," ""win.sombrat"""," ""None"""," ""95""",2024-05-28 15:51:21," ""2026-10-03 04:00:56"""," ""0"""
"""5b3c7b80d6a07bf5b1be5b4fc1085978277b4ff5cecb0e7e795b850ce74cdbb0"""," ""win.sombrat"""," ""None"""," ""95""",2024-05-28 15:51:18," ""2026-10-03 04:00:48"""," ""0"""
"""560917a6881bc30c1436f8fb95705b00645773aa091c46083a6cea3b00a0949b"""," ""win.sombrat"""," ""None"""," ""95""",2024-05-23 15:21:46," ""2026-10-03 04:00:32"""," ""0"""
"""5258282aa100642965f9ba334fbdf5c272f8ccaab5b295580b1f57581a7851ac"""," ""win.sombrat"""," ""None"""," ""95""",2024-05-13 16:34:18," ""2026-10-03 04:00:19"""," ""0"""
"""5732fcff80daf0db8287f1ea253768b8644b22464b9dbbf10e188b306afaf47c"""," ""win.venom"""," ""None"""," ""100""",2024-05-08 15:54:09," ""2026-10-03 04:00:35"""," ""0"""
"""64f373211953aa5e294e9d7dee8dee07866ceb7fa944f8c5845792489433afb6"""," ""win.asyncrat"""," ""None"""," ""95""",2024-05-04 17:44:01," ""2026-10-04 16:47:04"""," ""0"""
"""512eae984c0fd479fdcd2f73253fc52adeed18d104dff390b5b9563b3ca8dff5"""," ""win.njrat"""," ""Bladabindi"," ""2026-10-03 04:00:16""",2024-04-28 18:41:14," ""NjRAT"""," ""None"""
"""5d6a67ab649ed8610da623191e8925e4804c9d0eb424b8f50be64b20c098a890"""," ""win.asyncrat"""," ""None"""," ""95""",2024-04-25 15:22:28," ""2026-10-03 04:00:55"""," ""0"""
"""579e4bed80ab4cd2e7db5bd545bc4e32a671e64b16256e74597c488c90c31725"""," ""win.asyncrat"""," ""None"""," ""95""",2024-04-21 19:54:35," ""2026-10-03 04:00:37"""," ""0"""
"""6df5a6787c28c8d0568d6286ea2723fad317f6f42e796f4ac7f72a6db63925d3"""," ""win.asyncrat"""," ""None"""," ""95""",2024-04-20 18:30:54," ""2026-10-04 16:47:27"""," ""0"""
"""69752d14fe08b0affcd7dc893f25b9a2d396b1b39f0b2ff9879bba04cc7ba95c"""," ""win.asyncrat"""," ""None"""," ""95""",2024-04-09 17:48:51," ""2026-10-04 16:47:15"""," ""0"""
"""547c07702129ea5e0ae2fb48e841c74ce957a4fa3f1c3742e588fe84c494232b"""," ""win.zgrat"""," ""None"""," ""95""",2024-04-02 15:47:17," ""2026-10-03 04:00:26"""," ""0"""
"""68e494c702789bcab12260ded73112ff54f2228a9865f57f20b901d9ba0561f3"""," ""win.asyncrat"""," ""None"""," ""50""",2023-12-06 18:39:22," ""2026-10-04 16:47:14""",EXE
"""5432086daa9ec74b311002f8cf2d9c110414b342366941fda6732a7a264562c0"""," ""win.dcrat"""," ""DarkCrystal RAT"""," ""50""",2023-02-02 22:55:14," ""2026-10-03 04:00:25"""," ""0"""
"""68ea91f5203fb365e373f3325f2388db0d3f83237381548418f92af5659b8d64"""," ""win.asyncrat"""," ""None"""," ""50""",2022-11-21 05:00:13," ""2026-10-04 16:47:14"""," ""0"""
"""5d7cd06f61d27d5b9820b0b9ce74f0d69a7eac63aebfc928e0fda7528b609877"""," ""win.dcrat"""," ""DarkCrystal RAT"""," ""50""",2022-10-27 21:49:12," ""2026-10-03 04:00:56"""," ""0"""
"""5481ef1f75fb814f444ae24669f2b20848ef88e5be7998939b43e18982a8d1fb"""," ""win.dcrat"""," ""DarkCrystal RAT"""," ""50""",2022-10-27 21:49:10," ""2026-10-03 04:00:26"""," ""0"""
"""627b7c9576e2d1b6316438f80ed8f6da58a0f48fb5b09361510a2e29b95e1a22"""," ""win.dcrat"""," ""DarkCrystal RAT"""," ""50""",2022-10-27 21:48:54," ""2026-10-04 16:46:57"""," ""0"""
"""6659c7a1e89ce896ac616abf1cf6068381954c8c35b18a9d1fd24690ca9c4d3c"""," ""win.asyncrat"""," ""None"""," ""50""",2022-07-14 20:37:40," ""2026-10-04 16:47:07"""," ""0"""
"""5bc250fe115f0af94d9d57840c5aa4ddc91b5c3f4100edba4e154cd438e8d682"""," ""win.asyncrat"""," ""None"""," ""50""",2022-02-22 04:58:49," ""2026-10-03 04:00:50"""," ""0"""
"""606d1a71155166d911f3888b202c613633472cec9cdeae9d4a333af77d1d71f7"""," ""win.asyncrat"""," ""None"""," ""50""",2022-01-11 09:45:35," ""2026-10-04 16:46:51"""," ""0"""
"""5bcc4adc07ee34b43752fb0fb97b1ab8291e0a840f77ff0895a49965cf3638c2"""," ""win.asyncrat"""," ""None"""," ""50""",2022-01-11 09:45:30," ""2026-10-03 04:00:50"""," ""0"""
"""53173bd6c646d3f4a8404d0f508caa27fb4ab7a3c2df3e4fe3912bfaa94093c3"""," ""win.asyncrat"""," ""None"""," ""50""",2022-01-06 21:45:27," ""2026-10-03 04:00:22"""," ""0"""
"""660524dc1fe8ee568494c8f11a7da5e55111cb629f98e2b1ee8295c83c025ae3"""," ""win.asyncrat"""," ""None"""," ""50""",2021-12-27 17:47:30," ""2026-10-04 16:47:07"""," ""0"""
"""5a795b61061d87a5f65f45399e9ac79d6ae79eecc5e90ddf780fef895c5f4c38"""," ""win.asyncrat"""," ""None"""," ""50""",2021-12-27 12:15:30," ""2026-10-03 04:00:46"""," ""0"""
"""608e60e4a09dab9537b70b34a5497e8fd885449a8b3789d8f7412d29ea91387e"""," ""win.asyncrat"""," ""None"""," ""50""",2021-12-22 16:45:28," ""2026-10-04 16:46:52"""," ""0"""
"""5783c118fc01c32cd3186ef276ce672325c422dd19a919e16bea8e9537a775ff"""," ""win.asyncrat"""," ""None"""," ""50""",2021-12-14 12:30:29," ""2026-10-03 04:00:36"""," ""0"""
"""6a3177ceb6bcb0f5c688e9b8458fe77647cbd369d1d9d8749dcb92653504783a"""," ""win.asyncrat"""," ""None"""," ""50""",2021-12-07 13:45:58," ""2026-10-04 16:47:17"""," ""0"""
"""67a13835e5ecc245999490a2c7f8b2db4df2e5f6f818db5e652cc3d1403fc96c"""," ""win.asyncrat"""," ""None"""," ""50""",2021-11-30 02:30:28," ""2026-10-04 16:47:10"""," ""0"""
"""5639c11ec67442443212c1b9771cf3462670e03f1116d0caca38dae306491de4"""," ""win.asyncrat"""," ""None"""," ""50""",2021-10-29 12:06:31," ""2026-10-03 04:00:33"""," ""0"""
"""52a57642d721d85e97220d68d11effde6a183cd29f18c512c9de7e41b080ced5"""," ""win.asyncrat"""," ""None"""," ""50""",2021-10-26 11:15:30," ""2026-10-03 04:00:20"""," ""0"""
"""5d646368153b1186cef48e420d1022e9de2338af960ec27c9ce84efa01843ece"""," ""win.asyncrat"""," ""None"""," ""50""",2021-10-26 11:15:28," ""2026-10-03 04:00:55"""," ""0"""
"""5ac1aaab0a81080aa92df2e4244391805d0eb5134e69e8353fb6eb942eae095e"""," ""win.asyncrat"""," ""None"""," ""50""",2021-10-17 22:45:28," ""2026-10-03 04:00:47"""," ""0"""
"""5f2ff12584a99c9720d27bf219ec4691f80ea258d71e391ca28f4590f360a775"""," ""win.asyncrat"""," ""None"""," ""50""",2021-10-12 16:30:24," ""2026-10-04 16:46:47"""," ""0"""
"""58cac4ef6c2a2c25e3a50ea093f3bc90933f046f76c14235b70cf6caf1bfd9ca"""," ""win.asyncrat"""," ""None"""," ""50""",2021-10-12 11:00:28," ""2026-10-03 04:00:40"""," ""0"""
"""52688b2d7ff1b147902bb6eade2be7d52e27efb10f318ede17e05eb398386cac"""," ""win.asyncrat"""," ""None"""," ""50""",2021-09-29 12:00:23," ""2026-10-03 04:00:20"""," ""0"""
"""665dc88a9cccd536d40ac75c3eb23de8d1d5e95aee504f0ce31f4b31db81d468"""," ""win.amadey"""," ""None"""," ""50""",2021-09-28 23:15:35," ""2026-10-04 16:47:07"""," ""0"""
"""6cb7a3e482afc1a30701c735969938c401fc0ad82a19cb5598d06e56c5abb775"""," ""win.agent_tesla"""," ""AgenTesla"," ""Agent Tesla""",2021-09-27 06:42:37,"Negasteal"""," ""https://twitter.com/RedBeardIOCs/status/1442379102925824000"""
"""54ae0e0563199dcbe04721c30f456e454a3aa5c4fdc076f93cecb2da27b21cc7"""," ""win.asyncrat"""," ""None"""," ""50""",2021-09-24 10:30:37," ""2026-10-03 04:00:27"""," ""0"""
"""6a8e8a128fdcb667d738763ed93b347cd14642059245283acdac17dcdc2c1ccf"""," ""win.asyncrat"""," ""None"""," ""50""",2021-09-22 16:45:26," ""2026-10-04 16:47:18"""," ""0"""
"""694f1fbb561908c9ec6de31247da72000714adb53cba81f4d03d4b9ecb99a7e8"""," ""win.agent_tesla"""," ""AgenTesla"," ""Agent Tesla""",2021-09-22 04:42:31,"Negasteal"""," ""https://twitter.com/RedBeardIOCs/status/1440536938218360839"""
"""55b1523e368cdb0366a68b0fd883906d1b6788388eeca389d55a45afd01605e3"""," ""win.asyncrat"""," ""None"""," ""50""",2021-09-20 16:02:45," ""2026-10-03 04:00:31"""," ""0"""
"""62379a86fa09b99154d4c125dd89ce9944b81e4663767cce7387e9e675e9649c"""," ""win.asyncrat"""," ""None"""," ""50""",2021-09-17 10:15:32," ""2026-10-04 16:46:56"""," ""0"""
"""63ad26785311d859f4875aaaacd8498fe8f9159e165b4dd8ea4a6512d47aab11"""," ""win.asyncrat"""," ""None"""," ""50""",2021-09-02 20:00:26," ""2026-10-04 16:47:00"""," ""0"""
"""5d3d32ee309bc3687631ad92beab3b5d3490318b969d4e9ba72d6b1c985ffe87"""," ""win.asyncrat"""," ""None"""," ""50""",2021-09-02 18:30:28," ""2026-10-03 04:00:55"""," ""0"""
"""51a4040b5a34697ed83cd29662b0195713257b8e64499fec53da25cc83581c91"""," ""win.asyncrat"""," ""None"""," ""50""",2021-08-31 10:15:32," ""2026-10-03 04:00:17"""," ""0"""
"""5c6fd619b143f3ea979dd575eb19d44f4ca6a85cd7037a1118bbc8930f6303b0"""," ""win.asyncrat"""," ""None"""," ""50""",2021-08-31 00:30:32," ""2026-10-03 04:00:52"""," ""0"""
"""548b9ca933b2acc83144abcb354fadfadc4e15861c7623352be55faea64851a4"""," ""win.asyncrat"""," ""None"""," ""50""",2021-08-29 20:30:37," ""2026-10-03 04:00:26"""," ""0"""
"""63e4d45c7fce9de0b78e2bc09df98ffe29ac6ca9e36f247977fa37415b8da13a"""," ""win.asyncrat"""," ""None"""," ""50""",2021-08-26 02:00:29," ""2026-10-04 16:47:01"""," ""0"""
"""6034df19af145c0f4c222c8ca73ecf6ea81d0be52fee85fa6def13beb5f2608a"""," ""win.asyncrat"""," ""None"""," ""50""",2021-08-20 16:00:35," ""2026-10-04 16:46:50"""," ""0"""
"""61cb3345fb32835c6be148fbcd92812c80cc168affea782936055ff62ca4dd4b"""," ""win.nanocore"""," ""Nancrat"," ""2026-10-04 16:46:55""",2021-08-16 12:03:59," ""Nanocore RAT"""," ""None"""
"""6693e9ce0848fe351b1df785a7540ec3bc1950fd698977cdd8cde1b3d4f19681"""," ""win.asyncrat"""," ""None"""," ""50""",2021-08-04 17:40:17," ""2026-10-04 16:47:08"""," ""0"""
"""651f327c88cf88eec347ac50c7d8e30c17c6bb99743b3962ceb7dcfae6294adb"""," ""win.asyncrat"""," ""None"""," ""50""",2021-07-31 07:00:38," ""2026-10-04 16:47:05"""," ""0"""
"""523110e3cb2270e27ac155a73ea6491a46ac6c8ef80f5d0172714298306415b4"""," ""win.asyncrat"""," ""None"""," ""50""",2021-07-23 08:00:24," ""2026-10-03 04:00:19"""," ""0"""
"""57e0a1b72afc30a7d05c10d55a98b2e83dae521f7e7a5b172283d128fdb0cfb5"""," ""win.asyncrat"""," ""None"""," ""50""",2021-07-08 14:00:42," ""2026-10-03 04:00:37"""," ""0"""
"""6476d20efbafc2f125919f44a3e70e27e70812f68963c7c3e31f1ce7afe414d0"""," ""win.asyncrat"""," ""None"""," ""50""",2021-07-01 13:00:23," ""2026-10-04 16:47:03"""," ""0"""
"""6b664d6b89eabbac55c8927fa29d2669ba629a40f1abbf12d76f8d9b14e4facb"""," ""win.asyncrat"""," ""None"""," ""50""",2021-06-29 21:00:25," ""2026-10-04 16:47:20"""," ""0"""
"""51a9ec00920e2f5b63dd9b86f7ed6930e75e6e33dad3079645da55e81306b58c"""," ""win.asyncrat"""," ""None"""," ""50""",2021-06-28 03:00:26," ""2026-10-03 04:00:17"""," ""0"""
"""5993f021fb526d76a35f261cd10a75d2c7bf7fc687f5c6bdccbd81f99436f421"""," ""win.asyncrat"""," ""None"""," ""50""",2021-06-22 08:00:27," ""2026-10-03 04:00:43"""," ""0"""
"""52f29bb6b2e4e99819f6bfa47145f13c26c1dcb2a0f88e1833435bd14195c88c"""," ""win.asyncrat"""," ""None"""," ""50""",2021-06-21 21:30:23," ""2026-10-03 04:00:21"""," ""0"""
"""694e711ba8242d75432fd704b886fe18d38269bf9534cbaf825d127d9ccc6668"""," ""win.asyncrat"""," ""None"""," ""50""",2021-06-14 17:30:25," ""2026-10-04 16:47:15"""," ""0"""
"""5e10b13c7ddc3ebc3165d2860a6ac93a0b32018e66fdc883fb23cbc6fab1e815"""," ""win.asyncrat"""," ""None"""," ""50""",2021-06-13 13:30:36," ""2026-10-03 04:00:57"""," ""0"""
"""6c9d744a929a0e67b79dbb669cf8be1ac357b0e8eb75074ace81fa90857e5552"""," ""win.asyncrat"""," ""None"""," ""50""",2021-06-09 04:30:08," ""2026-10-04 16:47:24"""," ""0"""
"""62865f934bf51228f9d69c87146fc1a0b4a9eba626f0f74bff4f6ecf34df1020"""," ""win.asyncrat"""," ""None"""," ""50""",2021-06-08 07:02:00," ""2026-10-04 16:46:57"""," ""0"""
"""61da0fc772ef70a4c13d6697f9242a2143aaabfa6a5e1e7528a37b682f818ec4"""," ""win.asyncrat"""," ""None"""," ""50""",2021-06-07 19:00:27," ""2026-10-04 16:46:55"""," ""0"""
"""6cfc4645669e0a0da0bec32b6099b13a0f907a8d54e7382dbaa0e27ed23f3ae6"""," ""win.asyncrat"""," ""None"""," ""50""",2021-06-07 02:30:25," ""2026-10-04 16:47:25"""," ""0"""
"""59c8046d5881928e5a24722e97f5fb8a480b6039728c0e31062c62b82eca75bb"""," ""win.asyncrat"""," ""None"""," ""50""",2021-06-04 08:00:33," ""2026-10-03 04:00:44"""," ""0"""
"""53c65fc1c8d98aafd58dd6bcf3409b6b3518ac35d87a980582791ba18ebf24dc"""," ""win.asyncrat"""," ""None"""," ""50""",2021-06-04 08:00:33," ""2026-10-03 04:00:24"""," ""0"""
"""5e8060c8e315178ae217fbe684e933115836e6537c13de818f4120760a6368c0"""," ""win.asyncrat"""," ""None"""," ""50""",2021-05-31 15:00:32," ""2026-10-03 04:00:58"""," ""0"""
"""517aa4a798cd785cae7bd9722bd79a0f85eadc7a3e9dbfa24440348df4ef7c7c"""," ""win.asyncrat"""," ""None"""," ""50""",2021-05-29 13:00:34," ""2026-10-03 04:00:17"""," ""0"""
"""6c3b8f706293d8462261afe66048575af6798cd0ebaec43f77a742609be0f869"""," ""win.asyncrat"""," ""None"""," ""50""",2021-05-17 04:30:32," ""2026-10-04 16:47:23"""," ""0"""
"""5ad5fa509f23d492a61f755aa1f2295e65400e2b500ab876a1714ae805a9b14b"""," ""win.asyncrat"""," ""None"""," ""50""",2021-05-13 08:00:24," ""2026-10-03 04:00:47"""," ""0"""
"""5bfb8b465cef04e54039934a635687f1595175a347529190785fd08ddc0a9d4c"""," ""win.asyncrat"""," ""None"""," ""50""",2021-05-12 13:30:32," ""2026-10-03 04:00:51"""," ""0"""
"""617aa92e831cdacf856b50cc3e2ffadfa1dc75ece61992caa1b44dcaa14fcfa0"""," ""win.asyncrat"""," ""None"""," ""50""",2021-05-11 18:30:23," ""2026-10-04 16:46:54"""," ""0"""
"""6bd0f63d69ebaa8e28b21e9b0f5c02e05c1213535b2881d080db1d09082e9f1d"""," ""win.asyncrat"""," ""None"""," ""50""",2021-05-05 11:00:26," ""2026-10-04 16:47:22"""," ""0"""
"""5a07afab2821db456cbe3b3331fa08e36dc050ceb3cfe71fa79c9a6c3e429626"""," ""win.asyncrat"""," ""None"""," ""50""",2021-05-05 10:14:52," ""2026-10-03 04:00:44"""," ""0"""
"""6bf8ef27f2e20321285a040f1d83aea29d2cc2c58f508bf75abf929ddf5a2df0"""," ""win.asyncrat"""," ""None"""," ""50""",2021-05-02 00:52:27," ""2026-10-04 16:47:22"""," ""0"""
"""6b22e40ed6db87cd31bfcea12fd166455e7cf940efd2d476c46e0b3b3d33d608"""," ""win.asyncrat"""," ""None"""," ""50""",2021-04-17 14:50:45," ""2026-10-04 16:47:20"""," ""0"""
